BSLLanguageServer,BSLTextDocumentService
BSLLanguageServer,BSLWorkspaceService
BSLLanguageServer,ClientCapabilitiesHolder
BSLLanguageServer,LanguageServerConfiguration
BSLLanguageServer,CodeLensOptions
BSLLanguageServer,DocumentLinkOptions
BSLLanguageServer,ServerContext
BSLLanguageServer,DiagnosticParams
BSLLanguageServer,Diagnostics
BSLLanguageServer,ProtocolExtension
BSLLanguageServer,CallHierarchyProvider
BSLLanguageServer,CodeActionProvider
BSLLanguageServer,CodeLensProvider
BSLLanguageServer,ColorProvider
BSLLanguageServer,DefinitionProvider
BSLLanguageServer,DocumentLinkProvider
BSLLanguageServer,DocumentSymbolProvider
BSLLanguageServer,FoldingRangeProvider
BSLLanguageServer,HoverProvider
BSLLanguageServer,ReferencesProvider
BSLLanguageServer,SelectionRangeProvider
BSLLanguageServer,SymbolProvider
BSLLanguageServer,Configuration
BSLLanguageServer,Configuration
BSLLSBinding,LanguageServerConfiguration
BSLLSBinding,ServerContext
BSLLSBinding,DiagnosticInfo
BSLLSBinding,Configuration
BSLLSBinding,Configuration
BSLTextDocumentService,LanguageServerConfiguration
BSLTextDocumentService,DiagnosticsOptions
BSLTextDocumentService,DocumentContext
BSLTextDocumentService,ServerContext
BSLTextDocumentService,Data
BSLTextDocumentService,Symbol
BSLTextDocumentService,DiagnosticParams
BSLTextDocumentService,Diagnostics
BSLTextDocumentService,ProtocolExtension
BSLTextDocumentService,CallHierarchyProvider
BSLTextDocumentService,CodeActionProvider
BSLTextDocumentService,CodeLensProvider
BSLTextDocumentService,ColorProvider
BSLTextDocumentService,DefinitionProvider
BSLTextDocumentService,DiagnosticProvider
BSLTextDocumentService,DocumentLinkProvider
BSLTextDocumentService,DocumentSymbolProvider
BSLTextDocumentService,FoldingRangeProvider
BSLTextDocumentService,FormatProvider
BSLTextDocumentService,HoverProvider
BSLTextDocumentService,ReferencesProvider
BSLTextDocumentService,SelectionRangeProvider
BSLTextDocumentService,SymbolProvider
BSLTextDocumentService,Location
BSLTextDocumentService,Symbol
BSLTextDocumentService,Location
BSLTextDocumentService,Ranges
BSLTextDocumentService,Configuration
BSLTextDocumentService,Configuration
BSLWorkspaceService,LanguageServerConfiguration
BSLWorkspaceService,SymbolProvider
BSLWorkspaceService,Configuration
BSLWorkspaceService,Configuration
ParentProcessWatcher,LanguageServerInitializeRequestReceivedEvent
AspectJConfiguration,EventPublisherAspect
AspectJConfiguration,MeasuresAspect
AspectJConfiguration,ConditionalOnMeasuresEnabled
AspectJConfiguration,Configuration
AspectJConfiguration,Configuration
EventPublisherAspect,LanguageServerConfiguration
EventPublisherAspect,LanguageServerConfigurationChangedEvent
EventPublisherAspect,DocumentContext
EventPublisherAspect,DocumentContextContentChangedEvent
EventPublisherAspect,LanguageServerInitializeRequestReceivedEvent
EventPublisherAspect,Configuration
EventPublisherAspect,Configuration
MeasuresAspect,MeasureCollector
MeasuresAspect,DocumentContext
MeasuresAspect,ServerContext
MeasuresAspect,SymbolTree
MeasuresAspect,BSLDiagnostic
MeasuresAspect,Configuration
MeasuresAspect,Configuration
Pointcuts,LanguageServerConfiguration
Pointcuts,DocumentContext
Pointcuts,ServerContext
Pointcuts,BSLDiagnostic
Pointcuts,Scope
Pointcuts,Configuration
Pointcuts,Configuration
DocumentContextLazyDataMeasurer,MeasureCollector
DocumentContextLazyDataMeasurer,ComplexityData
DocumentContextLazyDataMeasurer,Data
DocumentContextLazyDataMeasurer,DocumentContextContentChangedEvent
DocumentContextLazyDataMeasurer,SymbolTree
VertexVisitor,AbstractCfgVisitor
VertexVisitor,CfgVertex
EdgeVisitor,AbstractCfgVisitor
EdgeVisitor,VertexVisitor
EdgeVisitor,BasicBlockVertex
EdgeVisitor,BranchingVertex
EdgeVisitor,CfgEdge
EdgeVisitor,CfgVertex
EdgeVisitor,ConditionalVertex
EdgeVisitor,ControlFlowGraph
EdgeVisitor,ExitVertex
EdgeVisitor,ForeachLoopVertex
EdgeVisitor,ForLoopVertex
EdgeVisitor,LabelVertex
EdgeVisitor,LoopVertex
EdgeVisitor,TryExceptVertex
EdgeVisitor,WhileLoopVertex
BasicBlockVertex,CfgVertex
BranchingVertex,CfgVertex
CfgBuildingParseTreeVisitor,BasicBlockVertex
CfgBuildingParseTreeVisitor,CfgVertex
CfgBuildingParseTreeVisitor,ConditionalVertex
CfgBuildingParseTreeVisitor,ControlFlowGraph
CfgBuildingParseTreeVisitor,ExitVertex
CfgBuildingParseTreeVisitor,ForeachLoopVertex
CfgBuildingParseTreeVisitor,ForLoopVertex
CfgBuildingParseTreeVisitor,LabelVertex
CfgBuildingParseTreeVisitor,LoopVertex
CfgBuildingParseTreeVisitor,PreprocessorConditionVertex
CfgBuildingParseTreeVisitor,StatementsBlockWriter
CfgBuildingParseTreeVisitor,JumpInformationRecord
CfgBuildingParseTreeVisitor,StatementsBlockRecord
CfgBuildingParseTreeVisitor,TryExceptVertex
CfgBuildingParseTreeVisitor,WhileLoopVertex
ConditionalVertex,BranchingVertex
ControlFlowGraph,CfgEdge
ControlFlowGraph,CfgVertex
ControlFlowGraph,ExitVertex
ControlFlowGraphWalker,CfgEdge
ControlFlowGraphWalker,CfgVertex
ControlFlowGraphWalker,ControlFlowGraph
ExitVertex,CfgVertex
ForeachLoopVertex,LoopVertex
ForLoopVertex,LoopVertex
LabelVertex,CfgVertex
LoopVertex,BranchingVertex
PreprocessorConditionVertex,BranchingVertex
StatementsBlockWriter,CfgVertex
StatementsBlockWriter,JumpInformationRecord
JumpInformationRecord,BasicBlockVertex
JumpInformationRecord,CfgVertex
JumpInformationRecord,StatementsBlockRecord
TryExceptVertex,BranchingVertex
WhileLoopVertex,LoopVertex
ReportersKeys,LanguageServerConfiguration
ReportersKeys,MetricStorage
ReportersKeys,ServerContext
ReportersKeys,Data
ReportersKeys,Diagnostics
ReportersKeys,Reference
ReportersKeys,ReportersAggregator
ReportersKeys,AnalysisInfo
ReportersKeys,FileInfo
ReportersKeys,Configuration
ReportersKeys,Configuration
FormatCommand,ServerContext
FormatCommand,FormatProvider
LanguageServerStartCommand,LanguageServerConfiguration
LanguageServerStartCommand,Configuration
LanguageServerStartCommand,Configuration
FileAwarePrintWriter,LanguageServerConfigurationChangedEvent
LanguageServerLauncherConfiguration,FileAwarePrintWriter
LanguageServerLauncherConfiguration,Configuration
LanguageServerLauncherConfiguration,Configuration
AbstractQuickFixSupplier,LightDiagnostic
AbstractQuickFixSupplier,CodeActionSupplier
AbstractQuickFixSupplier,QuickFixSupplier
AbstractQuickFixSupplier,DocumentContext
AbstractQuickFixSupplier,Diagnostics
CodeActionSupplier,DocumentContext
DisableDiagnosticTriggeringSupplier,CodeActionSupplier
DisableDiagnosticTriggeringSupplier,LanguageServerConfiguration
DisableDiagnosticTriggeringSupplier,DocumentContext
DisableDiagnosticTriggeringSupplier,Diagnostics
DisableDiagnosticTriggeringSupplier,Ranges
DisableDiagnosticTriggeringSupplier,Resources
DisableDiagnosticTriggeringSupplier,Configuration
DisableDiagnosticTriggeringSupplier,Configuration
FixAllCodeActionSupplier,AbstractQuickFixSupplier
FixAllCodeActionSupplier,CodeActionSupplier
FixAllCodeActionSupplier,QuickFixSupplier
FixAllCodeActionSupplier,DocumentContext
FixAllCodeActionSupplier,QuickFixProvider
FixAllCodeActionSupplier,Diagnostics
GenerateStandardRegionsSupplier,CodeActionSupplier
GenerateStandardRegionsSupplier,LanguageServerConfiguration
GenerateStandardRegionsSupplier,DocumentContext
GenerateStandardRegionsSupplier,ServerContext
GenerateStandardRegionsSupplier,SymbolTree
GenerateStandardRegionsSupplier,Diagnostics
GenerateStandardRegionsSupplier,Regions
GenerateStandardRegionsSupplier,Configuration
GenerateStandardRegionsSupplier,Configuration
QuickFixCodeActionSupplier,AbstractQuickFixSupplier
QuickFixCodeActionSupplier,CodeActionSupplier
QuickFixCodeActionSupplier,QuickFixSupplier
QuickFixCodeActionSupplier,DocumentContext
QuickFixCodeActionSupplier,QuickFixProvider
QuickFixSupplier,BSLDiagnostic
QuickFixSupplier,QuickFixProvider
QuickFixSupplier,DiagnosticObjectProvider
QuickFixSupplier,DiagnosticCode
QuickFixSupplier,DiagnosticInfo
AbstractMethodComplexityCodeLensSupplier,ComplexityCodeLensData
AbstractMethodComplexityCodeLensSupplier,CodeLensData
AbstractMethodComplexityCodeLensSupplier,CodeLensSupplier
AbstractMethodComplexityCodeLensSupplier,LanguageServerConfiguration
AbstractMethodComplexityCodeLensSupplier,CodeLensOptions
AbstractMethodComplexityCodeLensSupplier,DocumentContext
AbstractMethodComplexityCodeLensSupplier,Data
AbstractMethodComplexityCodeLensSupplier,MethodSymbol
AbstractMethodComplexityCodeLensSupplier,Symbol
AbstractMethodComplexityCodeLensSupplier,SymbolTree
AbstractMethodComplexityCodeLensSupplier,Symbol
AbstractMethodComplexityCodeLensSupplier,Resources
AbstractMethodComplexityCodeLensSupplier,Configuration
AbstractMethodComplexityCodeLensSupplier,Configuration
ComplexityCodeLensData,CodeLensData
ComplexityCodeLensData,DefaultCodeLensData
ComplexityCodeLensData,Data
CodeLensData,Data
CodeLensSupplier,CodeLensData
CodeLensSupplier,DocumentContext
CodeLensSupplier,Data
CognitiveComplexityCodeLensSupplier,AbstractMethodComplexityCodeLensSupplier
CognitiveComplexityCodeLensSupplier,CodeLensSupplier
CognitiveComplexityCodeLensSupplier,LanguageServerConfiguration
CognitiveComplexityCodeLensSupplier,DocumentContext
CognitiveComplexityCodeLensSupplier,ComplexityData
CognitiveComplexityCodeLensSupplier,Data
CognitiveComplexityCodeLensSupplier,MethodSymbol
CognitiveComplexityCodeLensSupplier,Symbol
CognitiveComplexityCodeLensSupplier,Symbol
CognitiveComplexityCodeLensSupplier,Configuration
CognitiveComplexityCodeLensSupplier,Configuration
CyclomaticComplexityCodeLensSupplier,AbstractMethodComplexityCodeLensSupplier
CyclomaticComplexityCodeLensSupplier,CodeLensSupplier
CyclomaticComplexityCodeLensSupplier,LanguageServerConfiguration
CyclomaticComplexityCodeLensSupplier,DocumentContext
CyclomaticComplexityCodeLensSupplier,ComplexityData
CyclomaticComplexityCodeLensSupplier,Data
CyclomaticComplexityCodeLensSupplier,MethodSymbol
CyclomaticComplexityCodeLensSupplier,Symbol
CyclomaticComplexityCodeLensSupplier,Symbol
CyclomaticComplexityCodeLensSupplier,Configuration
CyclomaticComplexityCodeLensSupplier,Configuration
DefaultCodeLensData,CodeLensData
DefaultCodeLensData,URITypeAdapter
DefaultCodeLensData,Data
CodeLensDataObjectMapper,CodeLensData
CodeLensDataObjectMapper,Data
CodeLensesConfiguration,CodeLensData
CodeLensesConfiguration,LanguageServerConfiguration
CodeLensesConfiguration,CodeLensOptions
CodeLensesConfiguration,Data
CodeLensesConfiguration,Scope
CodeLensesConfiguration,Configuration
CodeLensesConfiguration,Configuration
ColorInformationSupplier,DocumentContext
ColorPresentationSupplier,DocumentContext
ConstructorColorInformationSupplier,ColorInformationSupplier
ConstructorColorInformationSupplier,Ranges
ConstructorColorPresentationSupplier,ColorPresentationSupplier
ConstructorColorPresentationSupplier,LanguageServerConfiguration
ConstructorColorPresentationSupplier,DocumentContext
ConstructorColorPresentationSupplier,Resources
ConstructorColorPresentationSupplier,Configuration
ConstructorColorPresentationSupplier,Configuration
WebColorInformationSupplier,ColorInformationSupplier
WebColorInformationSupplier,DocumentContext
WebColorInformationSupplier,Ranges
WebColorInformationSupplier,Trees
WebColorPresentationSupplier,ColorPresentationSupplier
WebColorPresentationSupplier,LanguageServerConfiguration
WebColorPresentationSupplier,DocumentContext
WebColorPresentationSupplier,Resources
WebColorPresentationSupplier,Configuration
WebColorPresentationSupplier,Configuration
LanguageServerConfiguration,CodeLensOptions
LanguageServerConfiguration,DiagnosticsOptions
LanguageServerConfiguration,DocumentLinkOptions
LanguageServerConfiguration,Configuration
LanguageServerConfiguration,Configuration
CodeLensOptions,ParametersDeserializer
ParametersDeserializer,Configuration
ParametersDeserializer,Configuration
DiagnosticsOptions,ParametersDeserializer
LanguageServerConfigurationChangedEvent,LanguageServerConfiguration
LanguageServerConfigurationChangedEvent,Configuration
LanguageServerConfigurationChangedEvent,Configuration
ConfigurationFileChangeListener,LanguageServerConfiguration
ConfigurationFileChangeListener,Configuration
ConfigurationFileChangeListener,Configuration
ConfigurationFileSystemWatcher,LanguageServerConfiguration
ConfigurationFileSystemWatcher,LanguageServerConfigurationChangedEvent
ConfigurationFileSystemWatcher,ConfigurationFileChangeListener
ConfigurationFileSystemWatcher,Configuration
ConfigurationFileSystemWatcher,Configuration
DocumentContext,LanguageServerConfiguration
DocumentContext,MetricStorage
DocumentContext,ServerContext
DocumentContext,CognitiveComplexityComputer
DocumentContext,ComplexityData
DocumentContext,Computer
DocumentContext,CyclomaticComplexityComputer
DocumentContext,DiagnosticComputer
DocumentContext,DiagnosticIgnoranceComputer
DocumentContext,Data
DocumentContext,QueryComputer
DocumentContext,SymbolTreeComputer
DocumentContext,MethodSymbol
DocumentContext,Symbol
DocumentContext,SymbolTree
DocumentContext,Diagnostics
DocumentContext,Symbol
DocumentContext,Trees
DocumentContext,Configuration
DocumentContext,Configuration
ServerContext,DocumentContext
ServerContext,Data
ServerContext,SymbolTree
ServerContext,MdoRefBuilder
ServerContext,Configuration
ServerContext,Configuration
CognitiveComplexityComputer,DocumentContext
CognitiveComplexityComputer,ComplexityData
CognitiveComplexityComputer,ComplexitySecondaryLocation
CognitiveComplexityComputer,Computer
CognitiveComplexityComputer,Data
CognitiveComplexityComputer,MethodSymbol
CognitiveComplexityComputer,Symbol
CognitiveComplexityComputer,SymbolTree
CognitiveComplexityComputer,Location
CognitiveComplexityComputer,Symbol
CognitiveComplexityComputer,Location
CognitiveComplexityComputer,Ranges
CognitiveComplexityComputer,Trees
ComplexityData,ComplexitySecondaryLocation
ComplexityData,Data
ComplexityData,MethodSymbol
ComplexityData,Symbol
ComplexityData,Location
ComplexityData,Symbol
ComplexityData,Location
ComplexitySecondaryLocation,Location
ComplexitySecondaryLocation,Location
CyclomaticComplexityComputer,DocumentContext
CyclomaticComplexityComputer,ComplexityData
CyclomaticComplexityComputer,ComplexitySecondaryLocation
CyclomaticComplexityComputer,Computer
CyclomaticComplexityComputer,Data
CyclomaticComplexityComputer,MethodSymbol
CyclomaticComplexityComputer,Symbol
CyclomaticComplexityComputer,SymbolTree
CyclomaticComplexityComputer,Location
CyclomaticComplexityComputer,Symbol
CyclomaticComplexityComputer,Location
CyclomaticComplexityComputer,Ranges
CyclomaticComplexityComputer,Trees
DiagnosticComputer,DocumentContext
DiagnosticComputer,Computer
DiagnosticComputer,DiagnosticIgnoranceComputer
DiagnosticComputer,Data
DiagnosticComputer,BSLDiagnostic
DiagnosticComputer,Diagnostics
DiagnosticIgnoranceComputer,DocumentContext
DiagnosticIgnoranceComputer,Computer
DiagnosticIgnoranceComputer,Data
DiagnosticIgnoranceComputer,DiagnosticCode
Data,DiagnosticCode
MethodSymbolComputer,DocumentContext
MethodSymbolComputer,Computer
MethodSymbolComputer,MethodSymbol
MethodSymbolComputer,ParameterDefinition
MethodSymbolComputer,DefaultValue
MethodSymbolComputer,Symbol
MethodSymbolComputer,Annotation
MethodSymbolComputer,AnnotationParameterDefinition
MethodSymbolComputer,MethodDescription
MethodSymbolComputer,ParameterDescription
MethodSymbolComputer,Symbol
MethodSymbolComputer,Ranges
MethodSymbolComputer,Trees
ModuleSymbolComputer,DocumentContext
ModuleSymbolComputer,Computer
ModuleSymbolComputer,ModuleSymbol
ModuleSymbolComputer,Symbol
ModuleSymbolComputer,Symbol
ModuleSymbolComputer,MdoRefBuilder
ModuleSymbolComputer,Ranges
QueryComputer,DocumentContext
QueryComputer,Computer
RegionSymbolComputer,DocumentContext
RegionSymbolComputer,Computer
RegionSymbolComputer,RegionSymbol
RegionSymbolComputer,Symbol
RegionSymbolComputer,Symbol
RegionSymbolComputer,Ranges
SymbolTreeComputer,DocumentContext
SymbolTreeComputer,Computer
SymbolTreeComputer,MethodSymbolComputer
SymbolTreeComputer,ModuleSymbolComputer
SymbolTreeComputer,RegionSymbolComputer
SymbolTreeComputer,VariableSymbolComputer
SymbolTreeComputer,MethodSymbol
SymbolTreeComputer,ModuleSymbol
SymbolTreeComputer,RegionSymbol
SymbolTreeComputer,SourceDefinedSymbol
SymbolTreeComputer,Symbol
SymbolTreeComputer,SymbolTree
SymbolTreeComputer,VariableSymbol
SymbolTreeComputer,Symbol
SymbolTreeComputer,Ranges
VariableSymbolComputer,DocumentContext
VariableSymbolComputer,Computer
VariableSymbolComputer,MethodSymbol
VariableSymbolComputer,ModuleSymbol
VariableSymbolComputer,SourceDefinedSymbol
VariableSymbolComputer,Symbol
VariableSymbolComputer,VariableSymbol
VariableSymbolComputer,VariableDescription
VariableSymbolComputer,Scope
VariableSymbolComputer,VariableScope
VariableSymbolComputer,Symbol
VariableSymbolComputer,Ranges
VariableSymbolComputer,Trees
DocumentContextContentChangedEvent,DocumentContext
Describable,SourceDefinedSymbolDescription
MethodSymbol,DocumentContext
MethodSymbol,Describable
MethodSymbol,Exportable
MethodSymbol,ParameterDefinition
MethodSymbol,RegionSymbol
MethodSymbol,SourceDefinedSymbol
MethodSymbol,Symbol
MethodSymbol,SymbolTreeVisitor
MethodSymbol,Annotation
MethodSymbol,MethodDescription
MethodSymbol,Symbol
ModuleSymbol,DocumentContext
ModuleSymbol,SourceDefinedSymbol
ModuleSymbol,Symbol
ModuleSymbol,SymbolTreeVisitor
ModuleSymbol,Symbol
ParameterDefinition,DefaultValue
ParameterDefinition,ParameterDescription
RegionSymbol,DocumentContext
RegionSymbol,MethodSymbol
RegionSymbol,SourceDefinedSymbol
RegionSymbol,Symbol
RegionSymbol,SymbolTreeVisitor
RegionSymbol,Symbol
SourceDefinedSymbol,DocumentContext
SourceDefinedSymbol,Symbol
SourceDefinedSymbol,Symbol
Symbol,SymbolTreeVisitor
SymbolTree,MethodSymbol
SymbolTree,ModuleSymbol
SymbolTree,RegionSymbol
SymbolTree,SourceDefinedSymbol
SymbolTree,Symbol
SymbolTree,VariableSymbol
SymbolTree,Scope
SymbolTree,Symbol
SymbolTree,Ranges
SymbolTree,Regions
SymbolTree,Trees
SymbolTreeVisitor,MethodSymbol
SymbolTreeVisitor,ModuleSymbol
SymbolTreeVisitor,RegionSymbol
SymbolTreeVisitor,Symbol
SymbolTreeVisitor,VariableSymbol
SymbolTreeVisitor,Symbol
VariableSymbol,DocumentContext
VariableSymbol,Describable
VariableSymbol,Exportable
VariableSymbol,SourceDefinedSymbol
VariableSymbol,Symbol
VariableSymbol,SymbolTreeVisitor
VariableSymbol,VariableDescription
VariableSymbol,Symbol
Annotation,ParameterDefinition
Annotation,AnnotationParameterDefinition
AnnotationParameterDefinition,ParameterDefinition
DescriptionReader,Data
DescriptionReader,TempParameterData
DescriptionReader,ParameterDescription
DescriptionReader,TypeDescription
TempParameterData,Data
TempParameterData,TempParameterTypeData
TempParameterData,ParameterDescription
TempParameterData,TypeDescription
TempParameterTypeData,Data
TempParameterTypeData,TempParameterData
TempParameterTypeData,TypeDescription
MethodDescription,DescriptionReader
MethodDescription,ParameterDescription
MethodDescription,SourceDefinedSymbolDescription
MethodDescription,TypeDescription
MethodDescription,Ranges
ParameterDescription,TypeDescription
TypeDescription,ParameterDescription
VariableDescription,DescriptionReader
VariableDescription,ParameterDescription
VariableDescription,SourceDefinedSymbolDescription
VariableDescription,Ranges
AbstractCommonModuleNameDiagnostic,LanguageServerConfiguration
AbstractCommonModuleNameDiagnostic,DiagnosticsOptions
AbstractCommonModuleNameDiagnostic,SymbolTree
AbstractCommonModuleNameDiagnostic,AbstractDiagnostic
AbstractCommonModuleNameDiagnostic,Ranges
AbstractCommonModuleNameDiagnostic,Configuration
AbstractCommonModuleNameDiagnostic,Configuration
AbstractDiagnostic,DocumentContext
AbstractDiagnostic,BSLDiagnostic
AbstractDiagnostic,DiagnosticStorage
AbstractDiagnostic,DiagnosticInfo
AbstractDiagnostic,Diagnostics
AbstractExecuteExternalCodeDiagnostic,AbstractVisitorDiagnostic
AbstractExecuteExternalCodeDiagnostic,ExecuteExternalCodeDiagnostic
AbstractExecuteExternalCodeDiagnostic,Keywords
AbstractFindMethodDiagnostic,AbstractVisitorDiagnostic
AbstractListenerDiagnostic,DocumentContext
AbstractListenerDiagnostic,BSLDiagnostic
AbstractListenerDiagnostic,DiagnosticStorage
AbstractListenerDiagnostic,DiagnosticInfo
AbstractListenerDiagnostic,Diagnostics
AbstractMetadataDiagnostic,ServerContext
AbstractMetadataDiagnostic,SymbolTree
AbstractMetadataDiagnostic,AbstractDiagnostic
AbstractMetadataDiagnostic,Ranges
AbstractMetadataDiagnostic,Configuration
AbstractMetadataDiagnostic,Configuration
AbstractMultilingualStringDiagnostic,AbstractVisitorDiagnostic
AbstractMultilingualStringDiagnostic,DiagnosticParameter
AbstractMultilingualStringDiagnostic,MultilingualStringAnalyser
AbstractSDBLListenerDiagnostic,DocumentContext
AbstractSDBLListenerDiagnostic,BSLDiagnostic
AbstractSDBLListenerDiagnostic,DiagnosticStorage
AbstractSDBLListenerDiagnostic,DiagnosticInfo
AbstractSDBLListenerDiagnostic,Diagnostics
AbstractSDBLVisitorDiagnostic,DocumentContext
AbstractSDBLVisitorDiagnostic,BSLDiagnostic
AbstractSDBLVisitorDiagnostic,DiagnosticStorage
AbstractSDBLVisitorDiagnostic,DiagnosticInfo
AbstractSDBLVisitorDiagnostic,Diagnostics
AbstractSymbolTreeDiagnostic,MethodSymbol
AbstractSymbolTreeDiagnostic,ModuleSymbol
AbstractSymbolTreeDiagnostic,RegionSymbol
AbstractSymbolTreeDiagnostic,SourceDefinedSymbol
AbstractSymbolTreeDiagnostic,Symbol
AbstractSymbolTreeDiagnostic,SymbolTree
AbstractSymbolTreeDiagnostic,SymbolTreeVisitor
AbstractSymbolTreeDiagnostic,VariableSymbol
AbstractSymbolTreeDiagnostic,AbstractDiagnostic
AbstractSymbolTreeDiagnostic,Symbol
AbstractVisitorDiagnostic,DocumentContext
AbstractVisitorDiagnostic,BSLDiagnostic
AbstractVisitorDiagnostic,DiagnosticStorage
AbstractVisitorDiagnostic,DiagnosticInfo
AbstractVisitorDiagnostic,Diagnostics
AllFunctionPathMustHaveReturnDiagnostic,BasicBlockVertex
AllFunctionPathMustHaveReturnDiagnostic,CfgBuildingParseTreeVisitor
AllFunctionPathMustHaveReturnDiagnostic,CfgVertex
AllFunctionPathMustHaveReturnDiagnostic,ConditionalVertex
AllFunctionPathMustHaveReturnDiagnostic,ControlFlowGraph
AllFunctionPathMustHaveReturnDiagnostic,ExitVertex
AllFunctionPathMustHaveReturnDiagnostic,LoopVertex
AllFunctionPathMustHaveReturnDiagnostic,WhileLoopVertex
AllFunctionPathMustHaveReturnDiagnostic,AbstractVisitorDiagnostic
AllFunctionPathMustHaveReturnDiagnostic,DiagnosticParameter
AllFunctionPathMustHaveReturnDiagnostic,Ranges
AllFunctionPathMustHaveReturnDiagnostic,RelatedInformation
AllFunctionPathMustHaveReturnDiagnostic,Trees
AssignAliasFieldsInQueryDiagnostic,AbstractSDBLVisitorDiagnostic
BadWordsDiagnostic,AbstractDiagnostic
BadWordsDiagnostic,DiagnosticParameter
BeginTransactionBeforeTryCatchDiagnostic,AbstractVisitorDiagnostic
BeginTransactionBeforeTryCatchDiagnostic,Trees
BSLDiagnostic,DocumentContext
BSLDiagnostic,DiagnosticInfo
BSLDiagnostic,Diagnostics
BSLDiagnostic,DiagnosticHelper
CachedPublicDiagnostic,DocumentContext
CachedPublicDiagnostic,Symbol
CachedPublicDiagnostic,SymbolTree
CachedPublicDiagnostic,AbstractDiagnostic
CachedPublicDiagnostic,Symbol
CachedPublicDiagnostic,Keywords
CachedPublicDiagnostic,Regions
CanonicalSpellingKeywordsDiagnostic,DocumentContext
CanonicalSpellingKeywordsDiagnostic,AbstractDiagnostic
CanonicalSpellingKeywordsDiagnostic,QuickFixProvider
CanonicalSpellingKeywordsDiagnostic,CodeActionProvider
CanonicalSpellingKeywordsDiagnostic,Keywords
CodeAfterAsyncCallDiagnostic,AbstractVisitorDiagnostic
CodeAfterAsyncCallDiagnostic,Trees
CodeBlockBeforeSubDiagnostic,AbstractVisitorDiagnostic
CodeOutOfRegionDiagnostic,MethodSymbol
CodeOutOfRegionDiagnostic,RegionSymbol
CodeOutOfRegionDiagnostic,Symbol
CodeOutOfRegionDiagnostic,SymbolTree
CodeOutOfRegionDiagnostic,AbstractVisitorDiagnostic
CodeOutOfRegionDiagnostic,DiagnosticParameter
CodeOutOfRegionDiagnostic,Location
CodeOutOfRegionDiagnostic,Symbol
CodeOutOfRegionDiagnostic,Location
CodeOutOfRegionDiagnostic,Ranges
CodeOutOfRegionDiagnostic,Regions
CodeOutOfRegionDiagnostic,RelatedInformation
CodeOutOfRegionDiagnostic,Trees
CognitiveComplexityDiagnostic,ComplexityData
CognitiveComplexityDiagnostic,ComplexitySecondaryLocation
CognitiveComplexityDiagnostic,Data
CognitiveComplexityDiagnostic,MethodSymbol
CognitiveComplexityDiagnostic,Symbol
CognitiveComplexityDiagnostic,SymbolTree
CognitiveComplexityDiagnostic,AbstractVisitorDiagnostic
CognitiveComplexityDiagnostic,DiagnosticParameter
CognitiveComplexityDiagnostic,Location
CognitiveComplexityDiagnostic,Symbol
CognitiveComplexityDiagnostic,Location
CognitiveComplexityDiagnostic,Ranges
CognitiveComplexityDiagnostic,RelatedInformation
CommandModuleExportMethodsDiagnostic,MethodSymbol
CommandModuleExportMethodsDiagnostic,Symbol
CommandModuleExportMethodsDiagnostic,AbstractSymbolTreeDiagnostic
CommandModuleExportMethodsDiagnostic,Symbol
CommentedCodeDiagnostic,DocumentContext
CommentedCodeDiagnostic,SymbolTree
CommentedCodeDiagnostic,MethodDescription
CommentedCodeDiagnostic,AbstractDiagnostic
CommentedCodeDiagnostic,QuickFixProvider
CommentedCodeDiagnostic,DiagnosticParameter
CommentedCodeDiagnostic,CodeActionProvider
CommentedCodeDiagnostic,BSLFootprint
CommentedCodeDiagnostic,CodeRecognizer
CommitTransactionOutsideTryCatchDiagnostic,AbstractVisitorDiagnostic
CommitTransactionOutsideTryCatchDiagnostic,Trees
CommonModuleAssignDiagnostic,ServerContext
CommonModuleAssignDiagnostic,AbstractVisitorDiagnostic
CommonModuleAssignDiagnostic,Configuration
CommonModuleAssignDiagnostic,Configuration
CommonModuleInvalidTypeDiagnostic,LanguageServerConfiguration
CommonModuleInvalidTypeDiagnostic,AbstractCommonModuleNameDiagnostic
CommonModuleInvalidTypeDiagnostic,Configuration
CommonModuleInvalidTypeDiagnostic,Configuration
CommonModuleMissingAPIDiagnostic,SymbolTree
CommonModuleMissingAPIDiagnostic,AbstractDiagnostic
CommonModuleMissingAPIDiagnostic,Keywords
CommonModuleMissingAPIDiagnostic,Ranges
CommonModuleMissingAPIDiagnostic,Regions
CommonModuleNameCachedDiagnostic,LanguageServerConfiguration
CommonModuleNameCachedDiagnostic,AbstractCommonModuleNameDiagnostic
CommonModuleNameCachedDiagnostic,Configuration
CommonModuleNameCachedDiagnostic,Configuration
CommonModuleNameClientDiagnostic,LanguageServerConfiguration
CommonModuleNameClientDiagnostic,AbstractCommonModuleNameDiagnostic
CommonModuleNameClientDiagnostic,Configuration
CommonModuleNameClientDiagnostic,Configuration
CommonModuleNameClientServerDiagnostic,LanguageServerConfiguration
CommonModuleNameClientServerDiagnostic,AbstractCommonModuleNameDiagnostic
CommonModuleNameClientServerDiagnostic,Configuration
CommonModuleNameClientServerDiagnostic,Configuration
CommonModuleNameFullAccessDiagnostic,LanguageServerConfiguration
CommonModuleNameFullAccessDiagnostic,AbstractCommonModuleNameDiagnostic
CommonModuleNameFullAccessDiagnostic,Configuration
CommonModuleNameFullAccessDiagnostic,Configuration
CommonModuleNameGlobalClientDiagnostic,LanguageServerConfiguration
CommonModuleNameGlobalClientDiagnostic,AbstractCommonModuleNameDiagnostic
CommonModuleNameGlobalClientDiagnostic,Configuration
CommonModuleNameGlobalClientDiagnostic,Configuration
CommonModuleNameGlobalDiagnostic,LanguageServerConfiguration
CommonModuleNameGlobalDiagnostic,AbstractCommonModuleNameDiagnostic
CommonModuleNameGlobalDiagnostic,Configuration
CommonModuleNameGlobalDiagnostic,Configuration
CommonModuleNameServerCallDiagnostic,LanguageServerConfiguration
CommonModuleNameServerCallDiagnostic,AbstractCommonModuleNameDiagnostic
CommonModuleNameServerCallDiagnostic,Configuration
CommonModuleNameServerCallDiagnostic,Configuration
CommonModuleNameWordsDiagnostic,LanguageServerConfiguration
CommonModuleNameWordsDiagnostic,AbstractCommonModuleNameDiagnostic
CommonModuleNameWordsDiagnostic,DiagnosticParameter
CommonModuleNameWordsDiagnostic,Configuration
CommonModuleNameWordsDiagnostic,Configuration
CompilationDirectiveLostDiagnostic,AbstractVisitorDiagnostic
CompilationDirectiveNeedLessDiagnostic,AbstractVisitorDiagnostic
ConsecutiveEmptyLinesDiagnostic,DocumentContext
ConsecutiveEmptyLinesDiagnostic,AbstractDiagnostic
ConsecutiveEmptyLinesDiagnostic,QuickFixProvider
ConsecutiveEmptyLinesDiagnostic,DiagnosticParameter
ConsecutiveEmptyLinesDiagnostic,CodeActionProvider
ConsecutiveEmptyLinesDiagnostic,Ranges
CrazyMultilineStringDiagnostic,AbstractDiagnostic
CrazyMultilineStringDiagnostic,Trees
CreateQueryInCycleDiagnostic,AbstractVisitorDiagnostic
CreateQueryInCycleDiagnostic,VariableDefinition
CreateQueryInCycleDiagnostic,Scope
CreateQueryInCycleDiagnostic,VariableScope
Scope,VariableDefinition
VariableScope,VariableDefinition
VariableScope,Scope
CyclomaticComplexityDiagnostic,ComplexityData
CyclomaticComplexityDiagnostic,ComplexitySecondaryLocation
CyclomaticComplexityDiagnostic,Data
CyclomaticComplexityDiagnostic,MethodSymbol
CyclomaticComplexityDiagnostic,Symbol
CyclomaticComplexityDiagnostic,SymbolTree
CyclomaticComplexityDiagnostic,AbstractVisitorDiagnostic
CyclomaticComplexityDiagnostic,DiagnosticParameter
CyclomaticComplexityDiagnostic,Location
CyclomaticComplexityDiagnostic,Symbol
CyclomaticComplexityDiagnostic,Location
CyclomaticComplexityDiagnostic,Ranges
CyclomaticComplexityDiagnostic,RelatedInformation
DataExchangeLoadingDiagnostic,MethodSymbol
DataExchangeLoadingDiagnostic,Symbol
DataExchangeLoadingDiagnostic,SymbolTree
DataExchangeLoadingDiagnostic,AbstractVisitorDiagnostic
DataExchangeLoadingDiagnostic,DiagnosticParameter
DataExchangeLoadingDiagnostic,Symbol
DataExchangeLoadingDiagnostic,Trees
DeletingCollectionItemDiagnostic,AbstractVisitorDiagnostic
DeletingCollectionItemDiagnostic,Trees
DeprecatedAttributes8312Diagnostic,AbstractVisitorDiagnostic
DeprecatedAttributes8312Diagnostic,Trees
DeprecatedCurrentDateDiagnostic,AbstractFindMethodDiagnostic
DeprecatedFindDiagnostic,AbstractFindMethodDiagnostic
DeprecatedMessageDiagnostic,AbstractFindMethodDiagnostic
DeprecatedMethodCallDiagnostic,Describable
DeprecatedMethodCallDiagnostic,Symbol
DeprecatedMethodCallDiagnostic,AbstractDiagnostic
DeprecatedMethodCallDiagnostic,ReferenceIndex
DeprecatedMethodCallDiagnostic,Reference
DeprecatedMethodCallDiagnostic,Symbol
DeprecatedMethods8310Diagnostic,AbstractVisitorDiagnostic
DeprecatedMethods8317Diagnostic,AbstractFindMethodDiagnostic
DeprecatedTypeManagedFormDiagnostic,DocumentContext
DeprecatedTypeManagedFormDiagnostic,AbstractVisitorDiagnostic
DeprecatedTypeManagedFormDiagnostic,QuickFixProvider
DeprecatedTypeManagedFormDiagnostic,CodeActionProvider
DiagnosticStorage,SourceDefinedSymbol
DiagnosticStorage,Symbol
DiagnosticStorage,BSLDiagnostic
DiagnosticStorage,Diagnostics
DiagnosticStorage,Symbol
DiagnosticStorage,Ranges
DiagnosticStorage,RelatedInformation
DuplicateRegionDiagnostic,RegionSymbol
DuplicateRegionDiagnostic,Symbol
DuplicateRegionDiagnostic,SymbolTree
DuplicateRegionDiagnostic,AbstractVisitorDiagnostic
DuplicateRegionDiagnostic,Symbol
DuplicateRegionDiagnostic,Keywords
DuplicateRegionDiagnostic,Regions
DuplicateRegionDiagnostic,RelatedInformation
DuplicateStringLiteralDiagnostic,AbstractVisitorDiagnostic
DuplicateStringLiteralDiagnostic,DiagnosticParameter
DuplicateStringLiteralDiagnostic,Ranges
DuplicateStringLiteralDiagnostic,RelatedInformation
DuplicateStringLiteralDiagnostic,Trees
EmptyCodeBlockDiagnostic,Symbol
EmptyCodeBlockDiagnostic,AbstractVisitorDiagnostic
EmptyCodeBlockDiagnostic,DiagnosticParameter
EmptyCodeBlockDiagnostic,Symbol
EmptyCodeBlockDiagnostic,Ranges
EmptyCodeBlockDiagnostic,Trees
EmptyRegionDiagnostic,DocumentContext
EmptyRegionDiagnostic,AbstractListenerDiagnostic
EmptyRegionDiagnostic,QuickFixProvider
EmptyRegionDiagnostic,CodeActionProvider
EmptyRegionDiagnostic,Ranges
EmptyStatementDiagnostic,DocumentContext
EmptyStatementDiagnostic,AbstractVisitorDiagnostic
EmptyStatementDiagnostic,QuickFixProvider
EmptyStatementDiagnostic,CodeActionProvider
EmptyStatementDiagnostic,Trees
ExcessiveAutoTestCheckDiagnostic,AbstractVisitorDiagnostic
ExecuteExternalCodeDiagnostic,AbstractExecuteExternalCodeDiagnostic
ExecuteExternalCodeInCommonModuleDiagnostic,AbstractExecuteExternalCodeDiagnostic
ExecuteExternalCodeInCommonModuleDiagnostic,ExecuteExternalCodeDiagnostic
ExportVariablesDiagnostic,MethodSymbol
ExportVariablesDiagnostic,Symbol
ExportVariablesDiagnostic,VariableSymbol
ExportVariablesDiagnostic,AbstractSymbolTreeDiagnostic
ExportVariablesDiagnostic,Symbol
ExtraCommasDiagnostic,AbstractVisitorDiagnostic
FieldsFromJoinsWithoutIsNullDiagnostic,Symbol
FieldsFromJoinsWithoutIsNullDiagnostic,AbstractSDBLVisitorDiagnostic
FieldsFromJoinsWithoutIsNullDiagnostic,Symbol
FieldsFromJoinsWithoutIsNullDiagnostic,Ranges
FieldsFromJoinsWithoutIsNullDiagnostic,RelatedInformation
FieldsFromJoinsWithoutIsNullDiagnostic,Trees
ForbiddenMetadataNameDiagnostic,LanguageServerConfiguration
ForbiddenMetadataNameDiagnostic,AbstractMetadataDiagnostic
ForbiddenMetadataNameDiagnostic,Reference
ForbiddenMetadataNameDiagnostic,Configuration
ForbiddenMetadataNameDiagnostic,Configuration
FormDataToValueDiagnostic,MethodSymbol
FormDataToValueDiagnostic,Symbol
FormDataToValueDiagnostic,SymbolTree
FormDataToValueDiagnostic,AbstractFindMethodDiagnostic
FormDataToValueDiagnostic,Symbol
FormDataToValueDiagnostic,Trees
FullOuterJoinQueryDiagnostic,AbstractSDBLVisitorDiagnostic
FunctionNameStartsWithGetDiagnostic,AbstractVisitorDiagnostic
FunctionOutParameterDiagnostic,MethodSymbol
FunctionOutParameterDiagnostic,ParameterDefinition
FunctionOutParameterDiagnostic,Symbol
FunctionOutParameterDiagnostic,SymbolTree
FunctionOutParameterDiagnostic,AbstractVisitorDiagnostic
FunctionOutParameterDiagnostic,Symbol
FunctionOutParameterDiagnostic,Trees
FunctionReturnsSamePrimitiveDiagnostic,MethodSymbol
FunctionReturnsSamePrimitiveDiagnostic,Symbol
FunctionReturnsSamePrimitiveDiagnostic,SymbolTree
FunctionReturnsSamePrimitiveDiagnostic,AbstractVisitorDiagnostic
FunctionReturnsSamePrimitiveDiagnostic,DiagnosticParameter
FunctionReturnsSamePrimitiveDiagnostic,Symbol
FunctionReturnsSamePrimitiveDiagnostic,Ranges
FunctionReturnsSamePrimitiveDiagnostic,RelatedInformation
FunctionReturnsSamePrimitiveDiagnostic,Trees
FunctionShouldHaveReturnDiagnostic,AbstractVisitorDiagnostic
FunctionShouldHaveReturnDiagnostic,Trees
GetFormMethodDiagnostic,AbstractFindMethodDiagnostic
GlobalContextMethodCollision8312Diagnostic,SymbolTree
GlobalContextMethodCollision8312Diagnostic,AbstractDiagnostic
IdenticalExpressionsDiagnostic,AbstractVisitorDiagnostic
IdenticalExpressionsDiagnostic,DiagnosticParameter
IdenticalExpressionsDiagnostic,FormatProvider
IdenticalExpressionsDiagnostic,Ranges
IdenticalExpressionsDiagnostic,Trees
IdenticalExpressionsDiagnostic,BinaryOperationNode
IdenticalExpressionsDiagnostic,BslExpression
IdenticalExpressionsDiagnostic,ExpressionParseTreeRewriter
IdenticalExpressionsDiagnostic,NodeEqualityComparer
IdenticalExpressionsDiagnostic,TernaryOperatorNode
IdenticalExpressionsDiagnostic,TransitiveOperationsIgnoringComparer
IdenticalExpressionsDiagnostic,UnaryOperationNode
IfConditionComplexityDiagnostic,AbstractVisitorDiagnostic
IfConditionComplexityDiagnostic,DiagnosticParameter
IfConditionComplexityDiagnostic,Trees
IfElseDuplicatedCodeBlockDiagnostic,AbstractVisitorDiagnostic
IfElseDuplicatedCodeBlockDiagnostic,DiagnosticHelper
IfElseDuplicatedCodeBlockDiagnostic,Ranges
IfElseDuplicatedCodeBlockDiagnostic,RelatedInformation
IfElseDuplicatedConditionDiagnostic,AbstractVisitorDiagnostic
IfElseDuplicatedConditionDiagnostic,DiagnosticHelper
IfElseDuplicatedConditionDiagnostic,Ranges
IfElseDuplicatedConditionDiagnostic,RelatedInformation
IfElseIfEndsWithElseDiagnostic,AbstractVisitorDiagnostic
IncorrectLineBreakDiagnostic,AbstractDiagnostic
IncorrectUseLikeInQueryDiagnostic,AbstractSDBLVisitorDiagnostic
IncorrectUseLikeInQueryDiagnostic,Trees
IncorrectUseOfStrTemplateDiagnostic,AbstractFindMethodDiagnostic
IncorrectUseOfStrTemplateDiagnostic,Trees
InvalidCharacterInFileDiagnostic,DocumentContext
InvalidCharacterInFileDiagnostic,AbstractDiagnostic
InvalidCharacterInFileDiagnostic,QuickFixProvider
InvalidCharacterInFileDiagnostic,CodeActionProvider
IsInRoleMethodDiagnostic,AbstractVisitorDiagnostic
IsInRoleMethodDiagnostic,Diagnostics
IsInRoleMethodDiagnostic,Trees
JoinWithSubQueryDiagnostic,AbstractSDBLVisitorDiagnostic
JoinWithVirtualTableDiagnostic,AbstractSDBLVisitorDiagnostic
LatinAndCyrillicSymbolInWordDiagnostic,AbstractDiagnostic
LatinAndCyrillicSymbolInWordDiagnostic,DiagnosticParameter
LatinAndCyrillicSymbolInWordDiagnostic,DiagnosticHelper
LatinAndCyrillicSymbolInWordDiagnostic,Trees
LineLengthDiagnostic,SymbolTree
LineLengthDiagnostic,MethodDescription
LineLengthDiagnostic,AbstractDiagnostic
LineLengthDiagnostic,DiagnosticParameter
LineLengthDiagnostic,Ranges
LogicalOrInTheWhereSectionOfQueryDiagnostic,AbstractSDBLListenerDiagnostic
LogicalOrInTheWhereSectionOfQueryDiagnostic,Trees
MagicDateDiagnostic,AbstractVisitorDiagnostic
MagicNumberDiagnostic,AbstractVisitorDiagnostic
MagicNumberDiagnostic,DiagnosticParameter
MagicNumberDiagnostic,DiagnosticHelper
MetadataObjectNameLengthDiagnostic,LanguageServerConfiguration
MetadataObjectNameLengthDiagnostic,AbstractMetadataDiagnostic
MetadataObjectNameLengthDiagnostic,DiagnosticParameter
MetadataObjectNameLengthDiagnostic,Reference
MetadataObjectNameLengthDiagnostic,Configuration
MetadataObjectNameLengthDiagnostic,Configuration
MethodSizeDiagnostic,AbstractVisitorDiagnostic
MethodSizeDiagnostic,DiagnosticParameter
MissingCodeTryCatchExDiagnostic,AbstractVisitorDiagnostic
MissingCodeTryCatchExDiagnostic,DiagnosticParameter
MissingCodeTryCatchExDiagnostic,Ranges
MissingEventSubscriptionHandlerDiagnostic,DocumentContext
MissingEventSubscriptionHandlerDiagnostic,ServerContext
MissingEventSubscriptionHandlerDiagnostic,Symbol
MissingEventSubscriptionHandlerDiagnostic,SymbolTree
MissingEventSubscriptionHandlerDiagnostic,AbstractDiagnostic
MissingEventSubscriptionHandlerDiagnostic,Reference
MissingEventSubscriptionHandlerDiagnostic,Symbol
MissingEventSubscriptionHandlerDiagnostic,Ranges
MissingEventSubscriptionHandlerDiagnostic,Configuration
MissingEventSubscriptionHandlerDiagnostic,Configuration
MissingParameterDescriptionDiagnostic,MethodSymbol
MissingParameterDescriptionDiagnostic,ParameterDefinition
MissingParameterDescriptionDiagnostic,Symbol
MissingParameterDescriptionDiagnostic,ParameterDescription
MissingParameterDescriptionDiagnostic,AbstractSymbolTreeDiagnostic
MissingParameterDescriptionDiagnostic,Symbol
MissingReturnedValueDescriptionDiagnostic,MethodSymbol
MissingReturnedValueDescriptionDiagnostic,Symbol
MissingReturnedValueDescriptionDiagnostic,TypeDescription
MissingReturnedValueDescriptionDiagnostic,AbstractSymbolTreeDiagnostic
MissingReturnedValueDescriptionDiagnostic,DiagnosticParameter
MissingReturnedValueDescriptionDiagnostic,Symbol
MissingSpaceDiagnostic,DocumentContext
MissingSpaceDiagnostic,AbstractDiagnostic
MissingSpaceDiagnostic,QuickFixProvider
MissingSpaceDiagnostic,DiagnosticParameter
MissingSpaceDiagnostic,CodeActionProvider
MissingTemporaryFileDeletionDiagnostic,AbstractVisitorDiagnostic
MissingTemporaryFileDeletionDiagnostic,DiagnosticParameter
MissingTemporaryFileDeletionDiagnostic,Trees
MissingTempStorageDeletionDiagnostic,AbstractFindMethodDiagnostic
MissingTempStorageDeletionDiagnostic,DiagnosticHelper
MissingTempStorageDeletionDiagnostic,Trees
MissingVariablesDescriptionDiagnostic,Symbol
MissingVariablesDescriptionDiagnostic,SymbolTree
MissingVariablesDescriptionDiagnostic,VariableSymbol
MissingVariablesDescriptionDiagnostic,AbstractVisitorDiagnostic
MissingVariablesDescriptionDiagnostic,Symbol
MultilineStringInQueryDiagnostic,AbstractSDBLVisitorDiagnostic
MultilingualStringHasAllDeclaredLanguagesDiagnostic,AbstractMultilingualStringDiagnostic
MultilingualStringUsingWithTemplateDiagnostic,AbstractMultilingualStringDiagnostic
NestedConstructorsInStructureDeclarationDiagnostic,AbstractVisitorDiagnostic
NestedConstructorsInStructureDeclarationDiagnostic,DiagnosticHelper
NestedConstructorsInStructureDeclarationDiagnostic,Ranges
NestedConstructorsInStructureDeclarationDiagnostic,RelatedInformation
NestedConstructorsInStructureDeclarationDiagnostic,Trees
NestedFunctionInParametersDiagnostic,AbstractVisitorDiagnostic
NestedFunctionInParametersDiagnostic,DiagnosticParameter
NestedFunctionInParametersDiagnostic,Trees
NestedStatementsDiagnostic,AbstractListenerDiagnostic
NestedStatementsDiagnostic,DiagnosticParameter
NestedStatementsDiagnostic,Ranges
NestedStatementsDiagnostic,RelatedInformation
NestedTernaryOperatorDiagnostic,AbstractVisitorDiagnostic
NestedTernaryOperatorDiagnostic,Trees
NonExportMethodsInApiRegionDiagnostic,MethodSymbol
NonExportMethodsInApiRegionDiagnostic,Symbol
NonExportMethodsInApiRegionDiagnostic,SymbolTree
NonExportMethodsInApiRegionDiagnostic,AbstractVisitorDiagnostic
NonExportMethodsInApiRegionDiagnostic,Symbol
NonStandardRegionDiagnostic,RegionSymbol
NonStandardRegionDiagnostic,Symbol
NonStandardRegionDiagnostic,SymbolTree
NonStandardRegionDiagnostic,AbstractDiagnostic
NonStandardRegionDiagnostic,Symbol
NonStandardRegionDiagnostic,Regions
NumberOfOptionalParamsDiagnostic,AbstractVisitorDiagnostic
NumberOfOptionalParamsDiagnostic,DiagnosticParameter
NumberOfParamsDiagnostic,AbstractVisitorDiagnostic
NumberOfParamsDiagnostic,DiagnosticParameter
NumberOfValuesInStructureConstructorDiagnostic,AbstractVisitorDiagnostic
NumberOfValuesInStructureConstructorDiagnostic,DiagnosticParameter
NumberOfValuesInStructureConstructorDiagnostic,DiagnosticHelper
OneStatementPerLineDiagnostic,DocumentContext
OneStatementPerLineDiagnostic,AbstractVisitorDiagnostic
OneStatementPerLineDiagnostic,QuickFixProvider
OneStatementPerLineDiagnostic,Diagnostics
OneStatementPerLineDiagnostic,CodeActionProvider
OneStatementPerLineDiagnostic,Ranges
OneStatementPerLineDiagnostic,RelatedInformation
OrderOfParamsDiagnostic,AbstractVisitorDiagnostic
OrdinaryAppSupportDiagnostic,LanguageServerConfiguration
OrdinaryAppSupportDiagnostic,DiagnosticsOptions
OrdinaryAppSupportDiagnostic,ServerContext
OrdinaryAppSupportDiagnostic,SymbolTree
OrdinaryAppSupportDiagnostic,AbstractDiagnostic
OrdinaryAppSupportDiagnostic,Ranges
OrdinaryAppSupportDiagnostic,Configuration
OrdinaryAppSupportDiagnostic,Configuration
OSUsersMethodDiagnostic,AbstractFindMethodDiagnostic
PairingBrokenTransactionDiagnostic,AbstractVisitorDiagnostic
PairingBrokenTransactionDiagnostic,Trees
ParseErrorDiagnostic,AbstractListenerDiagnostic
ParseErrorDiagnostic,Trees
ProcedureReturnsValueDiagnostic,AbstractVisitorDiagnostic
ProcedureReturnsValueDiagnostic,Trees
PublicMethodsDescriptionDiagnostic,MethodSymbol
PublicMethodsDescriptionDiagnostic,Symbol
PublicMethodsDescriptionDiagnostic,SymbolTree
PublicMethodsDescriptionDiagnostic,AbstractVisitorDiagnostic
PublicMethodsDescriptionDiagnostic,DiagnosticParameter
PublicMethodsDescriptionDiagnostic,Symbol
QueryParseErrorDiagnostic,AbstractSDBLVisitorDiagnostic
QueryParseErrorDiagnostic,ParseErrorDiagnostic
QueryParseErrorDiagnostic,Trees
QueryToMissingMetadataDiagnostic,ServerContext
QueryToMissingMetadataDiagnostic,AbstractSDBLVisitorDiagnostic
QueryToMissingMetadataDiagnostic,Configuration
QueryToMissingMetadataDiagnostic,Configuration
QuickFixProvider,DocumentContext
RedundantAccessToObjectDiagnostic,DocumentContext
RedundantAccessToObjectDiagnostic,AbstractVisitorDiagnostic
RedundantAccessToObjectDiagnostic,DiagnosticParameter
RedundantAccessToObjectDiagnostic,Diagnostics
RefOveruseDiagnostic,AbstractSDBLVisitorDiagnostic
RefOveruseDiagnostic,Trees
SameMetadataObjectAndChildNamesDiagnostic,LanguageServerConfiguration
SameMetadataObjectAndChildNamesDiagnostic,AbstractMetadataDiagnostic
SameMetadataObjectAndChildNamesDiagnostic,Reference
SameMetadataObjectAndChildNamesDiagnostic,Configuration
SameMetadataObjectAndChildNamesDiagnostic,Configuration
SelectTopWithoutOrderByDiagnostic,AbstractSDBLVisitorDiagnostic
SelectTopWithoutOrderByDiagnostic,DiagnosticParameter
SelectTopWithoutOrderByDiagnostic,Trees
SelfAssignDiagnostic,AbstractVisitorDiagnostic
SelfAssignDiagnostic,Trees
SelfInsertionDiagnostic,AbstractVisitorDiagnostic
SemicolonPresenceDiagnostic,DocumentContext
SemicolonPresenceDiagnostic,AbstractVisitorDiagnostic
SemicolonPresenceDiagnostic,QuickFixProvider
SemicolonPresenceDiagnostic,CodeActionProvider
SemicolonPresenceDiagnostic,Trees
ServerSideExportFormMethodDiagnostic,MethodSymbol
ServerSideExportFormMethodDiagnostic,ModuleSymbol
ServerSideExportFormMethodDiagnostic,Symbol
ServerSideExportFormMethodDiagnostic,AbstractSymbolTreeDiagnostic
ServerSideExportFormMethodDiagnostic,Symbol
SetPermissionsForNewObjectsDiagnostic,ServerContext
SetPermissionsForNewObjectsDiagnostic,Data
SetPermissionsForNewObjectsDiagnostic,SymbolTree
SetPermissionsForNewObjectsDiagnostic,AbstractDiagnostic
SetPermissionsForNewObjectsDiagnostic,DiagnosticParameter
SetPermissionsForNewObjectsDiagnostic,Ranges
SetPermissionsForNewObjectsDiagnostic,Configuration
SetPermissionsForNewObjectsDiagnostic,Configuration
SeveralCompilerDirectivesDiagnostic,MethodSymbol
SeveralCompilerDirectivesDiagnostic,Symbol
SeveralCompilerDirectivesDiagnostic,SymbolTree
SeveralCompilerDirectivesDiagnostic,AbstractVisitorDiagnostic
SeveralCompilerDirectivesDiagnostic,Symbol
SeveralCompilerDirectivesDiagnostic,Trees
SpaceAtStartCommentDiagnostic,DocumentContext
SpaceAtStartCommentDiagnostic,Annotation
SpaceAtStartCommentDiagnostic,AbstractDiagnostic
SpaceAtStartCommentDiagnostic,QuickFixProvider
SpaceAtStartCommentDiagnostic,DiagnosticParameter
SpaceAtStartCommentDiagnostic,CodeActionProvider
SpaceAtStartCommentDiagnostic,BSLFootprint
SpaceAtStartCommentDiagnostic,CodeRecognizer
SpaceAtStartCommentDiagnostic,DiagnosticHelper
StyleElementConstructorsDiagnostic,AbstractVisitorDiagnostic
TempFilesDirDiagnostic,AbstractFindMethodDiagnostic
TernaryOperatorUsageDiagnostic,AbstractVisitorDiagnostic
ThisObjectAssignDiagnostic,AbstractVisitorDiagnostic
TimeoutsInExternalResourcesDiagnostic,ServerContext
TimeoutsInExternalResourcesDiagnostic,AbstractVisitorDiagnostic
TimeoutsInExternalResourcesDiagnostic,DiagnosticParameter
TimeoutsInExternalResourcesDiagnostic,DiagnosticHelper
TimeoutsInExternalResourcesDiagnostic,Trees
TimeoutsInExternalResourcesDiagnostic,Configuration
TimeoutsInExternalResourcesDiagnostic,Configuration
TooManyReturnsDiagnostic,MethodSymbol
TooManyReturnsDiagnostic,Symbol
TooManyReturnsDiagnostic,SymbolTree
TooManyReturnsDiagnostic,AbstractVisitorDiagnostic
TooManyReturnsDiagnostic,DiagnosticParameter
TooManyReturnsDiagnostic,Symbol
TooManyReturnsDiagnostic,Ranges
TooManyReturnsDiagnostic,RelatedInformation
TooManyReturnsDiagnostic,Trees
TryNumberDiagnostic,AbstractVisitorDiagnostic
TryNumberDiagnostic,Trees
TypoDiagnostic,AbstractDiagnostic
TypoDiagnostic,JLanguageToolPool
UnaryPlusInConcatenationDiagnostic,AbstractVisitorDiagnostic
UnaryPlusInConcatenationDiagnostic,Trees
UnionAllDiagnostic,AbstractSDBLVisitorDiagnostic
UnknownPreprocessorSymbolDiagnostic,Symbol
UnknownPreprocessorSymbolDiagnostic,AbstractVisitorDiagnostic
UnknownPreprocessorSymbolDiagnostic,Symbol
UnreachableCodeDiagnostic,AbstractVisitorDiagnostic
UnreachableCodeDiagnostic,Ranges
UnreachableCodeDiagnostic,Trees
UnsafeSafeModeMethodCallDiagnostic,AbstractFindMethodDiagnostic
UnsafeSafeModeMethodCallDiagnostic,Trees
UnusedLocalMethodDiagnostic,MethodSymbol
UnusedLocalMethodDiagnostic,Symbol
UnusedLocalMethodDiagnostic,SymbolTree
UnusedLocalMethodDiagnostic,AbstractVisitorDiagnostic
UnusedLocalMethodDiagnostic,DiagnosticParameter
UnusedLocalMethodDiagnostic,Symbol
UnusedLocalMethodDiagnostic,DiagnosticHelper
UnusedLocalMethodDiagnostic,Trees
UnusedLocalVariableDiagnostic,SymbolTree
UnusedLocalVariableDiagnostic,AbstractDiagnostic
UnusedLocalVariableDiagnostic,ReferenceIndex
UnusedParametersDiagnostic,AbstractVisitorDiagnostic
UnusedParametersDiagnostic,Trees
UsageWriteLogEventDiagnostic,AbstractVisitorDiagnostic
UsageWriteLogEventDiagnostic,Trees
UseLessForEachDiagnostic,Symbol
UseLessForEachDiagnostic,SymbolTree
UseLessForEachDiagnostic,AbstractVisitorDiagnostic
UseLessForEachDiagnostic,Symbol
UseLessForEachDiagnostic,Trees
UsingCancelParameterDiagnostic,AbstractVisitorDiagnostic
UsingCancelParameterDiagnostic,Trees
UsingExternalCodeToolsDiagnostic,AbstractVisitorDiagnostic
UsingExternalCodeToolsDiagnostic,Trees
UsingFindElementByStringDiagnostic,AbstractVisitorDiagnostic
UsingGotoDiagnostic,AbstractVisitorDiagnostic
UsingHardcodeNetworkAddressDiagnostic,AbstractVisitorDiagnostic
UsingHardcodeNetworkAddressDiagnostic,Trees
UsingHardcodePathDiagnostic,AbstractVisitorDiagnostic
UsingHardcodePathDiagnostic,DiagnosticParameter
UsingHardcodeSecretInformationDiagnostic,AbstractVisitorDiagnostic
UsingHardcodeSecretInformationDiagnostic,DiagnosticParameter
UsingHardcodeSecretInformationDiagnostic,Trees
UsingLikeInQueryDiagnostic,Symbol
UsingLikeInQueryDiagnostic,AbstractSDBLVisitorDiagnostic
UsingLikeInQueryDiagnostic,Symbol
UsingLikeInQueryDiagnostic,Trees
UsingModalWindowsDiagnostic,ServerContext
UsingModalWindowsDiagnostic,AbstractVisitorDiagnostic
UsingModalWindowsDiagnostic,DiagnosticParameter
UsingModalWindowsDiagnostic,Configuration
UsingModalWindowsDiagnostic,Configuration
UsingObjectNotAvailableUnixDiagnostic,AbstractVisitorDiagnostic
UsingObjectNotAvailableUnixDiagnostic,Trees
UsingServiceTagDiagnostic,AbstractDiagnostic
UsingServiceTagDiagnostic,DiagnosticParameter
UsingSynchronousCallsDiagnostic,ServerContext
UsingSynchronousCallsDiagnostic,MethodSymbol
UsingSynchronousCallsDiagnostic,Symbol
UsingSynchronousCallsDiagnostic,SymbolTree
UsingSynchronousCallsDiagnostic,AbstractVisitorDiagnostic
UsingSynchronousCallsDiagnostic,Symbol
UsingSynchronousCallsDiagnostic,Configuration
UsingSynchronousCallsDiagnostic,Configuration
UsingThisFormDiagnostic,DocumentContext
UsingThisFormDiagnostic,AbstractVisitorDiagnostic
UsingThisFormDiagnostic,QuickFixProvider
UsingThisFormDiagnostic,CodeActionProvider
UsingThisFormDiagnostic,Trees
VirtualTableCallWithoutParametersDiagnostic,AbstractSDBLVisitorDiagnostic
WrongDataPathForFormElementsDiagnostic,ServerContext
WrongDataPathForFormElementsDiagnostic,Data
WrongDataPathForFormElementsDiagnostic,SymbolTree
WrongDataPathForFormElementsDiagnostic,AbstractDiagnostic
WrongDataPathForFormElementsDiagnostic,Reference
WrongDataPathForFormElementsDiagnostic,Ranges
WrongDataPathForFormElementsDiagnostic,Configuration
WrongDataPathForFormElementsDiagnostic,Configuration
WrongHttpServiceHandlerDiagnostic,MethodSymbol
WrongHttpServiceHandlerDiagnostic,Symbol
WrongHttpServiceHandlerDiagnostic,SymbolTree
WrongHttpServiceHandlerDiagnostic,AbstractDiagnostic
WrongHttpServiceHandlerDiagnostic,Reference
WrongHttpServiceHandlerDiagnostic,Symbol
WrongHttpServiceHandlerDiagnostic,Ranges
WrongUseFunctionProceedWithCallDiagnostic,MethodSymbol
WrongUseFunctionProceedWithCallDiagnostic,Symbol
WrongUseFunctionProceedWithCallDiagnostic,SymbolTree
WrongUseFunctionProceedWithCallDiagnostic,AbstractFindMethodDiagnostic
WrongUseFunctionProceedWithCallDiagnostic,Symbol
WrongUseFunctionProceedWithCallDiagnostic,Trees
WrongUseOfRollbackTransactionMethodDiagnostic,AbstractFindMethodDiagnostic
WrongUseOfRollbackTransactionMethodDiagnostic,Trees
WrongWebServiceHandlerDiagnostic,MethodSymbol
WrongWebServiceHandlerDiagnostic,Symbol
WrongWebServiceHandlerDiagnostic,SymbolTree
WrongWebServiceHandlerDiagnostic,AbstractDiagnostic
WrongWebServiceHandlerDiagnostic,Symbol
WrongWebServiceHandlerDiagnostic,Ranges
YoLetterUsageDiagnostic,AbstractDiagnostic
DiagnosticBeanPostProcessor,LanguageServerConfiguration
DiagnosticBeanPostProcessor,DiagnosticsOptions
DiagnosticBeanPostProcessor,BSLDiagnostic
DiagnosticBeanPostProcessor,DiagnosticInfo
DiagnosticBeanPostProcessor,Configuration
DiagnosticBeanPostProcessor,Configuration
DiagnosticInfosConfiguration,LanguageServerConfiguration
DiagnosticInfosConfiguration,Annotation
DiagnosticInfosConfiguration,BSLDiagnostic
DiagnosticInfosConfiguration,Scope
DiagnosticInfosConfiguration,DiagnosticInfo
DiagnosticInfosConfiguration,DiagnosticMetadata
DiagnosticInfosConfiguration,Configuration
DiagnosticInfosConfiguration,Configuration
DiagnosticObjectProvider,BSLDiagnostic
DiagnosticsConfiguration,LanguageServerConfiguration
DiagnosticsConfiguration,DiagnosticsOptions
DiagnosticsConfiguration,DocumentContext
DiagnosticsConfiguration,ServerContext
DiagnosticsConfiguration,BSLDiagnostic
DiagnosticsConfiguration,Scope
DiagnosticsConfiguration,DiagnosticObjectProvider
DiagnosticsConfiguration,DiagnosticInfo
DiagnosticsConfiguration,Diagnostics
DiagnosticsConfiguration,Configuration
DiagnosticsConfiguration,Configuration
DiagnosticInfo,LanguageServerConfiguration
DiagnosticInfo,DefaultValue
DiagnosticInfo,Annotation
DiagnosticInfo,BSLDiagnostic
DiagnosticInfo,Scope
DiagnosticInfo,DiagnosticCode
DiagnosticInfo,DiagnosticMetadata
DiagnosticInfo,DiagnosticParameterInfo
DiagnosticInfo,Resources
DiagnosticInfo,Configuration
DiagnosticInfo,Configuration
DiagnosticParameterInfo,DefaultValue
DiagnosticParameterInfo,Annotation
DiagnosticParameterInfo,DiagnosticInfo
DiagnosticParameterInfo,DiagnosticParameter
DiagnosticDescriptionDocumentLinkSupplier,LanguageServerConfiguration
DiagnosticDescriptionDocumentLinkSupplier,DocumentLinkOptions
DiagnosticDescriptionDocumentLinkSupplier,DocumentContext
DiagnosticDescriptionDocumentLinkSupplier,DiagnosticCode
DiagnosticDescriptionDocumentLinkSupplier,DocumentLinkSupplier
DiagnosticDescriptionDocumentLinkSupplier,Diagnostics
DiagnosticDescriptionDocumentLinkSupplier,Resources
DiagnosticDescriptionDocumentLinkSupplier,Configuration
DiagnosticDescriptionDocumentLinkSupplier,Configuration
DocumentLinkSupplier,DocumentContext
AbstractCommentFoldingRangeSupplier,DocumentContext
AbstractCommentFoldingRangeSupplier,CommentFoldingRangeSupplier
AbstractCommentFoldingRangeSupplier,FoldingRangeSupplier
AbstractCommentFoldingRangeSupplier,Ranges
CodeBlockFoldingRangeSupplier,DocumentContext
CodeBlockFoldingRangeSupplier,CodeBlockVisitor
CodeBlockFoldingRangeSupplier,FoldingRangeSupplier
CodeBlockFoldingRangeSupplier,Ranges
CodeBlockVisitor,Symbol
CodeBlockVisitor,Symbol
CodeBlockVisitor,Ranges
CommentFoldingRangeSupplier,DocumentContext
CommentFoldingRangeSupplier,AbstractCommentFoldingRangeSupplier
CommentFoldingRangeSupplier,FoldingRangeSupplier
FoldingRangeSupplier,DocumentContext
FoldingRangeSupplier,Ranges
PreprocIfFoldingRangeSupplier,DocumentContext
PreprocIfFoldingRangeSupplier,FoldingRangeSupplier
PreprocIfFoldingRangeSupplier,PreprocIfVisitor
PreprocIfFoldingRangeSupplier,Ranges
PreprocIfVisitor,Ranges
QueryCommentFoldingRangeSupplier,DocumentContext
QueryCommentFoldingRangeSupplier,AbstractCommentFoldingRangeSupplier
QueryCommentFoldingRangeSupplier,CommentFoldingRangeSupplier
QueryCommentFoldingRangeSupplier,FoldingRangeSupplier
QueryPackageFoldingRangeSupplier,DocumentContext
QueryPackageFoldingRangeSupplier,FoldingRangeSupplier
QueryPackageFoldingRangeSupplier,Ranges
RegionFoldingRangeSupplier,DocumentContext
RegionFoldingRangeSupplier,RegionSymbol
RegionFoldingRangeSupplier,Symbol
RegionFoldingRangeSupplier,SymbolTree
RegionFoldingRangeSupplier,FoldingRangeSupplier
RegionFoldingRangeSupplier,Symbol
RegionFoldingRangeSupplier,Ranges
UseFoldingRangeSupplier,DocumentContext
UseFoldingRangeSupplier,FoldingRangeSupplier
UseFoldingRangeSupplier,Ranges
UseFoldingRangeSupplier,Trees
MarkupContentBuilder,Symbol
MarkupContentBuilder,Symbol
MarkupContentBuilderConfiguration,Symbol
MarkupContentBuilderConfiguration,Symbol
MarkupContentBuilderConfiguration,Configuration
MarkupContentBuilderConfiguration,Configuration
MethodSymbolMarkupContentBuilder,LanguageServerConfiguration
MethodSymbolMarkupContentBuilder,MethodSymbol
MethodSymbolMarkupContentBuilder,ParameterDefinition
MethodSymbolMarkupContentBuilder,DefaultValue
MethodSymbolMarkupContentBuilder,Symbol
MethodSymbolMarkupContentBuilder,MethodDescription
MethodSymbolMarkupContentBuilder,ParameterDescription
MethodSymbolMarkupContentBuilder,TypeDescription
MethodSymbolMarkupContentBuilder,MarkupContentBuilder
MethodSymbolMarkupContentBuilder,Location
MethodSymbolMarkupContentBuilder,Symbol
MethodSymbolMarkupContentBuilder,Location
MethodSymbolMarkupContentBuilder,MdoRefBuilder
MethodSymbolMarkupContentBuilder,Resources
MethodSymbolMarkupContentBuilder,Configuration
MethodSymbolMarkupContentBuilder,Configuration
VariableSymbolMarkupContentBuilder,LanguageServerConfiguration
VariableSymbolMarkupContentBuilder,Symbol
VariableSymbolMarkupContentBuilder,VariableSymbol
VariableSymbolMarkupContentBuilder,MarkupContentBuilder
VariableSymbolMarkupContentBuilder,Location
VariableSymbolMarkupContentBuilder,Symbol
VariableSymbolMarkupContentBuilder,Location
VariableSymbolMarkupContentBuilder,MdoRefBuilder
VariableSymbolMarkupContentBuilder,Resources
VariableSymbolMarkupContentBuilder,Configuration
VariableSymbolMarkupContentBuilder,Configuration
SchedulingConfiguration,Configuration
SchedulingConfiguration,Configuration
UtilsConfiguration,Configuration
UtilsConfiguration,Configuration
ProtocolExtension,DiagnosticParams
ProtocolExtension,Diagnostics
CallHierarchyProvider,DocumentContext
CallHierarchyProvider,SourceDefinedSymbol
CallHierarchyProvider,Symbol
CallHierarchyProvider,ReferenceIndex
CallHierarchyProvider,ReferenceResolver
CallHierarchyProvider,Reference
CallHierarchyProvider,Symbol
CallHierarchyProvider,MdoRefBuilder
CodeActionProvider,CodeActionSupplier
CodeActionProvider,DocumentContext
CodeActionProvider,Diagnostics
CodeLensProvider,ClientCapabilitiesHolder
CodeLensProvider,LanguageClientHolder
CodeLensProvider,CodeLensData
CodeLensProvider,CodeLensDataObjectMapper
CodeLensProvider,LanguageServerConfigurationChangedEvent
CodeLensProvider,DocumentContext
CodeLensProvider,Data
ColorProvider,ColorInformationSupplier
ColorProvider,ColorPresentationSupplier
ColorProvider,DocumentContext
DefinitionProvider,DocumentContext
DefinitionProvider,SourceDefinedSymbol
DefinitionProvider,Symbol
DefinitionProvider,ReferenceResolver
DefinitionProvider,Reference
DefinitionProvider,Symbol
DiagnosticProvider,LanguageClientHolder
DiagnosticProvider,DocumentContext
DiagnosticProvider,Diagnostics
DocumentLinkProvider,DocumentContext
DocumentLinkProvider,DocumentLinkSupplier
DocumentSymbolProvider,DocumentContext
DocumentSymbolProvider,SourceDefinedSymbol
DocumentSymbolProvider,Symbol
DocumentSymbolProvider,SymbolTree
DocumentSymbolProvider,SymbolProvider
DocumentSymbolProvider,Symbol
FoldingRangeProvider,DocumentContext
FoldingRangeProvider,FoldingRangeSupplier
FoldingRangeProvider,Ranges
FormatProvider,DocumentContext
FormatProvider,Ranges
HoverProvider,DocumentContext
HoverProvider,Symbol
HoverProvider,ReferenceResolver
HoverProvider,Reference
HoverProvider,Symbol
ReferencesProvider,DocumentContext
ReferencesProvider,SourceDefinedSymbol
ReferencesProvider,Symbol
ReferencesProvider,ReferenceIndex
ReferencesProvider,ReferenceResolver
ReferencesProvider,Location
ReferencesProvider,Reference
ReferencesProvider,Symbol
ReferencesProvider,Location
SelectionRangeProvider,DocumentContext
SelectionRangeProvider,Symbol
SelectionRangeProvider,Symbol
SelectionRangeProvider,Ranges
SelectionRangeProvider,Trees
SymbolProvider,DocumentContext
SymbolProvider,ServerContext
SymbolProvider,SourceDefinedSymbol
SymbolProvider,Symbol
SymbolProvider,SymbolTree
SymbolProvider,VariableSymbol
SymbolProvider,Location
SymbolProvider,Symbol
SymbolProvider,Location
BSLFootprint,AbstractDetector
BSLFootprint,CamelCaseDetector
BSLFootprint,ContainsDetector
BSLFootprint,EndWithDetector
BSLFootprint,KeywordsDetector
BSLFootprint,LanguageFootprint
BSLFootprint,PatternDetector
CamelCaseDetector,AbstractDetector
CodeRecognizer,AbstractDetector
CodeRecognizer,LanguageFootprint
ContainsDetector,AbstractDetector
EndWithDetector,AbstractDetector
KeywordsDetector,AbstractDetector
LanguageFootprint,AbstractDetector
PatternDetector,AbstractDetector
ReferenceFinder,Reference
ReferenceIndex,ServerContext
ReferenceIndex,Exportable
ReferenceIndex,MethodSymbol
ReferenceIndex,SourceDefinedSymbol
ReferenceIndex,Symbol
ReferenceIndex,SymbolTree
ReferenceIndex,VariableSymbol
ReferenceIndex,Location
ReferenceIndex,LocationRepository
ReferenceIndex,Reference
ReferenceIndex,Symbol
ReferenceIndex,SymbolOccurrence
ReferenceIndex,SymbolOccurrenceRepository
ReferenceIndex,Location
ReferenceIndex,MdoRefBuilder
ReferenceIndex,Ranges
ReferenceIndexFiller,DocumentContext
ReferenceIndexFiller,DocumentContextContentChangedEvent
ReferenceIndexFiller,ReferenceIndex
ReferenceIndexFiller,MethodSymbolReferenceIndexFinder
ReferenceIndexFiller,VariableSymbolReferenceIndexFinder
MethodSymbolReferenceIndexFinder,DocumentContext
MethodSymbolReferenceIndexFinder,ServerContext
MethodSymbolReferenceIndexFinder,MethodSymbol
MethodSymbolReferenceIndexFinder,Symbol
MethodSymbolReferenceIndexFinder,SymbolTree
MethodSymbolReferenceIndexFinder,Symbol
MethodSymbolReferenceIndexFinder,MdoRefBuilder
MethodSymbolReferenceIndexFinder,Ranges
MethodSymbolReferenceIndexFinder,Configuration
MethodSymbolReferenceIndexFinder,Configuration
VariableSymbolReferenceIndexFinder,DocumentContext
VariableSymbolReferenceIndexFinder,MethodSymbol
VariableSymbolReferenceIndexFinder,SourceDefinedSymbol
VariableSymbolReferenceIndexFinder,Symbol
VariableSymbolReferenceIndexFinder,SymbolTree
VariableSymbolReferenceIndexFinder,VariableSymbol
VariableSymbolReferenceIndexFinder,Scope
VariableSymbolReferenceIndexFinder,Symbol
VariableSymbolReferenceIndexFinder,MdoRefBuilder
VariableSymbolReferenceIndexFinder,Ranges
VariableSymbolReferenceIndexFinder,Trees
ReferenceIndexReferenceFinder,ReferenceFinder
ReferenceIndexReferenceFinder,ReferenceIndex
ReferenceIndexReferenceFinder,Reference
ReferenceResolver,ReferenceFinder
ReferenceResolver,Reference
SourceDefinedSymbolDeclarationReferenceFinder,DocumentContext
SourceDefinedSymbolDeclarationReferenceFinder,ServerContext
SourceDefinedSymbolDeclarationReferenceFinder,Symbol
SourceDefinedSymbolDeclarationReferenceFinder,SymbolTree
SourceDefinedSymbolDeclarationReferenceFinder,ReferenceFinder
SourceDefinedSymbolDeclarationReferenceFinder,Reference
SourceDefinedSymbolDeclarationReferenceFinder,Symbol
SourceDefinedSymbolDeclarationReferenceFinder,Ranges
LocationRepository,Location
LocationRepository,SymbolOccurrence
LocationRepository,Location
Reference,SourceDefinedSymbol
Reference,Symbol
Reference,Location
Reference,Symbol
Reference,Location
SymbolOccurrence,Symbol
SymbolOccurrence,Location
SymbolOccurrence,Symbol
SymbolOccurrence,Location
SymbolOccurrenceRepository,Symbol
SymbolOccurrenceRepository,Symbol
SymbolOccurrenceRepository,SymbolOccurrence
ConsoleReporter,DiagnosticReporter
ConsoleReporter,AnalysisInfo
DiagnosticReporter,AnalysisInfo
GenericIssueReport,DiagnosticCode
GenericIssueReport,DiagnosticInfo
GenericIssueReport,Diagnostics
GenericIssueReport,GenericIssueEntry
GenericIssueReport,AnalysisInfo
GenericIssueReport,FileInfo
GenericIssueEntry,DiagnosticInfo
GenericIssueEntry,Location
GenericIssueEntry,Location
GenericIssueEntry,RelatedInformation
Location,TextRange
Location,RelatedInformation
GenericIssueReporter,DiagnosticInfo
GenericIssueReporter,DiagnosticReporter
GenericIssueReporter,GenericIssueReport
GenericIssueReporter,AnalysisInfo
JsonReporter,DiagnosticReporter
JsonReporter,AnalysisInfo
JsonReporter,AnalysisInfoObjectMapper
JUnitReporter,DiagnosticReporter
JUnitReporter,JUnitTestSuites
JUnitReporter,AnalysisInfo
JUnitTestSuites,DiagnosticCode
JUnitTestSuites,Diagnostics
JUnitTestSuites,JUnitTestSuite
JUnitTestSuites,JUnitTestCase
JUnitTestSuites,FileInfo
JUnitTestSuite,JUnitTestCase
JUnitTestSuite,JUnitFailure
JUnitTestSuite,JUnitFailureDeserializer
JUnitTestCase,Data
JUnitTestCase,JUnitFailure
JUnitFailure,JUnitFailureDeserializer
ReportersAggregator,DiagnosticReporter
ReportersAggregator,AnalysisInfo
SarifReporter,LanguageServerConfiguration
SarifReporter,DiagnosticsOptions
SarifReporter,DefaultValue
SarifReporter,DiagnosticCode
SarifReporter,DiagnosticInfo
SarifReporter,Diagnostics
SarifReporter,Location
SarifReporter,Reference
SarifReporter,DiagnosticReporter
SarifReporter,Location
SarifReporter,AnalysisInfo
SarifReporter,FileInfo
SarifReporter,RelatedInformation
SarifReporter,Configuration
SarifReporter,Configuration
TSLintReportEntry,EntryPosition
TSLintReporter,Diagnostics
TSLintReporter,DiagnosticReporter
TSLintReporter,TSLintReportEntry
TSLintReporter,AnalysisInfo
TSLintReporter,FileInfo
AnalysisInfo,FileInfo
FileInfo,DocumentContext
FileInfo,MetricStorage
FileInfo,Reference
AnalysisInfoObjectMapper,DiagnosticMixIn
DiagnosticCodeSerializer,DiagnosticCode
DiagnosticMixIn,DiagnosticCodeDeserializer
DiagnosticMixIn,DiagnosticCodeSerializer
ReportersConfiguration,AnalyzeCommand
ReportersConfiguration,DiagnosticReporter
ReportersConfiguration,Configuration
ReportersConfiguration,Configuration
DiagnosticHelper,Symbol
DiagnosticHelper,BSLDiagnostic
DiagnosticHelper,DiagnosticParameterInfo
DiagnosticHelper,Symbol
DiagnosticHelper,Configuration
DiagnosticHelper,Configuration
MdoRefBuilder,DocumentContext
MdoRefBuilder,ServerContext
MdoRefBuilder,Reference
MdoRefBuilder,Configuration
MdoRefBuilder,Configuration
MultilingualStringAnalyser,Trees
Ranges,Symbol
Ranges,Symbol
Regions,Keywords
RelatedInformation,Location
RelatedInformation,Location
Resources,UTF8Control
Trees,Symbol
Trees,Symbol
AbstractCallNode,BslExpression
BinaryOperationNode,BslExpression
BinaryOperationNode,BslOperationNode
BslOperationNode,BslExpression
ConstructorCallNode,AbstractCallNode
ConstructorCallNode,BslExpression
ConstructorCallNode,TerminalSymbolNode
DefaultNodeEqualityComparer,DiagnosticHelper
DefaultNodeEqualityComparer,AbstractCallNode
DefaultNodeEqualityComparer,BinaryOperationNode
DefaultNodeEqualityComparer,BslExpression
DefaultNodeEqualityComparer,ConstructorCallNode
DefaultNodeEqualityComparer,MethodCallNode
DefaultNodeEqualityComparer,NodeEqualityComparer
DefaultNodeEqualityComparer,TerminalSymbolNode
DefaultNodeEqualityComparer,TernaryOperatorNode
DefaultNodeEqualityComparer,UnaryOperationNode
ExpressionParseTreeRewriter,BslExpression
ExpressionParseTreeRewriter,ExpressionTreeBuildingVisitor
ExpressionTreeBuildingVisitor,Symbol
ExpressionTreeBuildingVisitor,Symbol
ExpressionTreeBuildingVisitor,AbstractCallNode
ExpressionTreeBuildingVisitor,BinaryOperationNode
ExpressionTreeBuildingVisitor,BslExpression
ExpressionTreeBuildingVisitor,ConstructorCallNode
ExpressionTreeBuildingVisitor,ExpressionParseTreeRewriter
ExpressionTreeBuildingVisitor,OperatorInCode
ExpressionTreeBuildingVisitor,MethodCallNode
ExpressionTreeBuildingVisitor,SkippedCallArgumentNode
ExpressionTreeBuildingVisitor,TerminalSymbolNode
ExpressionTreeBuildingVisitor,TernaryOperatorNode
ExpressionTreeBuildingVisitor,UnaryOperationNode
MethodCallNode,AbstractCallNode
NodeEqualityComparer,BslExpression
SkippedCallArgumentNode,BslExpression
TerminalSymbolNode,BslExpression
TernaryOperatorNode,BslExpression
TransitiveOperationsIgnoringComparer,BinaryOperationNode
TransitiveOperationsIgnoringComparer,DefaultNodeEqualityComparer
TransitiveOperationsIgnoringComparer,NodeEqualityComparer
UnaryOperationNode,BslExpression
UnaryOperationNode,BslOperationNode
AbstractDiagnosticTest,LanguageServerConfiguration
AbstractDiagnosticTest,DocumentContext
AbstractDiagnosticTest,ServerContext
AbstractDiagnosticTest,BSLDiagnostic
AbstractDiagnosticTest,QuickFixProvider
AbstractDiagnosticTest,DiagnosticObjectProvider
AbstractDiagnosticTest,Diagnostics
AbstractDiagnosticTest,Configuration
AbstractDiagnosticTest,Configuration
AbstractDiagnosticTest,TestUtils
ReferenceResolverTest,ReferenceFinder
ReferenceResolverTest,ReferenceResolver
ReferenceResolverTest,Reference
ReferenceResolverTest,Configuration
ReferenceResolverTest,Configuration
ReportersAggregatorTest,ConsoleReporter
ReportersAggregatorTest,DiagnosticReporter
ReportersAggregatorTest,Configuration
ReportersAggregatorTest,Configuration
Assertions,Ranges
Assertions,CodeActionAssert
Assertions,ColorInformationsAssert
Assertions,ColorPresentationsAssert
Assertions,DiagnosticAssert
Assertions,DiagnosticsAssert
Assertions,FoldingRangeAssert
Assertions,FoldingRangesAssert
Assertions,SelectionRangesAssert
DirtyContextBeforeClassAndAfterClassTestExecutionListener,AbstractDirtyContextTestExecutionListener
DirtyContextBeforeClassAndAfterTestMethodTestExecutionListener,AbstractDirtyContextTestExecutionListener
RefreshContextTestExecutionListener,TestApplicationContext
TestUtils,DocumentContext
TestUtils,ServerContext
TestUtils,TestApplicationContext
CodeActionAssert,DocumentContext
CodeActionAssert,BSLDiagnostic
CodeActionAssert,Diagnostics
CodeActionAssert,Ranges
CodeActionAssert,Assertions
ColorInformationAssertFactory,ColorInformationAssert
ColorInformationsAssert,ColorInformationAssert
ColorInformationsAssert,ColorInformationAssertFactory
ColorPresentationAssertFactory,ColorPresentationAssert
ColorPresentationsAssert,ColorPresentationAssert
ColorPresentationsAssert,ColorPresentationAssertFactory
DiagnosticAssert,Ranges
DiagnosticAssertFactory,DiagnosticAssert
DiagnosticsAssert,DiagnosticAssert
DiagnosticsAssert,DiagnosticAssertFactory
FoldingRangeAssertFactory,FoldingRangeAssert
FoldingRangesAssert,FoldingRangeAssert
FoldingRangesAssert,FoldingRangeAssertFactory
SelectionRangeAssert,Ranges
SelectionRangeAssertFactory,SelectionRangeAssert
SelectionRangesAssert,SelectionRangeAssert
SelectionRangesAssert,SelectionRangeAssertFactory
