ConfManager,NutchConfig
ConfManager,NutchConfig
JobManager,JobConfig
JobManager,JobInfo
JobManager,JobConfig
JobManager,JobInfo
NutchServer,ConfManager
NutchServer,JobManager
NutchServer,JobFactory
NutchServer,NutchServerPoolExecutor
NutchServer,RAMConfManager
NutchServer,RAMJobManager
NutchServer,ErrorStatusService
NutchServer,JobInfo
NutchServer,AdminResource
NutchServer,ConfigResource
NutchServer,DbResource
NutchServer,JobResource
NutchServer,SeedResource
NutchServer,SecurityUtils
NutchServer,Parser
NutchServer,Protocol
NutchServer,Host
NutchServer,Builder
NutchServer,Builder
NutchServer,Builder
NutchServer,Builder
NutchServer,JobInfo
NutchServer,Parser
JobFactory,DbUpdaterJob
JobFactory,GeneratorJob
JobFactory,InjectorJob
JobFactory,WebTableReader
JobFactory,FetcherJob
JobFactory,IndexingJob
JobFactory,ParserJob
JobFactory,NutchTool
JobWorker,JobConfig
JobWorker,JobInfo
JobWorker,ConfigResource
JobWorker,Nutch
JobWorker,NutchTool
JobWorker,JobConfig
JobWorker,JobInfo
NutchServerPoolExecutor,JobWorker
NutchServerPoolExecutor,JobInfo
NutchServerPoolExecutor,JobInfo
RAMConfManager,ConfManager
RAMConfManager,NutchConfig
RAMConfManager,ConfigResource
RAMConfManager,NutchConfiguration
RAMConfManager,NutchConfig
RAMJobManager,ConfManager
RAMJobManager,JobManager
RAMJobManager,JobFactory
RAMJobManager,JobWorker
RAMJobManager,NutchServerPoolExecutor
RAMJobManager,JobConfig
RAMJobManager,JobInfo
RAMJobManager,NutchTool
RAMJobManager,JobConfig
RAMJobManager,JobInfo
DbIterator,DbPageConverter
DbIterator,Builder
DbIterator,Builder
DbIterator,Builder
DbIterator,WebPage
DbIterator,Builder
DbIterator,NutchJob
DbIterator,TableUtil
DbPageConverter,Signature
DbPageConverter,Metadata
DbPageConverter,ParseStatusUtils
DbPageConverter,Content
DbPageConverter,ProtocolStatusUtils
DbPageConverter,ParseStatus
DbPageConverter,ProtocolStatus
DbPageConverter,WebPage
DbPageConverter,Bytes
DbPageConverter,StringUtil
DbReader,DbIterator
DbReader,DbFilter
DbReader,Nutch
DbReader,StorageUtils
DbReader,WebPage
DbReader,TableUtil
ErrorStatusService,ErrorResponse
ErrorStatusService,Response
SeedList,SeedUrl
SeedList,SeedUrl
SeedUrl,SeedList
SeedUrl,SeedList
ErrorResponse,Response
JobInfo,JobConfig
JobInfo,JobConfig
NutchStatus,JobInfo
NutchStatus,JobInfo
AbstractResource,ConfManager
AbstractResource,JobManager
AbstractResource,NutchServer
AbstractResource,Response
AdminResource,NutchStatus
AdminResource,AbstractResource
AdminResource,SecurityUtils
AdminResource,HttpHeaders
AdminResource,NutchStatus
ConfigResource,NutchConfig
ConfigResource,AbstractResource
ConfigResource,SecurityUtils
ConfigResource,Response
ConfigResource,NutchConfig
DbResource,DbReader
DbResource,DbFilter
DbResource,DbQueryResult
DbResource,AbstractResource
DbResource,ConfigResource
DbResource,SecurityUtils
JobResource,JobConfig
JobResource,JobInfo
JobResource,AbstractResource
JobResource,SecurityUtils
JobResource,JobConfig
JobResource,JobInfo
SeedResource,SeedList
SeedResource,SeedUrl
SeedResource,AbstractResource
SeedResource,SecurityUtils
SeedResource,Response
SeedResource,SeedList
SeedResource,SeedUrl
SeedResource,File
SecurityUtils,ConfManager
SecurityUtils,Response
SecurityUtils,User
AbstractFetchSchedule,CrawlStatus
AbstractFetchSchedule,FetchSchedule
AbstractFetchSchedule,WebPage
AdaptiveFetchSchedule,AbstractFetchSchedule
AdaptiveFetchSchedule,FetchSchedule
AdaptiveFetchSchedule,WebPage
DbUpdateMapper,DbUpdaterJob
DbUpdateMapper,NutchWritable
DbUpdateMapper,UrlWithScore
DbUpdateMapper,Mapper
DbUpdateMapper,Nutch
DbUpdateMapper,ScoreDatum
DbUpdateMapper,ScoringFilterException
DbUpdateMapper,ScoringFilters
DbUpdateMapper,WebPage
DbUpdateMapper,TableUtil
DbUpdateMapper,WebPageWritable
DbUpdateReducer,CrawlStatus
DbUpdateReducer,DbUpdaterJob
DbUpdateReducer,FetchSchedule
DbUpdateReducer,FetchScheduleFactory
DbUpdateReducer,NutchWritable
DbUpdateReducer,Signature
DbUpdateReducer,SignatureComparator
DbUpdateReducer,UrlWithScore
DbUpdateReducer,FetcherJob
DbUpdateReducer,Metadata
DbUpdateReducer,HttpDateFormat
DbUpdateReducer,ScoreDatum
DbUpdateReducer,ScoringFilterException
DbUpdateReducer,ScoringFilters
DbUpdateReducer,Builder
DbUpdateReducer,Builder
DbUpdateReducer,Builder
DbUpdateReducer,StorageUtils
DbUpdateReducer,WebPage
DbUpdateReducer,Builder
DbUpdateReducer,TableUtil
DbUpdateReducer,WebPageWritable
DbUpdaterJob,DbUpdateMapper
DbUpdaterJob,DbUpdateReducer
DbUpdaterJob,NutchWritable
DbUpdaterJob,UrlWithScore
DbUpdaterJob,UrlOnlyPartitioner
DbUpdaterJob,UrlScoreComparator
DbUpdaterJob,UrlOnlyComparator
DbUpdaterJob,Mapper
DbUpdaterJob,Nutch
DbUpdaterJob,ScoringFilters
DbUpdaterJob,StorageUtils
DbUpdaterJob,WebPage
DbUpdaterJob,NutchConfiguration
DbUpdaterJob,NutchJob
DbUpdaterJob,NutchTool
DbUpdaterJob,TimingUtil
DbUpdaterJob,ToolUtil
DbUpdaterJob,ScoreComparator
DefaultFetchSchedule,AbstractFetchSchedule
DefaultFetchSchedule,FetchSchedule
DefaultFetchSchedule,WebPage
FetchSchedule,WebPage
FetchScheduleFactory,DefaultFetchSchedule
FetchScheduleFactory,FetchSchedule
FetchScheduleFactory,ObjectCache
GeneratorJob,WebPage
GeneratorJob,NutchTool
SelectorEntryComparator,FetchSchedule
SelectorEntryComparator,FetchScheduleFactory
SelectorEntryComparator,GeneratorJob
SelectorEntryComparator,SelectorEntry
SelectorEntryComparator,GeneratorMapper
SelectorEntryComparator,GeneratorReducer
SelectorEntryComparator,URLPartitioner
SelectorEntryComparator,SelectorEntryPartitioner
SelectorEntryComparator,Mapper
SelectorEntryComparator,Nutch
SelectorEntryComparator,StorageUtils
SelectorEntryComparator,WebPage
SelectorEntryComparator,NutchConfiguration
SelectorEntryComparator,NutchJob
SelectorEntryComparator,TimingUtil
SelectorEntryComparator,ToolUtil
GeneratorMapper,DbUpdaterJob
GeneratorMapper,FetchSchedule
GeneratorMapper,FetchScheduleFactory
GeneratorMapper,GeneratorJob
GeneratorMapper,SelectorEntry
GeneratorMapper,Mapper
GeneratorMapper,URLFilterException
GeneratorMapper,URLFilters
GeneratorMapper,URLNormalizers
GeneratorMapper,ScoringFilterException
GeneratorMapper,ScoringFilters
GeneratorMapper,WebPage
GeneratorMapper,TableUtil
GeneratorReducer,GeneratorJob
GeneratorReducer,SelectorEntry
GeneratorReducer,Host
GeneratorReducer,WebPage
GeneratorReducer,TableUtil
GeneratorReducer,URLUtil
InjectorJob,WebPage
InjectorJob,NutchTool
UrlMapper,DbUpdaterJob
UrlMapper,InjectorJob
UrlMapper,Mapper
UrlMapper,Metadata
UrlMapper,Nutch
UrlMapper,URLFilters
UrlMapper,URLNormalizers
UrlMapper,ScoringFilterException
UrlMapper,ScoringFilters
UrlMapper,Builder
UrlMapper,Builder
UrlMapper,Builder
UrlMapper,StorageUtils
UrlMapper,WebPage
UrlMapper,Builder
UrlMapper,Bytes
UrlMapper,NutchConfiguration
UrlMapper,NutchJob
UrlMapper,TableUtil
UrlMapper,TimingUtil
UrlMapper,ToolUtil
UrlMapper,File
MD5Signature,Signature
MD5Signature,Content
MD5Signature,WebPage
MD5Signature,Bytes
NutchWritable,ScoreDatum
NutchWritable,GenericWritableConfigurable
NutchWritable,WebPageWritable
Signature,WebPage
SignatureFactory,MD5Signature
SignatureFactory,Signature
SignatureFactory,WebPage
SignatureFactory,ObjectCache
TextMD5Signature,MD5Signature
TextMD5Signature,Signature
TextMD5Signature,WebPage
TextProfileSignature,MD5Signature
TextProfileSignature,Signature
TextProfileSignature,Token
TextProfileSignature,TokenComparator
TextProfileSignature,WebPage
TokenComparator,Token
URLPartitioner,GeneratorJob
URLPartitioner,URLNormalizers
URLPartitioner,Host
URLPartitioner,URLUtil
SelectorEntryPartitioner,SelectorEntry
SelectorEntryPartitioner,URLPartitioner
SelectorEntryPartitioner,WebPage
FetchEntryPartitioner,URLPartitioner
FetchEntryPartitioner,FetchEntry
FetchEntryPartitioner,TableUtil
URLWebPage,WebPage
UrlWithScore,UrlScoreComparator
UrlWithScore,ScoreComparator
UrlOnlyPartitioner,NutchWritable
UrlOnlyPartitioner,UrlWithScore
UrlScoreComparator,UrlWithScore
UrlScoreComparator,ScoreComparator
UrlOnlyComparator,UrlWithScore
WebTableReader,NutchTool
WebTableStatMapper,Mapper
WebTableStatMapper,Host
WebTableStatMapper,WebPage
WebTableStatMapper,TableUtil
WebTableStatReducer,Nutch
WebTableStatReducer,Content
WebTableStatReducer,StorageUtils
WebTableStatReducer,WebPage
WebTableStatReducer,TableUtil
WebTableStatReducer,ToolUtil
WebTableRegexMapper,CrawlStatus
WebTableRegexMapper,Signature
WebTableRegexMapper,WebTableReader
WebTableRegexMapper,WebTableStatMapper
WebTableRegexMapper,WebTableStatCombiner
WebTableRegexMapper,WebTableStatReducer
WebTableRegexMapper,Mapper
WebTableRegexMapper,Metadata
WebTableRegexMapper,Nutch
WebTableRegexMapper,ParseStatusUtils
WebTableRegexMapper,Content
WebTableRegexMapper,ProtocolStatusUtils
WebTableRegexMapper,ParseStatus
WebTableRegexMapper,ProtocolStatus
WebTableRegexMapper,StorageUtils
WebTableRegexMapper,WebPage
WebTableRegexMapper,Bytes
WebTableRegexMapper,NutchConfiguration
WebTableRegexMapper,NutchJob
WebTableRegexMapper,StringUtil
WebTableRegexMapper,TableUtil
WebTableRegexMapper,ToolUtil
WebTableRegexMapper,File
FetchEntry,WebPage
FetcherJob,WebPage
FetcherJob,NutchTool
FetcherMapper,GeneratorJob
FetcherMapper,FetchEntryPartitioner
FetcherMapper,FetchEntry
FetcherMapper,FetcherJob
FetcherMapper,FetcherReducer
FetcherMapper,Mapper
FetcherMapper,Nutch
FetcherMapper,URLFilters
FetcherMapper,ParserJob
FetcherMapper,ProtocolFactory
FetcherMapper,StorageUtils
FetcherMapper,WebPage
FetcherMapper,NutchConfiguration
FetcherMapper,NutchJob
FetcherMapper,TableUtil
FetcherMapper,TimingUtil
FetcherMapper,ToolUtil
FetcherReducer,FetchEntry
FetcherReducer,FetcherJob
FetcherReducer,FetchItemQueues
FetcherReducer,FetcherThread
FetcherReducer,QueueFeeder
FetcherReducer,ParseUtil
FetcherReducer,WebPage
FetchItem,FetchItemQueues
FetchItem,Protocol
FetchItem,Host
FetchItem,WebPage
FetchItem,URLUtil
FetchItemQueue,FetchItem
FetchItemQueues,FetchItem
FetchItemQueues,FetchItemQueue
FetchItemQueues,HostDb
FetchItemQueues,Host
FetchItemQueues,WebPage
FetcherThread,CrawlStatus
FetcherThread,FetcherJob
FetcherThread,FetchItem
FetcherThread,FetchItemQueue
FetcherThread,Metadata
FetcherThread,URLFilterException
FetcherThread,URLFilters
FetcherThread,URLNormalizers
FetcherThread,ParserJob
FetcherThread,Content
FetcherThread,Protocol
FetcherThread,ProtocolFactory
FetcherThread,ProtocolOutput
FetcherThread,ProtocolStatusCodes
FetcherThread,ProtocolStatusUtils
FetcherThread,RobotRules
FetcherThread,Host
FetcherThread,ProtocolStatus
FetcherThread,WebPage
FetcherThread,TableUtil
FetcherThread,URLUtil
FetcherThread,File
QueueFeeder,FetchEntry
QueueFeeder,FetcherJob
QueueFeeder,FetchItem
QueueFeeder,FetchItemQueues
QueueFeeder,FetcherThread
QueueFeeder,ParserJob
QueueFeeder,ParseUtil
QueueFeeder,Content
QueueFeeder,Builder
QueueFeeder,Builder
QueueFeeder,Builder
QueueFeeder,WebPage
QueueFeeder,Builder
QueueFeeder,Bytes
QueueFeeder,TableUtil
CacheHost,HostDb
CacheHost,Host
CacheHost,Builder
CacheHost,Builder
CacheHost,Builder
CacheHost,StorageUtils
CacheHost,Builder
CacheHost,TableUtil
HostDbReader,DbReader
HostDbReader,Host
HostDbReader,StorageUtils
HostDbReader,NutchConfiguration
HostDbReader,TableUtil
HostDbUpdateJob,WebPage
Mapper,DbUpdateReducer
Mapper,HostDbUpdateJob
Mapper,HostDbUpdateReducer
Mapper,Nutch
Mapper,Host
Mapper,StorageUtils
Mapper,WebPage
Mapper,NutchConfiguration
Mapper,NutchJob
Mapper,TableUtil
HostDbUpdateReducer,CrawlStatus
HostDbUpdateReducer,DbUpdateReducer
HostDbUpdateReducer,Metadata
HostDbUpdateReducer,Host
HostDbUpdateReducer,WebPage
HostDbUpdateReducer,Bytes
HostDbUpdateReducer,URLUtil
HostInjectorJob,InjectorJob
HostInjectorJob,Host
UrlMapper,InjectorJob
UrlMapper,Mapper
UrlMapper,HostInjectorJob
UrlMapper,Metadata
UrlMapper,Host
UrlMapper,Builder
UrlMapper,Builder
UrlMapper,Builder
UrlMapper,StorageUtils
UrlMapper,Builder
UrlMapper,Bytes
UrlMapper,NutchConfiguration
UrlMapper,NutchJob
UrlMapper,TableUtil
CleaningJob,IndexCleaningFilters
CleaningJob,WebPage
CleaningJob,NutchTool
CleanMapper,CrawlStatus
CleanMapper,Mapper
CleanMapper,IndexCleaningFilters
CleanMapper,IndexingException
CleanMapper,WebPage
CleanReducer,Mapper
CleanReducer,CleaningJob
CleanReducer,CleanMapper
CleanReducer,IndexWriters
CleanReducer,Nutch
CleanReducer,StorageUtils
CleanReducer,WebPage
CleanReducer,NutchConfiguration
CleanReducer,NutchJob
CleanReducer,ToolUtil
IndexCleaningFilter,FieldPluggable
IndexCleaningFilter,Pluggable
IndexCleaningFilter,WebPage
IndexCleaningFilters,IndexCleaningFilter
IndexCleaningFilters,IndexingException
IndexCleaningFilters,Extension
IndexCleaningFilters,ExtensionPoint
IndexCleaningFilters,PluginRepository
IndexCleaningFilters,PluginRuntimeException
IndexCleaningFilters,WebPage
IndexCleaningFilters,ObjectCache
IndexerOutputFormat,IndexWriters
IndexerOutputFormat,NutchDocument
IndexingFilter,NutchDocument
IndexingFilter,FieldPluggable
IndexingFilter,Pluggable
IndexingFilter,WebPage
IndexingFilters,IndexingException
IndexingFilters,IndexingFilter
IndexingFilters,NutchDocument
IndexingFilters,Extension
IndexingFilters,ExtensionPoint
IndexingFilters,PluginRepository
IndexingFilters,PluginRuntimeException
IndexingFilters,WebPage
IndexingFilters,ObjectCache
IndexingFiltersChecker,CrawlStatus
IndexingFiltersChecker,Signature
IndexingFiltersChecker,IndexingException
IndexingFiltersChecker,IndexingFilters
IndexingFiltersChecker,NutchDocument
IndexingFiltersChecker,ParserJob
IndexingFiltersChecker,ParseStatusUtils
IndexingFiltersChecker,ParseUtil
IndexingFiltersChecker,Content
IndexingFiltersChecker,Protocol
IndexingFiltersChecker,ProtocolFactory
IndexingFiltersChecker,ProtocolOutput
IndexingFiltersChecker,ProtocolStatusCodes
IndexingFiltersChecker,ProtocolStatusUtils
IndexingFiltersChecker,Builder
IndexingFiltersChecker,ParseStatus
IndexingFiltersChecker,Builder
IndexingFiltersChecker,ProtocolStatus
IndexingFiltersChecker,Builder
IndexingFiltersChecker,WebPage
IndexingFiltersChecker,Builder
IndexingFiltersChecker,NutchConfiguration
IndexingFiltersChecker,StringUtil
IndexingFiltersChecker,URLUtil
IndexingJob,WebPage
IndexingJob,NutchTool
IndexerMapper,GeneratorJob
IndexerMapper,Mapper
IndexerMapper,IndexerOutputFormat
IndexerMapper,IndexingFilters
IndexerMapper,IndexingJob
IndexerMapper,IndexUtil
IndexerMapper,IndexWriters
IndexerMapper,NutchDocument
IndexerMapper,SolrConstants
IndexerMapper,Nutch
IndexerMapper,ParseStatusCodes
IndexerMapper,ParseStatusUtils
IndexerMapper,ScoringFilters
IndexerMapper,ParseStatus
IndexerMapper,StorageUtils
IndexerMapper,WebPage
IndexerMapper,NutchConfiguration
IndexerMapper,NutchJob
IndexerMapper,TableUtil
IndexerMapper,ToolUtil
IndexerMapper,SolrConstants
IndexUtil,Signature
IndexUtil,IndexingException
IndexUtil,IndexingFilters
IndexUtil,NutchDocument
IndexUtil,ScoringFilterException
IndexUtil,ScoringFilters
IndexUtil,WebPage
IndexUtil,StringUtil
IndexUtil,TableUtil
IndexWriter,NutchDocument
IndexWriter,Pluggable
IndexWriters,IndexWriter
IndexWriters,NutchDocument
IndexWriters,Extension
IndexWriters,ExtensionPoint
IndexWriters,PluginRepository
IndexWriters,PluginRuntimeException
IndexWriters,ObjectCache
NutchDocument,Metadata
NutchDocument,Builder
NutchDocument,Builder
NutchDocument,Builder
NutchDocument,Builder
SolrDeleteDuplicates,SolrConstants
SolrDeleteDuplicates,SolrRecord
SolrDeleteDuplicates,SolrConstants
SolrRecord,SolrConstants
SolrRecord,SolrConstants
SolrRecordReader,SolrConstants
SolrRecordReader,SolrRecord
SolrRecordReader,SolrConstants
SolrInputFormat,Mapper
SolrInputFormat,SolrConstants
SolrInputFormat,SolrDeleteDuplicates
SolrInputFormat,SolrRecord
SolrInputFormat,SolrInputSplit
SolrInputFormat,SolrRecordReader
SolrInputFormat,SolrUtils
SolrInputFormat,Response
SolrInputFormat,NutchConfiguration
SolrInputFormat,NutchJob
SolrInputFormat,SolrConstants
SolrInputFormat,SolrUtils
SolrUtils,SolrConstants
SolrUtils,Builder
SolrUtils,Builder
SolrUtils,Builder
SolrUtils,Builder
SolrUtils,SolrConstants
SolrUtils,Client
Metadata,CreativeCommons
Metadata,DublinCore
Metadata,Feed
Metadata,HttpHeaders
Metadata,Nutch
MetaWrapper,NutchWritable
MetaWrapper,Metadata
SpellCheckedMetadata,HttpHeaders
SpellCheckedMetadata,Metadata
URLFilter,Pluggable
URLFilterChecker,URLFilter
URLFilterChecker,URLFilters
URLFilterChecker,Extension
URLFilterChecker,ExtensionPoint
URLFilterChecker,PluginRepository
URLFilterChecker,NutchConfiguration
URLFilters,URLFilter
URLFilters,URLFilterException
URLFilters,Extension
URLFilters,ExtensionPoint
URLFilters,PluginRepository
URLFilters,PluginRuntimeException
URLFilters,WebPage
URLFilters,ObjectCache
URLNormalizerChecker,URLNormalizer
URLNormalizerChecker,URLNormalizers
URLNormalizerChecker,Extension
URLNormalizerChecker,ExtensionPoint
URLNormalizerChecker,PluginRepository
URLNormalizerChecker,NutchConfiguration
URLNormalizers,URLNormalizer
URLNormalizers,Extension
URLNormalizers,ExtensionPoint
URLNormalizers,PluginRepository
URLNormalizers,PluginRuntimeException
URLNormalizers,ObjectCache
HttpDateFormat,ParseException
Response,HttpHeaders
Response,Metadata
Response,Content
HTMLMetaTags,Metadata
NutchSitemapParse,Metadata
NutchSitemapParse,Outlink
NutchSitemapParse,Parse
NutchSitemapParse,ParseStatus
NutchSitemapParser,Metadata
NutchSitemapParser,NutchSitemapParse
NutchSitemapParser,Outlink
NutchSitemapParser,Parse
NutchSitemapParser,Parser
NutchSitemapParser,ParseStatusCodes
NutchSitemapParser,Content
NutchSitemapParser,Builder
NutchSitemapParser,ParseStatus
NutchSitemapParser,Builder
NutchSitemapParser,Builder
NutchSitemapParser,WebPage
NutchSitemapParser,Builder
NutchSitemapParser,Parser
OutlinkExtractor,Outlink
Parse,ParseStatus
ParseFilter,HTMLMetaTags
ParseFilter,Parse
ParseFilter,FieldPluggable
ParseFilter,Pluggable
ParseFilter,WebPage
ParseFilters,HTMLMetaTags
ParseFilters,Parse
ParseFilters,ParseFilter
ParseFilters,ParseStatusUtils
ParseFilters,Extension
ParseFilters,ExtensionPoint
ParseFilters,PluginRepository
ParseFilters,PluginRuntimeException
ParseFilters,ParseStatus
ParseFilters,WebPage
ParseFilters,ObjectCache
ParsePluginsReader,ParsePluginList
ParsePluginsReader,Builder
ParsePluginsReader,Builder
ParsePluginsReader,Builder
ParsePluginsReader,Builder
ParsePluginsReader,NutchConfiguration
ParsePluginsReader,File
Parser,Parse
Parser,FieldPluggable
Parser,Pluggable
Parser,WebPage
ParserChecker,Signature
ParserChecker,SignatureFactory
ParserChecker,Metadata
ParserChecker,Outlink
ParserChecker,Parse
ParserChecker,ParserJob
ParserChecker,ParseUtil
ParserChecker,Content
ParserChecker,Protocol
ParserChecker,ProtocolFactory
ParserChecker,ProtocolOutput
ParserChecker,ProtocolStatusUtils
ParserChecker,Builder
ParserChecker,Builder
ParserChecker,Builder
ParserChecker,WebPage
ParserChecker,Builder
ParserChecker,Bytes
ParserChecker,NutchConfiguration
ParserChecker,StringUtil
ParserChecker,URLUtil
ParserFactory,ParsePluginList
ParserFactory,ParsePluginsReader
ParserFactory,Parser
ParserFactory,ParserNotFound
ParserFactory,Extension
ParserFactory,ExtensionPoint
ParserFactory,PluginRepository
ParserFactory,PluginRuntimeException
ParserFactory,WebPage
ParserFactory,MimeUtil
ParserFactory,ObjectCache
ParserFactory,Parser
ParserJob,WebPage
ParserJob,NutchTool
ParserMapper,GeneratorJob
ParserMapper,SignatureFactory
ParserMapper,Mapper
ParserMapper,HttpHeaders
ParserMapper,Nutch
ParserMapper,URLFilters
ParserMapper,Parse
ParserMapper,ParseFilters
ParserMapper,ParserFactory
ParserMapper,ParserJob
ParserMapper,ParseStatusCodes
ParserMapper,ParseUtil
ParserMapper,Content
ParserMapper,ParseStatus
ParserMapper,StorageUtils
ParserMapper,WebPage
ParserMapper,IdentityPageReducer
ParserMapper,NutchConfiguration
ParserMapper,NutchJob
ParserMapper,StringUtil
ParserMapper,TableUtil
ParserMapper,TimingUtil
ParserMapper,ToolUtil
ParserNotFound,ParseException
ParseStatusUtils,Parse
ParseStatusUtils,ParseStatusCodes
ParseStatusUtils,Builder
ParseStatusUtils,ParseStatus
ParseStatusUtils,Builder
ParseStatusUtils,Builder
ParseStatusUtils,Builder
ParseStatusUtils,TableUtil
ParseUtil,CrawlStatus
ParseUtil,Signature
ParseUtil,SignatureFactory
ParseUtil,FetcherJob
ParseUtil,Mapper
ParseUtil,Metadata
ParseUtil,URLFilterException
ParseUtil,URLFilters
ParseUtil,URLNormalizers
ParseUtil,NutchSitemapParse
ParseUtil,NutchSitemapParser
ParseUtil,Outlink
ParseUtil,Parse
ParseUtil,ParseCallable
ParseUtil,ParseException
ParseUtil,Parser
ParseUtil,ParserFactory
ParseUtil,ParserNotFound
ParseUtil,ParseStatusCodes
ParseUtil,ParseStatusUtils
ParseUtil,Host
ParseUtil,Builder
ParseUtil,ParseStatus
ParseUtil,Builder
ParseUtil,Builder
ParseUtil,WebPage
ParseUtil,Builder
ParseUtil,Bytes
ParseUtil,TableUtil
ParseUtil,URLUtil
ParseUtil,Parser
Extension,ExtensionPoint
Extension,PluginDescriptor
Extension,PluginRepository
Extension,PluginRuntimeException
ExtensionPoint,Extension
FieldPluggable,Pluggable
FieldPluggable,WebPage
Plugin,PluginDescriptor
Plugin,PluginRuntimeException
PluginDescriptor,Extension
PluginDescriptor,ExtensionPoint
PluginDescriptor,Plugin
PluginDescriptor,PluginClassLoader
PluginDescriptor,PluginRepository
PluginDescriptor,File
PluginManifestParser,Parser
PluginManifestParser,Extension
PluginManifestParser,ExtensionPoint
PluginManifestParser,Plugin
PluginManifestParser,PluginDescriptor
PluginManifestParser,PluginRepository
PluginManifestParser,Protocol
PluginManifestParser,Builder
PluginManifestParser,Builder
PluginManifestParser,Builder
PluginManifestParser,Builder
PluginManifestParser,Parser
PluginManifestParser,File
PluginRepository,Parser
PluginRepository,CircularDependencyException
PluginRepository,Extension
PluginRepository,ExtensionPoint
PluginRepository,MissingDependencyException
PluginRepository,Plugin
PluginRepository,PluginClassLoader
PluginRepository,PluginDescriptor
PluginRepository,PluginManifestParser
PluginRepository,PluginRuntimeException
PluginRepository,NutchConfiguration
PluginRepository,Parser
Content,Metadata
Content,Parser
Content,MimeUtil
Content,NutchConfiguration
Content,Parser
Content,File
Protocol,FieldPluggable
Protocol,Pluggable
Protocol,ProtocolOutput
Protocol,RobotRules
Protocol,WebPage
ProtocolFactory,Extension
ProtocolFactory,ExtensionPoint
ProtocolFactory,PluginRepository
ProtocolFactory,PluginRuntimeException
ProtocolFactory,Protocol
ProtocolFactory,ProtocolNotFound
ProtocolFactory,WebPage
ProtocolFactory,ObjectCache
ProtocolNotFound,ProtocolException
ProtocolNotFound,ProtocolException
ProtocolOutput,Content
ProtocolOutput,ProtocolStatusUtils
ProtocolOutput,ProtocolStatus
ProtocolStatusUtils,ProtocolStatusCodes
ProtocolStatusUtils,Builder
ProtocolStatusUtils,Builder
ProtocolStatusUtils,ProtocolStatus
ProtocolStatusUtils,Builder
ProtocolStatusUtils,Builder
ProtocolStatusUtils,TableUtil
RobotRulesParser,Token
RobotRulesParser,Parser
RobotRulesParser,Content
RobotRulesParser,Protocol
RobotRulesParser,RobotRules
RobotRulesParser,Builder
RobotRulesParser,Builder
RobotRulesParser,Builder
RobotRulesParser,Builder
RobotRulesParser,Bytes
RobotRulesParser,Parser
RobotRulesParser,File
ScoreDatum,Bytes
ScoringFilter,NutchDocument
ScoringFilter,FieldPluggable
ScoringFilter,Pluggable
ScoringFilter,ScoreDatum
ScoringFilter,WebPage
ScoringFilters,NutchDocument
ScoringFilters,Extension
ScoringFilters,ExtensionPoint
ScoringFilters,PluginRepository
ScoringFilters,PluginRuntimeException
ScoringFilters,ScoreDatum
ScoringFilters,ScoringFilter
ScoringFilters,ScoringFilterException
ScoringFilters,WebPage
ScoringFilters,ObjectCache
Host,Metadata
Host,Parser
Host,Builder
Host,Builder
Host,Builder
Host,Builder
Host,Parser
Builder,Metadata
Builder,Host
Builder,Tombstone
Builder,Tombstone
Builder,Tombstone
Builder,Tombstone
Builder,Bytes
Tombstone,Metadata
Tombstone,Host
Tombstone,Bytes
ParseStatus,Parser
ParseStatus,Content
ParseStatus,Builder
ParseStatus,Builder
ParseStatus,Builder
ParseStatus,Builder
ParseStatus,Parser
Builder,Tombstone
Builder,ParseStatus
Builder,Tombstone
Builder,Tombstone
Builder,Tombstone
Tombstone,ParseStatus
Tombstone,Bytes
ProtocolStatus,Parser
ProtocolStatus,Content
ProtocolStatus,Builder
ProtocolStatus,Builder
ProtocolStatus,Builder
ProtocolStatus,WebPage
ProtocolStatus,Builder
ProtocolStatus,Parser
Builder,ProtocolStatusUtils
Builder,Tombstone
Builder,Tombstone
Builder,ProtocolStatus
Builder,Tombstone
Builder,Tombstone
Tombstone,ProtocolStatus
Tombstone,Bytes
StorageUtils,Mapper
StorageUtils,Nutch
StorageUtils,Host
StorageUtils,WebPage
WebPage,Signature
WebPage,Metadata
WebPage,Nutch
WebPage,Parser
WebPage,Content
WebPage,Builder
WebPage,ParseStatus
WebPage,Builder
WebPage,ProtocolStatus
WebPage,Builder
WebPage,Builder
WebPage,Parser
Builder,Signature
Builder,Metadata
Builder,Content
Builder,Tombstone
Builder,ParseStatus
Builder,Tombstone
Builder,ProtocolStatus
Builder,Tombstone
Builder,WebPage
Builder,Tombstone
Tombstone,Signature
Tombstone,Metadata
Tombstone,Content
Tombstone,ParseStatus
Tombstone,ProtocolStatus
Tombstone,WebPage
Tombstone,Bytes
WebTableCreator,StorageUtils
WebTableCreator,WebPage
WebTableCreator,NutchConfiguration
Benchmark,Bytes
Benchmark,NutchConfiguration
BenchmarkResults,DbUpdaterJob
BenchmarkResults,GeneratorJob
BenchmarkResults,InjectorJob
BenchmarkResults,WebTableReader
BenchmarkResults,FetcherJob
BenchmarkResults,Nutch
BenchmarkResults,ParserJob
BenchmarkResults,Host
BenchmarkResults,Builder
BenchmarkResults,Builder
BenchmarkResults,Builder
BenchmarkResults,Builder
BenchmarkResults,NutchJob
DmozParser,Parser
DmozParser,WebPage
DmozParser,Parser
RDFProcessor,Metadata
RDFProcessor,ParseException
RDFProcessor,Parser
RDFProcessor,ParserFactory
RDFProcessor,StorageUtils
RDFProcessor,WebPage
RDFProcessor,DmozParser
RDFProcessor,XMLCharFilter
RDFProcessor,Bytes
RDFProcessor,NutchConfiguration
RDFProcessor,TableUtil
RDFProcessor,Parser
RDFProcessor,File
ResolveUrls,File
ResolverThread,Parser
ResolverThread,Host
ResolverThread,Builder
ResolverThread,Builder
ResolverThread,Builder
ResolverThread,Builder
ResolverThread,ResolveUrls
ResolverThread,URLUtil
ResolverThread,Parser
ResolverThread,File
ArcInputFormat,ArcRecordReader
ArcRecordReader,Bytes
AbstractTestbedHandler,Response
DelayHandler,Response
DelayHandler,AbstractTestbedHandler
FakeHandler,Response
FakeHandler,Host
FakeHandler,AbstractTestbedHandler
FakeHandler,Bytes
LogDebugHandler,Response
LogDebugHandler,AbstractTestbedHandler
NotFoundHandler,Response
NotFoundHandler,AbstractTestbedHandler
TestbedProxy,DelayHandler
TestbedProxy,FakeHandler
TestbedProxy,LogDebugHandler
TestbedProxy,NotFoundHandler
TestbedProxy,NutchConfiguration
ByteArrayComparator,Builder
ByteArrayComparator,Builder
ByteArrayComparator,Builder
ByteArrayComparator,Builder
ByteArrayComparator,Bytes
CommandRunner,PusherThread
CommandRunner,PullerThread
PusherThread,PumperThread
PullerThread,CommandRunner
PullerThread,PumperThread
DomUtil,Parser
DomUtil,Parser
EncodingDetector,Response
EncodingClue,Content
EncodingClue,WebPage
EncodingClue,EncodingDetector
EncodingClue,TableUtil
FSUtils,File
Histogram,Builder
Histogram,Builder
Histogram,Builder
Histogram,Builder
Histogram,HistogramEntry
IdentityPageReducer,WebPage
LockUtil,File
MimeUtil,Metadata
MimeUtil,ObjectCache
MimeUtil,File
NodeWalker,Walker
NutchJob,Nutch
NutchJob,NutchJobConf
NutchTool,Nutch
PrefixStringMatcher,TrieStringMatcher
PrefixStringMatcher,TrieNode
StringUtil,EncodingDetector
SuffixStringMatcher,TrieStringMatcher
SuffixStringMatcher,TrieNode
TableUtil,Protocol
TableUtil,Host
TableUtil,Builder
TableUtil,Builder
TableUtil,Builder
TableUtil,Builder
TableUtil,StringUtil
TableUtil,File
ToolUtil,Nutch
TrieStringMatcher,TrieNode
URLUtil,Protocol
URLUtil,Host
URLUtil,Builder
URLUtil,Builder
URLUtil,Builder
URLUtil,Builder
URLUtil,DomainSuffix
URLUtil,DomainSuffixes
URLUtil,File
WebPageWritable,Builder
WebPageWritable,Builder
WebPageWritable,Builder
WebPageWritable,WebPage
WebPageWritable,Builder
DomainStatistics,Mapper
DomainStatistics,Nutch
DomainStatistics,StorageUtils
DomainStatistics,WebPage
DomainStatistics,NutchJob
DomainStatistics,TimingUtil
DomainStatistics,DomainStatisticsCombiner
DomainStatistics,DomainStatisticsReducer
DomainStatistics,DomainStatisticsMapper
DomainStatisticsMapper,CrawlStatus
DomainStatisticsMapper,Mapper
DomainStatisticsMapper,Host
DomainStatisticsMapper,WebPage
DomainStatisticsMapper,NutchConfiguration
DomainStatisticsMapper,TableUtil
DomainStatisticsMapper,URLUtil
DomainStatisticsMapper,DomainStatistics
DomainStatisticsMapper,DomainSuffix
DomainSuffixes,DomainSuffix
DomainSuffixes,DomainSuffixesReader
TopLevelDomain,DomainSuffix
NutchUiApplication,ConfManager
NutchUiApplication,RAMConfManager
NutchUiApplication,ConfigResource
NutchUiApplication,Response
NutchUiApplication,WebPage
NutchUiApplication,DashboardPage
NutchUiApplication,NutchUiCssReference
NutchUiApplication,AuthorizationStrategy
NutchUiApplication,SignInSession
NutchUiApplication,User
NutchUiServer,Parser
NutchUiServer,Builder
NutchUiServer,Builder
NutchUiServer,Builder
NutchUiServer,Builder
NutchUiServer,Parser
NutchClient,JobConfig
NutchClient,NutchConfig
NutchClient,SeedList
NutchClient,JobInfo
NutchClient,NutchStatus
NutchClient,JobConfig
NutchClient,JobInfo
NutchClient,NutchStatus
NutchClient,NutchConfig
NutchClient,NutchInstance
NutchClient,SeedList
NutchClient,Client
NutchClientFactory,Builder
NutchClientFactory,Builder
NutchClientFactory,Builder
NutchClientFactory,Builder
NutchClientFactory,NutchClient
NutchClientFactory,NutchClientCacheLoader
NutchClientFactory,NutchInstance
NutchClientFactory,Client
NutchClientCacheLoader,NutchClient
NutchClientCacheLoader,NutchClientImpl
NutchClientCacheLoader,NutchInstance
NutchClientCacheLoader,Client
CrawlingCycle,JobInfo
CrawlingCycle,CrawlingCycleListener
CrawlingCycle,RemoteCommand
CrawlingCycle,RemoteCommandExecutor
CrawlingCycle,Crawl
CrawlingCycle,JobInfo
CrawlingCycleListener,RemoteCommand
CrawlingCycleListener,Crawl
NutchClientImpl,JobConfig
NutchClientImpl,NutchConfig
NutchClientImpl,SeedList
NutchClientImpl,JobInfo
NutchClientImpl,NutchStatus
NutchClientImpl,NutchClient
NutchClientImpl,JobConfig
NutchClientImpl,JobInfo
NutchClientImpl,NutchStatus
NutchClientImpl,NutchConfig
NutchClientImpl,NutchInstance
NutchClientImpl,SeedList
NutchClientImpl,Client
RemoteCommand,JobConfig
RemoteCommand,JobInfo
RemoteCommand,JobConfig
RemoteCommand,JobInfo
RemoteCommandBuilder,JobConfig
RemoteCommandBuilder,Builder
RemoteCommandBuilder,Builder
RemoteCommandBuilder,Builder
RemoteCommandBuilder,Builder
RemoteCommandBuilder,RemoteCommand
RemoteCommandBuilder,JobConfig
RemoteCommandExecutor,JobConfig
RemoteCommandExecutor,JobInfo
RemoteCommandExecutor,NutchClient
RemoteCommandExecutor,RemoteCommand
RemoteCommandExecutor,JobStateChecker
RemoteCommandExecutor,JobConfig
RemoteCommandExecutor,JobInfo
RemoteCommandExecutor,Client
JobStateChecker,JobInfo
JobStateChecker,JobInfo
RemoteCommandsBatchFactory,Builder
RemoteCommandsBatchFactory,Builder
RemoteCommandsBatchFactory,Builder
RemoteCommandsBatchFactory,Builder
RemoteCommandsBatchFactory,RemoteCommand
RemoteCommandsBatchFactory,RemoteCommandBuilder
RemoteCommandsBatchFactory,Crawl
Crawl,SeedList
Crawl,CrawlStatus
Crawl,SeedList
NutchStatus,JobInfo
NutchStatus,JobInfo
NutchGuiConfiguration,NutchInstance
SpringConfiguration,SeedList
SpringConfiguration,SeedUrl
SpringConfiguration,Crawl
SpringConfiguration,CustomDaoFactory
SpringConfiguration,CustomTableCreator
SpringConfiguration,NutchInstance
SpringConfiguration,SeedList
SpringConfiguration,SeedUrl
NutchInstance,Host
SeedList,SeedUrl
SeedList,SeedUrl
SeedUrl,SeedList
SeedUrl,SeedList
AbstractBasePage,WebPage
AbstractBasePage,NutchInstance
AbstractBasePage,InstanceModel
AbstractBasePage,DashboardPage
AbstractBasePage,LogOutPage
AbstractBasePage,SchedulingPage
AbstractBasePage,SearchPage
AbstractBasePage,StatisticsPage
AbstractBasePage,UserSettingsPage
AbstractBasePage,AuthenticatedWebPage
AbstractBasePage,CrawlsPage
AbstractBasePage,InstancesPage
AbstractBasePage,VerticalMenu
AbstractBasePage,SeedListsPage
AbstractBasePage,SettingsPage
AbstractBasePage,NutchInstanceService
AbstractBasePage,NutchService
InstanceModel,NutchInstance
DashboardPage,JobsModel
DashboardPage,InstancesPage
DashboardPage,NutchService
JobsModel,NutchStatus
JobsModel,NutchStatus
JobsModel,NutchInstance
LogOutPage,AbstractBasePage
LogOutPage,SignInPage
SchedulingPage,AbstractBasePage
SearchPage,AbstractBasePage
StatisticsPage,AbstractBasePage
UrlsUploadPage,AbstractBasePage
UserSettingsPage,AbstractBasePage
UserSettingsPage,SettingsPage
AuthenticatedWebPage,WebPage
AuthorizationStrategy,WebPage
AuthorizationStrategy,AuthenticatedWebPage
AuthorizationStrategy,SignInPage
AuthorizationStrategy,SignInSession
SignInPage,WebPage
SignInPage,LoginForm
SignInPage,User
LoginForm,SignInSession
LoginForm,User
SignInSession,NutchUiApplication
SignInSession,User
ColorEnumLabel,EnumCssModel
EnumCssModel,Builder
EnumCssModel,Builder
EnumCssModel,Builder
EnumCssModel,Builder
ColorEnumLabelBuilder,Builder
ColorEnumLabelBuilder,Builder
ColorEnumLabelBuilder,Builder
ColorEnumLabelBuilder,Builder
CrawlPanel,SeedList
CrawlPanel,Crawl
CrawlPanel,SeedList
CrawlPanel,CrawlService
CrawlPanel,SeedListService
CrawlsPage,CrawlStatus
CrawlsPage,Crawl
CrawlsPage,CrawlPanel
CrawlsPage,CrawlService
InstancePanel,NutchInstance
InstancePanel,NutchInstanceService
InstancesPage,NutchInstance
InstancesPage,InstancePanel
InstancesPage,NutchInstanceService
SeedListsPage,SeedList
SeedListsPage,SeedList
SeedListsPage,SeedPage
SeedListsPage,SeedListService
SeedPage,SeedList
SeedPage,SeedUrl
SeedPage,SeedList
SeedPage,SeedUrl
SeedPage,SeedListsPage
SeedPage,SeedListService
SettingsPage,NutchConfig
SettingsPage,NutchConfig
SettingsPage,NutchService
CrawlService,Crawl
CrawlService,NutchInstance
NutchInstanceService,NutchInstance
NutchService,NutchConfig
NutchService,NutchStatus
NutchService,NutchStatus
NutchService,NutchConfig
SeedListService,SeedList
SeedListService,SeedList
CrawlServiceImpl,SeedList
CrawlServiceImpl,CrawlStatus
CrawlServiceImpl,NutchClient
CrawlServiceImpl,NutchClientFactory
CrawlServiceImpl,CrawlingCycle
CrawlServiceImpl,CrawlingCycleListener
CrawlServiceImpl,RemoteCommand
CrawlServiceImpl,RemoteCommandExecutor
CrawlServiceImpl,RemoteCommandsBatchFactory
CrawlServiceImpl,Crawl
CrawlServiceImpl,NutchInstance
CrawlServiceImpl,SeedList
CrawlServiceImpl,CrawlService
CrawlServiceImpl,Client
NutchInstanceServiceImpl,NutchClientFactory
NutchInstanceServiceImpl,NutchInstance
NutchInstanceServiceImpl,NutchInstanceService
NutchServiceImpl,NutchConfig
NutchServiceImpl,NutchStatus
NutchServiceImpl,NutchClientFactory
NutchServiceImpl,NutchStatus
NutchServiceImpl,NutchConfig
NutchServiceImpl,NutchInstance
NutchServiceImpl,NutchInstanceService
NutchServiceImpl,NutchService
NutchServiceImpl,Client
SeedListServiceImpl,SeedList
SeedListServiceImpl,SeedUrl
SeedListServiceImpl,SeedList
SeedListServiceImpl,SeedUrl
SeedListServiceImpl,SeedListService
CCIndexingFilter,Token
CCIndexingFilter,IndexingException
CCIndexingFilter,IndexingFilter
CCIndexingFilter,NutchDocument
CCIndexingFilter,CreativeCommons
CCIndexingFilter,Metadata
CCIndexingFilter,WebPage
CCIndexingFilter,Bytes
CCParseFilter,ParseFilter
Walker,CreativeCommons
Walker,Metadata
Walker,HTMLMetaTags
Walker,Parse
Walker,ParseException
Walker,ParseStatusUtils
Walker,Protocol
Walker,Host
Walker,Builder
Walker,Builder
Walker,Builder
Walker,WebPage
Walker,Builder
Walker,Bytes
TestCCParseFilter,Metadata
TestCCParseFilter,ParseFilter
TestCCParseFilter,ParseUtil
TestCCParseFilter,Content
TestCCParseFilter,Builder
TestCCParseFilter,Builder
TestCCParseFilter,Builder
TestCCParseFilter,WebPage
TestCCParseFilter,Builder
TestCCParseFilter,Bytes
TestCCParseFilter,MimeUtil
TestCCParseFilter,NutchConfiguration
TestCCParseFilter,CCParseFilter
TestCCParseFilter,File
FeedIndexingFilter,IndexingException
FeedIndexingFilter,IndexingFilter
FeedIndexingFilter,NutchDocument
FeedIndexingFilter,Feed
FeedIndexingFilter,Metadata
FeedIndexingFilter,Parse
FeedParser,Feed
FeedParser,Metadata
FeedParser,URLFilters
FeedParser,URLNormalizers
FeedParser,Response
FeedParser,Parse
FeedParser,Parser
FeedParser,ParserFactory
FeedParser,ParserNotFound
FeedParser,Content
FeedParser,Builder
FeedParser,ParseStatus
FeedParser,Builder
FeedParser,Builder
FeedParser,Builder
FeedParser,Bytes
FeedParser,EncodingDetector
FeedParser,NutchConfiguration
FeedParser,Parser
FeedParser,File
TestFeedParser,Parse
TestFeedParser,ParseException
TestFeedParser,Parser
TestFeedParser,ParseUtil
TestFeedParser,Content
TestFeedParser,Protocol
TestFeedParser,ProtocolFactory
TestFeedParser,ProtocolNotFound
TestFeedParser,ProtocolOutput
TestFeedParser,NutchConfiguration
TestFeedParser,FeedParser
TestFeedParser,Parser
AnchorIndexingFilter,IndexingException
AnchorIndexingFilter,IndexingFilter
AnchorIndexingFilter,NutchDocument
AnchorIndexingFilter,WebPage
AnchorIndexingFilter,TableUtil
TestAnchorIndexingFilter,IndexingFilter
TestAnchorIndexingFilter,NutchDocument
TestAnchorIndexingFilter,Builder
TestAnchorIndexingFilter,Builder
TestAnchorIndexingFilter,Builder
TestAnchorIndexingFilter,WebPage
TestAnchorIndexingFilter,Builder
TestAnchorIndexingFilter,NutchConfiguration
TestAnchorIndexingFilter,AnchorIndexingFilter
BasicIndexingFilter,IndexingException
BasicIndexingFilter,IndexingFilter
BasicIndexingFilter,NutchDocument
BasicIndexingFilter,Metadata
BasicIndexingFilter,Nutch
BasicIndexingFilter,Host
BasicIndexingFilter,WebPage
BasicIndexingFilter,Bytes
BasicIndexingFilter,TableUtil
TestBasicIndexingFilter,IndexingFilter
TestBasicIndexingFilter,NutchDocument
TestBasicIndexingFilter,Metadata
TestBasicIndexingFilter,Nutch
TestBasicIndexingFilter,Builder
TestBasicIndexingFilter,Builder
TestBasicIndexingFilter,Builder
TestBasicIndexingFilter,WebPage
TestBasicIndexingFilter,Builder
TestBasicIndexingFilter,NutchConfiguration
TestBasicIndexingFilter,BasicIndexingFilter
HtmlIndexingFilter,IndexingException
HtmlIndexingFilter,IndexingFilter
HtmlIndexingFilter,NutchDocument
HtmlIndexingFilter,Content
HtmlIndexingFilter,WebPage
HtmlIndexingFilter,MimeUtil
HtmlIndexingFilter,StringUtil
MetadataIndexer,IndexingException
MetadataIndexer,IndexingFilter
MetadataIndexer,NutchDocument
MetadataIndexer,Metadata
MetadataIndexer,WebPage
MetadataIndexer,Bytes
MoreIndexingFilter,IndexingException
MoreIndexingFilter,IndexingFilter
MoreIndexingFilter,NutchDocument
MoreIndexingFilter,HttpHeaders
MoreIndexingFilter,HttpDateFormat
MoreIndexingFilter,ParseException
MoreIndexingFilter,WebPage
MoreIndexingFilter,MimeUtil
TestMoreIndexingFilter,IndexingException
TestMoreIndexingFilter,IndexingFilter
TestMoreIndexingFilter,NutchDocument
TestMoreIndexingFilter,HttpHeaders
TestMoreIndexingFilter,Content
TestMoreIndexingFilter,Builder
TestMoreIndexingFilter,Builder
TestMoreIndexingFilter,Builder
TestMoreIndexingFilter,WebPage
TestMoreIndexingFilter,Builder
TestMoreIndexingFilter,Bytes
TestMoreIndexingFilter,EncodingDetector
TestMoreIndexingFilter,NutchConfiguration
TestMoreIndexingFilter,MoreIndexingFilter
ElasticIndexWriter,IndexWriter
ElasticIndexWriter,NutchDocument
ElasticIndexWriter,Response
ElasticIndexWriter,Builder
ElasticIndexWriter,Builder
ElasticIndexWriter,Builder
ElasticIndexWriter,Builder
ElasticIndexWriter,ElasticConstants
ElasticIndexWriter,ElasticConstants
ElasticIndexWriter,Client
ElasticIndexWriter,IndexWriter
ElasticIndexWriter,NutchDocument
ElasticIndexWriter,Response
ElasticIndexWriter,Builder
ElasticIndexWriter,Builder
ElasticIndexWriter,Builder
ElasticIndexWriter,Builder
ElasticIndexWriter,ElasticConstants
ElasticIndexWriter,ElasticConstants
ElasticIndexWriter,Client
HBaseIndexWriter,IndexWriter
HBaseIndexWriter,NutchDocument
HBaseIndexWriter,Bytes
HBaseIndexWriter,HBaseConstants
HBaseIndexWriter,HBaseMappingReader
HBaseMappingReader,Content
HBaseMappingReader,Builder
HBaseMappingReader,Builder
HBaseMappingReader,Builder
HBaseMappingReader,Builder
HBaseMappingReader,ObjectCache
HBaseMappingReader,HBaseConstants
SolrIndexWriter,CleaningJob
SolrIndexWriter,IndexWriter
SolrIndexWriter,NutchDocument
SolrIndexWriter,SolrConstants
SolrIndexWriter,SolrUtils
SolrIndexWriter,SolrConstants
SolrIndexWriter,SolrMappingReader
SolrIndexWriter,SolrUtils
SolrMappingReader,SolrConstants
SolrMappingReader,Builder
SolrMappingReader,Builder
SolrMappingReader,Builder
SolrMappingReader,Builder
SolrMappingReader,ObjectCache
SolrMappingReader,SolrConstants
SolrUtils,SolrConstants
SolrUtils,Builder
SolrUtils,Builder
SolrUtils,Builder
SolrUtils,Builder
SolrUtils,SolrConstants
SolrUtils,Client
JsoupDocument,DocumentField
DocumentField,Builder
DocumentField,Builder
DocumentField,Builder
DocumentField,Builder
DocumentField,Normalizable
JsoupDocumentReader,Content
JsoupDocumentReader,Builder
JsoupDocumentReader,Builder
JsoupDocumentReader,Builder
JsoupDocumentReader,Builder
JsoupDocumentReader,ObjectCache
JsoupDocumentReader,JsoupDocument
JsoupDocumentReader,DocumentField
JsoupDocumentReader,JsoupExtractorConstants
JsoupDocumentReader,Normalizable
SimpleStringNormalizer,Normalizable
JsoupIndexingFilter,IndexingException
JsoupIndexingFilter,IndexingFilter
JsoupIndexingFilter,NutchDocument
JsoupIndexingFilter,Metadata
JsoupIndexingFilter,WebPage
JsoupIndexingFilter,Bytes
JsoupIndexingFilter,JsoupDocument
JsoupIndexingFilter,DocumentField
JsoupIndexingFilter,JsoupDocumentReader
JsoupHtmlParser,Metadata
JsoupHtmlParser,HTMLMetaTags
JsoupHtmlParser,Parse
JsoupHtmlParser,ParseFilter
JsoupHtmlParser,Parser
JsoupHtmlParser,Content
JsoupHtmlParser,Builder
JsoupHtmlParser,Builder
JsoupHtmlParser,Builder
JsoupHtmlParser,WebPage
JsoupHtmlParser,Builder
JsoupHtmlParser,Bytes
JsoupHtmlParser,JsoupDocument
JsoupHtmlParser,DocumentField
JsoupHtmlParser,JsoupDocumentReader
JsoupHtmlParser,Parser
JsoupHtmlParser,HtmlParser
ViewCountNormalizer,Normalizable
TestJsoupHtmlParser,Metadata
TestJsoupHtmlParser,ParseException
TestJsoupHtmlParser,Parser
TestJsoupHtmlParser,ParseUtil
TestJsoupHtmlParser,Content
TestJsoupHtmlParser,Builder
TestJsoupHtmlParser,Builder
TestJsoupHtmlParser,Builder
TestJsoupHtmlParser,WebPage
TestJsoupHtmlParser,Builder
TestJsoupHtmlParser,Bytes
TestJsoupHtmlParser,NutchConfiguration
TestJsoupHtmlParser,JsoupExtractorConstants
TestJsoupHtmlParser,JsoupHtmlParser
TestJsoupHtmlParser,Parser
TestJsoupHtmlParser,HtmlParser
HTMLLanguageParser,Metadata
HTMLLanguageParser,Response
HTMLLanguageParser,HTMLMetaTags
HTMLLanguageParser,Parse
HTMLLanguageParser,ParseFilter
HTMLLanguageParser,Parser
HTMLLanguageParser,Builder
HTMLLanguageParser,Builder
HTMLLanguageParser,Builder
HTMLLanguageParser,WebPage
HTMLLanguageParser,Builder
HTMLLanguageParser,Bytes
HTMLLanguageParser,LanguageParser
HTMLLanguageParser,Parser
LanguageParser,Parser
LanguageParser,NodeWalker
LanguageParser,Walker
LanguageParser,Parser
LanguageIndexingFilter,IndexingException
LanguageIndexingFilter,IndexingFilter
LanguageIndexingFilter,NutchDocument
LanguageIndexingFilter,Metadata
LanguageIndexingFilter,WebPage
LanguageIndexingFilter,Bytes
TestHTMLLanguageParser,Metadata
TestHTMLLanguageParser,Parser
TestHTMLLanguageParser,ParseUtil
TestHTMLLanguageParser,Content
TestHTMLLanguageParser,Builder
TestHTMLLanguageParser,Builder
TestHTMLLanguageParser,Builder
TestHTMLLanguageParser,WebPage
TestHTMLLanguageParser,Builder
TestHTMLLanguageParser,Bytes
TestHTMLLanguageParser,EncodingDetector
TestHTMLLanguageParser,NutchConfiguration
TestHTMLLanguageParser,HTMLLanguageParser
TestHTMLLanguageParser,LanguageParser
TestHTMLLanguageParser,Parser
TestHTMLLanguageParser,File
BlockedException,HttpException
HttpBase,ProtocolException
HttpBase,Response
HttpBase,Parser
HttpBase,Content
HttpBase,Protocol
HttpBase,ProtocolException
HttpBase,RobotRules
HttpBase,RobotRulesParser
HttpBase,Host
HttpBase,WebPage
HttpBase,User
HttpBase,HttpRobotRulesParser
HttpBase,Parser
HttpBase,Http
HttpBase,Http
HttpException,ProtocolException
HttpException,ProtocolException
HttpRobotRulesParser,Response
HttpRobotRulesParser,Parser
HttpRobotRulesParser,Content
HttpRobotRulesParser,Protocol
HttpRobotRulesParser,RobotRules
HttpRobotRulesParser,RobotRulesParser
HttpRobotRulesParser,Host
HttpRobotRulesParser,Builder
HttpRobotRulesParser,Builder
HttpRobotRulesParser,Builder
HttpRobotRulesParser,WebPage
HttpRobotRulesParser,Builder
HttpRobotRulesParser,HttpBase
HttpRobotRulesParser,Parser
HttpRobotRulesParser,File
HttpRobotRulesParser,Rule
HttpRobotRulesParser,Rule
HttpRobotRulesParser,Rule
TestRobotRulesParser,Parser
TestRobotRulesParser,RobotRules
TestRobotRulesParser,RobotRulesParser
TestRobotRulesParser,Bytes
TestRobotRulesParser,HttpRobotRulesParser
TestRobotRulesParser,Parser
RegexRule,Rule
RegexRule,Rule
RegexRule,Rule
RegexURLFilterBase,URLFilter
RegexURLFilterBase,RegexRule
RegexURLFilterBase,File
RegexURLFilterBase,Rule
RegexURLFilterBase,Rule
RegexURLFilterBase,Rule
RegexURLFilterBaseTest,URLFilter
RegexURLFilterBaseTest,FilteredURL
RegexURLFilterBaseTest,File
RelTagIndexingFilter,IndexingException
RelTagIndexingFilter,IndexingFilter
RelTagIndexingFilter,NutchDocument
RelTagIndexingFilter,Metadata
RelTagIndexingFilter,Parser
RelTagIndexingFilter,WebPage
RelTagIndexingFilter,Bytes
RelTagIndexingFilter,RelTagParser
RelTagIndexingFilter,Parser
RelTagParser,ParseFilter
RelTagParser,Parser
RelTagParser,Parser
Parser,Metadata
Parser,HTMLMetaTags
Parser,Parse
Parser,WebPage
Parser,Bytes
Parser,StringUtil
TestRelTagIndexingFilter,IndexingFilter
TestRelTagIndexingFilter,NutchDocument
TestRelTagIndexingFilter,Metadata
TestRelTagIndexingFilter,Parser
TestRelTagIndexingFilter,Builder
TestRelTagIndexingFilter,Builder
TestRelTagIndexingFilter,Builder
TestRelTagIndexingFilter,WebPage
TestRelTagIndexingFilter,Builder
TestRelTagIndexingFilter,NutchConfiguration
TestRelTagIndexingFilter,RelTagIndexingFilter
TestRelTagIndexingFilter,RelTagParser
TestRelTagIndexingFilter,Parser
TestRelTagParser,Metadata
TestRelTagParser,ProtocolException
TestRelTagParser,Parse
TestRelTagParser,ParseException
TestRelTagParser,Parser
TestRelTagParser,ParseUtil
TestRelTagParser,Content
TestRelTagParser,ProtocolException
TestRelTagParser,Builder
TestRelTagParser,Builder
TestRelTagParser,Builder
TestRelTagParser,WebPage
TestRelTagParser,Builder
TestRelTagParser,MimeUtil
TestRelTagParser,NutchConfiguration
TestRelTagParser,RelTagParser
TestRelTagParser,Parser
TestRelTagParser,File
ExtParser,Metadata
ExtParser,Response
ExtParser,OutlinkExtractor
ExtParser,Parse
ExtParser,Parser
ExtParser,Extension
ExtParser,ExtensionPoint
ExtParser,PluginRepository
ExtParser,Content
ExtParser,ParseStatus
ExtParser,CommandRunner
ExtParser,Parser
TestExtParser,ProtocolException
TestExtParser,Parse
TestExtParser,ParseException
TestExtParser,Parser
TestExtParser,ParseUtil
TestExtParser,Content
TestExtParser,Protocol
TestExtParser,ProtocolException
TestExtParser,ProtocolFactory
TestExtParser,ProtocolOutput
TestExtParser,Bytes
TestExtParser,NutchConfiguration
TestExtParser,Parser
TestExtParser,ExtParser
TestExtParser,File
DOMBuilder,Builder
DOMBuilder,Builder
DOMBuilder,Builder
DOMBuilder,Builder
DOMBuilder,XMLCharacterRecognizer
DOMBuilder,XMLCharacterRecognizer
LinkParams,Outlink
LinkParams,Builder
LinkParams,Builder
LinkParams,Builder
LinkParams,Builder
LinkParams,NodeWalker
LinkParams,URLUtil
LinkParams,Walker
LinkParams,DOMContentUtils
LinkParams,DOMContentUtils
HTMLMetaProcessor,HTMLMetaTags
HtmlParser,Parser
HtmlParser,Parser
TestDOMContentUtils,Token
TestDOMContentUtils,Outlink
TestDOMContentUtils,Parser
TestDOMContentUtils,Builder
TestDOMContentUtils,Builder
TestDOMContentUtils,Builder
TestDOMContentUtils,Builder
TestDOMContentUtils,Bytes
TestDOMContentUtils,NutchConfiguration
TestDOMContentUtils,Parser
TestDOMContentUtils,DOMContentUtils
TestDOMContentUtils,DOMContentUtils
TestHtmlParser,Parser
TestHtmlParser,Content
TestHtmlParser,Parser
TestHtmlParser,HtmlParser
TestHtmlParser,TestContent
TestRobotsMetaProcessor,HTMLMetaTags
TestRobotsMetaProcessor,Parser
TestRobotsMetaProcessor,Bytes
TestRobotsMetaProcessor,Parser
TestRobotsMetaProcessor,HTMLMetaProcessor
TestRobotsMetaProcessor,HTMLMetaProcessor
JSParseFilter,HTMLMetaTags
JSParseFilter,Outlink
JSParseFilter,Parse
JSParseFilter,ParseFilter
JSParseFilter,Parser
JSParseFilter,ParseStatusUtils
JSParseFilter,Content
JSParseFilter,ParseStatus
JSParseFilter,WebPage
JSParseFilter,Bytes
JSParseFilter,NutchConfiguration
JSParseFilter,Parser
TestJSParseFilter,ProtocolException
TestJSParseFilter,Outlink
TestJSParseFilter,Parse
TestJSParseFilter,ParseException
TestJSParseFilter,ParseFilter
TestJSParseFilter,ParseUtil
TestJSParseFilter,Content
TestJSParseFilter,ProtocolException
TestJSParseFilter,Builder
TestJSParseFilter,Builder
TestJSParseFilter,Builder
TestJSParseFilter,WebPage
TestJSParseFilter,Builder
TestJSParseFilter,MimeUtil
TestJSParseFilter,NutchConfiguration
TestJSParseFilter,JSParseFilter
TestJSParseFilter,File
MetaTagsParser,Metadata
MetaTagsParser,HTMLMetaTags
MetaTagsParser,Parse
MetaTagsParser,ParseFilter
MetaTagsParser,Parser
MetaTagsParser,Builder
MetaTagsParser,Builder
MetaTagsParser,Builder
MetaTagsParser,WebPage
MetaTagsParser,Builder
MetaTagsParser,Bytes
MetaTagsParser,Parser
TestMetaTagsParser,Metadata
TestMetaTagsParser,HTMLMetaTags
TestMetaTagsParser,Parse
TestMetaTagsParser,Parser
TestMetaTagsParser,ParseUtil
TestMetaTagsParser,Content
TestMetaTagsParser,Builder
TestMetaTagsParser,Builder
TestMetaTagsParser,Builder
TestMetaTagsParser,WebPage
TestMetaTagsParser,Builder
TestMetaTagsParser,Bytes
TestMetaTagsParser,NutchConfiguration
TestMetaTagsParser,Parser
TestMetaTagsParser,MetaTagsParser
TestMetaTagsParser,File
SWFParser,Metadata
SWFParser,Response
SWFParser,Outlink
SWFParser,OutlinkExtractor
SWFParser,Parse
SWFParser,Parser
SWFParser,Content
SWFParser,ParseStatus
SWFParser,NutchConfiguration
SWFParser,Parser
SWFParser,ExtractText
SWFParser,TextDumper
SWFParser,File
ExtractText,TextDumper
ExtractText,NutchSWFActions
ExtractText,SmallStack
TestSWFParser,ProtocolException
TestSWFParser,Parse
TestSWFParser,ParseException
TestSWFParser,Parser
TestSWFParser,ParseUtil
TestSWFParser,Content
TestSWFParser,Protocol
TestSWFParser,ProtocolException
TestSWFParser,ProtocolFactory
TestSWFParser,ProtocolOutput
TestSWFParser,NutchConfiguration
TestSWFParser,Parser
TestSWFParser,SWFParser
LinkParams,Outlink
LinkParams,NodeWalker
LinkParams,URLUtil
LinkParams,Walker
LinkParams,DOMContentUtils
LinkParams,DOMContentUtils
HTMLMetaProcessor,HTMLMetaTags
TikaParser,Mapper
TikaParser,Metadata
TikaParser,Nutch
TikaParser,HTMLMetaTags
TikaParser,Outlink
TikaParser,OutlinkExtractor
TikaParser,Parse
TikaParser,ParseFilters
TikaParser,Parser
TikaParser,ParseStatusCodes
TikaParser,ParseStatusUtils
TikaParser,ParseUtil
TikaParser,Content
TikaParser,Builder
TikaParser,ParseStatus
TikaParser,Builder
TikaParser,Builder
TikaParser,WebPage
TikaParser,Builder
TikaParser,Bytes
TikaParser,MimeUtil
TikaParser,NutchConfiguration
TikaParser,TableUtil
TikaParser,Parser
TikaParser,DOMBuilder
TikaParser,DOMContentUtils
TikaParser,HTMLMetaProcessor
TikaParser,BoilerpipeExtractorRepository
TikaParser,DOMBuilder
TikaParser,DOMContentUtils
TikaParser,HTMLMetaProcessor
TikaParser,File
DOMContentUtilsTest,Token
DOMContentUtilsTest,Metadata
DOMContentUtilsTest,Outlink
DOMContentUtilsTest,Parser
DOMContentUtilsTest,Builder
DOMContentUtilsTest,Builder
DOMContentUtilsTest,Builder
DOMContentUtilsTest,Builder
DOMContentUtilsTest,Bytes
DOMContentUtilsTest,NutchConfiguration
DOMContentUtilsTest,Parser
DOMContentUtilsTest,DOMBuilder
DOMContentUtilsTest,DOMContentUtils
DOMContentUtilsTest,DOMBuilder
DOMContentUtilsTest,DOMContentUtils
DOMContentUtilsTest,TikaParser
TestImageMetadata,Metadata
TestImageMetadata,ProtocolException
TestImageMetadata,Parse
TestImageMetadata,ParseException
TestImageMetadata,ParseUtil
TestImageMetadata,Content
TestImageMetadata,ProtocolException
TestImageMetadata,Builder
TestImageMetadata,Builder
TestImageMetadata,Builder
TestImageMetadata,WebPage
TestImageMetadata,Builder
TestImageMetadata,MimeUtil
TestImageMetadata,NutchConfiguration
TestImageMetadata,File
TestMSWordParser,ProtocolException
TestMSWordParser,Parse
TestMSWordParser,ParseException
TestMSWordParser,Parser
TestMSWordParser,ParseUtil
TestMSWordParser,Content
TestMSWordParser,ProtocolException
TestMSWordParser,Builder
TestMSWordParser,Builder
TestMSWordParser,Builder
TestMSWordParser,WebPage
TestMSWordParser,Builder
TestMSWordParser,MimeUtil
TestMSWordParser,NutchConfiguration
TestMSWordParser,Parser
TestMSWordParser,File
TestOOParser,ProtocolException
TestOOParser,Parse
TestOOParser,ParseException
TestOOParser,Parser
TestOOParser,ParseUtil
TestOOParser,Content
TestOOParser,ProtocolException
TestOOParser,Builder
TestOOParser,Builder
TestOOParser,Builder
TestOOParser,WebPage
TestOOParser,Builder
TestOOParser,MimeUtil
TestOOParser,NutchConfiguration
TestOOParser,Parser
TestOOParser,File
TestPdfParser,ProtocolException
TestPdfParser,Parse
TestPdfParser,ParseException
TestPdfParser,Parser
TestPdfParser,ParseUtil
TestPdfParser,Content
TestPdfParser,ProtocolException
TestPdfParser,Builder
TestPdfParser,Builder
TestPdfParser,Builder
TestPdfParser,WebPage
TestPdfParser,Builder
TestPdfParser,MimeUtil
TestPdfParser,NutchConfiguration
TestPdfParser,Parser
TestPdfParser,File
TestRSSParser,ProtocolException
TestRSSParser,Parse
TestRSSParser,ParseException
TestRSSParser,Parser
TestRSSParser,ParseUtil
TestRSSParser,Content
TestRSSParser,ProtocolException
TestRSSParser,Builder
TestRSSParser,Builder
TestRSSParser,Builder
TestRSSParser,WebPage
TestRSSParser,Builder
TestRSSParser,MimeUtil
TestRSSParser,NutchConfiguration
TestRSSParser,Parser
TestRSSParser,File
TestRTFParser,ProtocolException
TestRTFParser,Parse
TestRTFParser,ParseException
TestRTFParser,Parser
TestRTFParser,ParseUtil
TestRTFParser,Content
TestRTFParser,ProtocolException
TestRTFParser,Builder
TestRTFParser,Builder
TestRTFParser,Builder
TestRTFParser,WebPage
TestRTFParser,Builder
TestRTFParser,MimeUtil
TestRTFParser,NutchConfiguration
TestRTFParser,Parser
TestRTFParser,File
ZipParser,Metadata
ZipParser,Response
ZipParser,Parse
ZipParser,Parser
ZipParser,Content
ZipParser,ParseStatus
ZipParser,Bytes
ZipParser,Parser
ZipParser,ZipTextExtractor
ZipTextExtractor,Metadata
ZipTextExtractor,Response
ZipTextExtractor,Outlink
ZipTextExtractor,Parse
ZipTextExtractor,ParseException
ZipTextExtractor,ParseUtil
ZipTextExtractor,Content
ZipTextExtractor,MimeUtil
TestZipParser,ProtocolException
TestZipParser,Parse
TestZipParser,ParseException
TestZipParser,Parser
TestZipParser,ParseUtil
TestZipParser,Content
TestZipParser,Protocol
TestZipParser,ProtocolException
TestZipParser,ProtocolFactory
TestZipParser,ProtocolOutput
TestZipParser,NutchConfiguration
TestZipParser,Parser
TestZipParser,ZipParser
File,Metadata
File,Response
File,Parser
File,Content
File,Protocol
File,ProtocolOutput
File,ProtocolStatusCodes
File,ProtocolStatusUtils
File,RobotRules
File,RobotRulesParser
File,Builder
File,Builder
File,ProtocolStatus
File,Builder
File,WebPage
File,Builder
File,NutchConfiguration
File,Parser
File,FileError
File,FileResponse
FileError,FileException
FileException,ProtocolException
FileException,ProtocolException
FileResponse,Metadata
FileResponse,HttpDateFormat
FileResponse,Response
FileResponse,Content
FileResponse,Protocol
FileResponse,WebPage
FileResponse,Bytes
FileResponse,MimeUtil
FileResponse,File
FileResponse,FileException
FileResponse,HttpResponse
FileResponse,HttpResponse
TestProtocolFile,Metadata
TestProtocolFile,ProtocolException
TestProtocolFile,Response
TestProtocolFile,Content
TestProtocolFile,Protocol
TestProtocolFile,ProtocolException
TestProtocolFile,ProtocolFactory
TestProtocolFile,ProtocolNotFound
TestProtocolFile,ProtocolOutput
TestProtocolFile,ProtocolStatusCodes
TestProtocolFile,Builder
TestProtocolFile,Builder
TestProtocolFile,Builder
TestProtocolFile,WebPage
TestProtocolFile,Builder
TestProtocolFile,NutchConfiguration
TestProtocolFile,File
Client,Response
Client,Parser
Client,Host
Client,Parser
Client,File
Client,FtpExceptionBadSystResponse
Client,FtpExceptionCanNotHaveDataConnection
Client,FtpExceptionControlClosedByForcedDataClose
Client,FtpExceptionUnknownForcedDataClose
Ftp,Metadata
Ftp,Response
Ftp,Parser
Ftp,Content
Ftp,Protocol
Ftp,ProtocolOutput
Ftp,ProtocolStatusCodes
Ftp,ProtocolStatusUtils
Ftp,RobotRules
Ftp,RobotRulesParser
Ftp,Builder
Ftp,Builder
Ftp,ProtocolStatus
Ftp,Builder
Ftp,WebPage
Ftp,Builder
Ftp,Parser
Ftp,Client
Ftp,FtpError
Ftp,FtpException
Ftp,FtpResponse
Ftp,FtpRobotRulesParser
FtpError,FtpException
FtpException,ProtocolException
FtpException,ProtocolException
FtpExceptionBadSystResponse,Response
FtpExceptionBadSystResponse,FtpException
FtpExceptionCanNotHaveDataConnection,FtpException
FtpExceptionControlClosedByForcedDataClose,FtpException
FtpExceptionUnknownForcedDataClose,FtpException
FtpResponse,Metadata
FtpResponse,HttpDateFormat
FtpResponse,Response
FtpResponse,Parser
FtpResponse,ParserFactory
FtpResponse,Content
FtpResponse,Protocol
FtpResponse,Host
FtpResponse,WebPage
FtpResponse,Bytes
FtpResponse,Parser
FtpResponse,File
FtpResponse,Client
FtpResponse,Ftp
FtpResponse,FtpException
FtpResponse,FtpExceptionBadSystResponse
FtpResponse,FtpExceptionCanNotHaveDataConnection
FtpResponse,FtpExceptionControlClosedByForcedDataClose
FtpResponse,FtpExceptionUnknownForcedDataClose
FtpResponse,PrintCommandListener
FtpResponse,HttpResponse
FtpResponse,HttpResponse
FtpRobotRulesParser,Parser
FtpRobotRulesParser,Content
FtpRobotRulesParser,Protocol
FtpRobotRulesParser,ProtocolOutput
FtpRobotRulesParser,ProtocolStatusCodes
FtpRobotRulesParser,RobotRules
FtpRobotRulesParser,RobotRulesParser
FtpRobotRulesParser,Host
FtpRobotRulesParser,Builder
FtpRobotRulesParser,Builder
FtpRobotRulesParser,Builder
FtpRobotRulesParser,WebPage
FtpRobotRulesParser,Builder
FtpRobotRulesParser,Parser
FtpRobotRulesParser,Ftp
FtpRobotRulesParser,Rule
FtpRobotRulesParser,Rule
FtpRobotRulesParser,Rule
Http,ProtocolException
Http,Response
Http,ProtocolException
Http,WebPage
Http,NutchConfiguration
Http,HttpBase
Http,HttpResponse
Http,HttpResponse
HttpResponse,Metadata
HttpResponse,SpellCheckedMetadata
HttpResponse,HttpDateFormat
HttpResponse,ProtocolException
HttpResponse,Response
HttpResponse,Content
HttpResponse,Protocol
HttpResponse,ProtocolException
HttpResponse,Host
HttpResponse,WebPage
HttpResponse,Bytes
HttpResponse,HttpBase
HttpResponse,HttpException
HttpResponse,File
HttpResponse,Http
HttpResponse,Http
TestProtocolHttp,Response
TestProtocolHttp,Content
TestProtocolHttp,ProtocolOutput
TestProtocolHttp,Host
TestProtocolHttp,Builder
TestProtocolHttp,Builder
TestProtocolHttp,Builder
TestProtocolHttp,WebPage
TestProtocolHttp,Builder
TestProtocolHttp,Http
TestProtocolHttp,Http
DummySSLProtocolSocketFactory,Host
DummySSLProtocolSocketFactory,DummyX509TrustManager
Http,ProtocolException
Http,Response
Http,Protocol
Http,ProtocolException
Http,Host
Http,Builder
Http,Builder
Http,Builder
Http,WebPage
Http,Builder
Http,NutchConfiguration
Http,HttpBase
Http,File
Http,Client
Http,HttpResponse
Http,HttpResponse
HttpAuthenticationFactory,Metadata
HttpAuthenticationFactory,HttpAuthentication
HttpAuthenticationFactory,HttpBasicAuthentication
HttpBasicAuthentication,Bytes
HttpBasicAuthentication,HttpAuthentication
HttpBasicAuthentication,HttpAuthenticationException
HttpResponse,Metadata
HttpResponse,SpellCheckedMetadata
HttpResponse,HttpDateFormat
HttpResponse,Response
HttpResponse,Content
HttpResponse,Builder
HttpResponse,Builder
HttpResponse,Builder
HttpResponse,WebPage
HttpResponse,Builder
HttpResponse,HttpBase
HttpResponse,HttpException
HttpResponse,Client
HttpResponse,Http
HttpResponse,Http
TestProtocolHttpClient,Response
TestProtocolHttpClient,Host
TestProtocolHttpClient,Builder
TestProtocolHttpClient,Builder
TestProtocolHttpClient,Builder
TestProtocolHttpClient,WebPage
TestProtocolHttpClient,Builder
TestProtocolHttpClient,Client
TestProtocolHttpClient,Http
TestProtocolHttpClient,Http
Sftp,Metadata
Sftp,Response
Sftp,Parser
Sftp,Content
Sftp,Protocol
Sftp,ProtocolOutput
Sftp,RobotRules
Sftp,RobotRulesParser
Sftp,Host
Sftp,WebPage
Sftp,Bytes
Sftp,Parser
Sftp,File
LinkAnalysisScoringFilter,NutchDocument
LinkAnalysisScoringFilter,ScoreDatum
LinkAnalysisScoringFilter,ScoringFilter
LinkAnalysisScoringFilter,ScoringFilterException
LinkAnalysisScoringFilter,WebPage
OPICScoringFilter,NutchDocument
OPICScoringFilter,Metadata
OPICScoringFilter,ScoreDatum
OPICScoringFilter,ScoringFilter
OPICScoringFilter,ScoringFilterException
OPICScoringFilter,Host
OPICScoringFilter,WebPage
OPICScoringFilter,Bytes
TestOPICScoringFilter,Outlink
TestOPICScoringFilter,ScoreDatum
TestOPICScoringFilter,ScoringFilter
TestOPICScoringFilter,Builder
TestOPICScoringFilter,Builder
TestOPICScoringFilter,Builder
TestOPICScoringFilter,WebPage
TestOPICScoringFilter,Builder
TestOPICScoringFilter,NutchConfiguration
TestOPICScoringFilter,TableUtil
TestOPICScoringFilter,OPICScoringFilter
CollectionManager,DomUtil
CollectionManager,NutchConfiguration
CollectionManager,ObjectCache
CollectionManager,File
CollectionManager,Subcollection
Subcollection,URLFilter
SubcollectionIndexingFilter,IndexingException
SubcollectionIndexingFilter,IndexingFilter
SubcollectionIndexingFilter,NutchDocument
SubcollectionIndexingFilter,WebPage
SubcollectionIndexingFilter,NutchConfiguration
SubcollectionIndexingFilter,CollectionManager
TestSubcollection,Bytes
TestSubcollection,NutchConfiguration
TestSubcollection,CollectionManager
TestSubcollection,Subcollection
TLDIndexingFilter,IndexingException
TLDIndexingFilter,IndexingFilter
TLDIndexingFilter,NutchDocument
TLDIndexingFilter,WebPage
TLDIndexingFilter,URLUtil
TLDIndexingFilter,DomainSuffix
TLDScoringFilter,NutchDocument
TLDScoringFilter,ScoreDatum
TLDScoringFilter,ScoringFilter
TLDScoringFilter,ScoringFilterException
TLDScoringFilter,WebPage
TLDScoringFilter,DomainSuffix
TLDScoringFilter,DomainSuffixes
TestTLDIndexingFilter,IndexingFilter
TestTLDIndexingFilter,NutchDocument
TestTLDIndexingFilter,Builder
TestTLDIndexingFilter,Builder
TestTLDIndexingFilter,Builder
TestTLDIndexingFilter,WebPage
TestTLDIndexingFilter,Builder
TestTLDIndexingFilter,TLDIndexingFilter
AutomatonURLFilter,URLFilter
AutomatonURLFilter,RegexRule
AutomatonURLFilter,RegexURLFilterBase
AutomatonURLFilter,Rule
AutomatonURLFilter,Rule
AutomatonURLFilter,Rule
Rule,RegexRule
TestAutomatonURLFilter,URLFilter
TestAutomatonURLFilter,RegexURLFilterBaseTest
TestAutomatonURLFilter,AutomatonURLFilter
DomainURLFilter,URLFilter
DomainURLFilter,Extension
DomainURLFilter,ExtensionPoint
DomainURLFilter,PluginRepository
DomainURLFilter,Host
DomainURLFilter,URLUtil
DomainURLFilter,DomainSuffix
DomainURLFilter,File
TestDomainURLFilter,URLFilter
TestDomainURLFilter,NutchConfiguration
TestDomainURLFilter,File
TestDomainURLFilter,DomainURLFilter
PrefixURLFilter,URLFilter
PrefixURLFilter,Extension
PrefixURLFilter,ExtensionPoint
PrefixURLFilter,PluginRepository
PrefixURLFilter,PrefixStringMatcher
PrefixURLFilter,TrieStringMatcher
PrefixURLFilter,File
TestPrefixURLFilter,URLFilter
TestPrefixURLFilter,PrefixURLFilter
RegexURLFilter,URLFilter
RegexURLFilter,NutchConfiguration
RegexURLFilter,RegexRule
RegexURLFilter,RegexURLFilterBase
RegexURLFilter,Rule
RegexURLFilter,Rule
RegexURLFilter,Rule
Rule,RegexRule
TestRegexURLFilter,URLFilter
TestRegexURLFilter,RegexURLFilterBaseTest
TestRegexURLFilter,RegexURLFilter
SuffixURLFilter,URLFilter
SuffixURLFilter,Extension
SuffixURLFilter,ExtensionPoint
SuffixURLFilter,PluginRepository
SuffixURLFilter,NutchConfiguration
SuffixURLFilter,SuffixStringMatcher
SuffixURLFilter,File
TestSuffixURLFilter,URLFilter
TestSuffixURLFilter,SuffixURLFilter
UrlValidator,Token
UrlValidator,URLFilter
TestUrlValidator,NutchConfiguration
TestUrlValidator,UrlValidator
BasicURLNormalizer,URLNormalizer
BasicURLNormalizer,URLNormalizers
BasicURLNormalizer,Protocol
BasicURLNormalizer,Host
BasicURLNormalizer,NutchConfiguration
BasicURLNormalizer,File
TestBasicURLNormalizer,URLNormalizer
TestBasicURLNormalizer,URLNormalizers
TestBasicURLNormalizer,NutchConfiguration
TestBasicURLNormalizer,BasicURLNormalizer
PassURLNormalizer,URLNormalizer
TestPassURLNormalizer,URLNormalizer
TestPassURLNormalizer,URLNormalizers
TestPassURLNormalizer,NutchConfiguration
TestPassURLNormalizer,PassURLNormalizer
RegexURLNormalizer,URLNormalizer
Rule,URLNormalizer
Rule,URLNormalizers
Rule,Builder
Rule,Builder
Rule,Builder
Rule,Builder
Rule,NutchConfiguration
Rule,File
Rule,RegexURLNormalizer
TestRegexURLNormalizer,URLNormalizer
TestRegexURLNormalizer,URLNormalizers
TestRegexURLNormalizer,NutchConfiguration
TestRegexURLNormalizer,File
TestRegexURLNormalizer,RegexURLNormalizer
NormalizedURL,File
AbstractNutchAPITestBase,ConfManager
AbstractNutchAPITestBase,NutchServer
AbstractNutchAPITestBase,RAMConfManager
AbstractNutchAPITestBase,Response
AbstractNutchAPITestBase,NutchConfiguration
AbstractNutchAPITestBase,File
TestNutchAPI,AbstractNutchAPITestBase
TestAdaptiveFetchSchedule,AdaptiveFetchSchedule
TestAdaptiveFetchSchedule,FetchSchedule
TestAdaptiveFetchSchedule,Builder
TestAdaptiveFetchSchedule,Builder
TestAdaptiveFetchSchedule,Builder
TestAdaptiveFetchSchedule,WebPage
TestAdaptiveFetchSchedule,Builder
TestAdaptiveFetchSchedule,NutchConfiguration
TestGenerator,GeneratorJob
TestGenerator,URLWebPage
TestGenerator,WebPage
TestGenerator,TableUtil
TestGenerator,ScoreComparator
TestGenerator,AbstractNutchTest
TestGenerator,CrawlTestUtil
ScoreComparator,SeedList
ScoreComparator,CrawlStatus
ScoreComparator,GeneratorJob
ScoreComparator,InjectorJob
ScoreComparator,URLWebPage
ScoreComparator,Builder
ScoreComparator,Builder
ScoreComparator,Builder
ScoreComparator,WebPage
ScoreComparator,Builder
ScoreComparator,TableUtil
ScoreComparator,SeedList
ScoreComparator,CrawlTestUtil
TestInjector,SeedList
TestInjector,InjectorJob
TestInjector,URLWebPage
TestInjector,Metadata
TestInjector,URLFilters
TestInjector,WebPage
TestInjector,Bytes
TestInjector,SeedList
TestInjector,AbstractNutchTest
TestInjector,CrawlTestUtil
TestSignatureFactory,Signature
TestSignatureFactory,SignatureFactory
TestSignatureFactory,NutchConfiguration
TestURLPartitioner,SelectorEntry
TestURLPartitioner,URLPartitioner
TestURLPartitioner,SelectorEntryPartitioner
TestURLPartitioner,FetchEntryPartitioner
TestURLPartitioner,FetchEntry
TestURLPartitioner,Host
TestURLPartitioner,Builder
TestURLPartitioner,Builder
TestURLPartitioner,Builder
TestURLPartitioner,WebPage
TestURLPartitioner,Builder
TestURLPartitioner,NutchConfiguration
TestURLPartitioner,TableUtil
TestUrlWithScore,UrlWithScore
TestUrlWithScore,UrlOnlyPartitioner
TestUrlWithScore,UrlScoreComparator
TestUrlWithScore,UrlOnlyComparator
TestUrlWithScore,Bytes
TestUrlWithScore,ScoreComparator
TestFetcher,SeedList
TestFetcher,DbUpdaterJob
TestFetcher,GeneratorJob
TestFetcher,InjectorJob
TestFetcher,URLWebPage
TestFetcher,FetcherJob
TestFetcher,Metadata
TestFetcher,Nutch
TestFetcher,ParserJob
TestFetcher,Content
TestFetcher,Protocol
TestFetcher,ProtocolFactory
TestFetcher,RobotRules
TestFetcher,WebPage
TestFetcher,Bytes
TestFetcher,SeedList
TestFetcher,AbstractNutchTest
TestFetcher,CrawlTestUtil
TestIndexingFilters,IndexingException
TestIndexingFilters,IndexingFilter
TestIndexingFilters,IndexingFilters
TestIndexingFilters,NutchDocument
TestIndexingFilters,Metadata
TestIndexingFilters,Builder
TestIndexingFilters,Builder
TestIndexingFilters,Builder
TestIndexingFilters,WebPage
TestIndexingFilters,Builder
TestIndexingFilters,NutchConfiguration
TestMetadata,Metadata
TestSpellCheckedMetadata,Metadata
TestSpellCheckedMetadata,Nutch
TestSpellCheckedMetadata,SpellCheckedMetadata
TestURLFilters,URLFilterException
TestURLFilters,URLFilters
TestURLFilters,NutchConfiguration
TestURLNormalizers,URLNormalizers
TestURLNormalizers,NutchConfiguration
TestOutlinkExtractor,OutlinkExtractor
TestOutlinkExtractor,NutchConfiguration
TestOutlinkExtractor,Ftp
TestOutlinkExtractor,Http
TestOutlinkExtractor,Http
TestParserFactory,Parser
TestParserFactory,ParserFactory
TestParserFactory,Extension
TestParserFactory,NutchConfiguration
TestParserFactory,Parser
TestParseUtil,CrawlStatus
TestParseUtil,ParseUtil
TestParseUtil,Content
TestParseUtil,Builder
TestParseUtil,Builder
TestParseUtil,Builder
TestParseUtil,WebPage
TestParseUtil,Builder
TestParseUtil,Bytes
TestParseUtil,NutchConfiguration
TestSitemapParser,NutchSitemapParse
TestSitemapParser,NutchSitemapParser
TestSitemapParser,Parse
TestSitemapParser,Parser
TestSitemapParser,ParseStatusUtils
TestSitemapParser,Content
TestSitemapParser,ParseStatus
TestSitemapParser,WebPage
TestSitemapParser,Bytes
TestSitemapParser,Parser
TestSitemapParser,AbstractNutchTest
HelloWorldExtension,Extension
HelloWorldExtension,ITestExtension
ITestExtension,Extension
SimpleTestPlugin,Plugin
SimpleTestPlugin,PluginDescriptor
SimpleTestPlugin,PluginRuntimeException
TestPluginSystem,Parser
TestPluginSystem,Extension
TestPluginSystem,ExtensionPoint
TestPluginSystem,PluginDescriptor
TestPluginSystem,PluginManifestParser
TestPluginSystem,PluginRepository
TestPluginSystem,PluginRuntimeException
TestPluginSystem,NutchConfiguration
TestPluginSystem,NutchJobConf
TestPluginSystem,Parser
TestPluginSystem,File
TestPluginSystem,HelloWorldExtension
TestPluginSystem,ITestExtension
TestContent,Metadata
TestContent,SpellCheckedMetadata
TestContent,Content
TestContent,Bytes
TestContent,NutchConfiguration
TestContent,WritableTestUtils
TestProtocolFactory,Protocol
TestProtocolFactory,ProtocolFactory
TestProtocolFactory,ProtocolNotFound
TestProtocolFactory,NutchConfiguration
TestProtocolFactory,ObjectCache
TestGoraStorage,Builder
TestGoraStorage,Builder
TestGoraStorage,Builder
TestGoraStorage,StorageUtils
TestGoraStorage,WebPage
TestGoraStorage,Builder
TestGoraStorage,AbstractNutchTest
TestGoraStorage,CrawlTestUtil
AbstractNutchTest,StorageUtils
AbstractNutchTest,WebPage
AbstractNutchTest,CrawlTestUtil
CrawlTestUtil,SeedList
CrawlTestUtil,GeneratorJob
CrawlTestUtil,URLWebPage
CrawlTestUtil,Content
CrawlTestUtil,Builder
CrawlTestUtil,Builder
CrawlTestUtil,Builder
CrawlTestUtil,WebPage
CrawlTestUtil,Builder
CrawlTestUtil,Bytes
CrawlTestUtil,TableUtil
CrawlTestUtil,SeedList
TestEncodingDetector,Metadata
TestEncodingDetector,Response
TestEncodingDetector,Content
TestEncodingDetector,Builder
TestEncodingDetector,Builder
TestEncodingDetector,Builder
TestEncodingDetector,WebPage
TestEncodingDetector,Builder
TestEncodingDetector,Bytes
TestEncodingDetector,EncodingDetector
TestEncodingDetector,NutchConfiguration
TestGZIPUtils,Bytes
TestGZIPUtils,GZIPUtils
TestMimeUtil,Content
TestMimeUtil,Bytes
TestMimeUtil,MimeUtil
TestMimeUtil,NutchConfiguration
TestMimeUtil,File
TestNodeWalker,Parser
TestNodeWalker,Content
TestNodeWalker,Bytes
TestNodeWalker,NodeWalker
TestNodeWalker,Walker
TestNodeWalker,Parser
TestPrefixStringMatcher,PrefixStringMatcher
TestStringUtil,StringUtil
TestSuffixStringMatcher,SuffixStringMatcher
TestTableUtil,TableUtil
TestURLUtil,Protocol
TestURLUtil,URLUtil
TestURLUtil,DomainSuffix
TestCrawlCycle,JobInfo
TestCrawlCycle,Builder
TestCrawlCycle,Builder
TestCrawlCycle,Builder
TestCrawlCycle,Builder
TestCrawlCycle,CrawlingCycle
TestCrawlCycle,CrawlingCycleListener
TestCrawlCycle,RemoteCommand
TestCrawlCycle,RemoteCommandBuilder
TestCrawlCycle,RemoteCommandExecutor
TestCrawlCycle,Crawl
TestCrawlCycle,JobInfo
TestNutchClientFactory,NutchClient
TestNutchClientFactory,NutchClientFactory
TestNutchClientFactory,NutchInstance
TestNutchClientFactory,Client
TestRemoteCommandExecutor,JobInfo
TestRemoteCommandExecutor,Builder
TestRemoteCommandExecutor,Builder
TestRemoteCommandExecutor,Builder
TestRemoteCommandExecutor,Builder
TestRemoteCommandExecutor,NutchClient
TestRemoteCommandExecutor,RemoteCommand
TestRemoteCommandExecutor,RemoteCommandBuilder
TestRemoteCommandExecutor,RemoteCommandExecutor
TestRemoteCommandExecutor,JobInfo
TestRemoteCommandExecutor,Client
TestRemoteCommandsBatchFactory,JobConfig
TestRemoteCommandsBatchFactory,RemoteCommand
TestRemoteCommandsBatchFactory,RemoteCommandsBatchFactory
TestRemoteCommandsBatchFactory,Crawl
TestRemoteCommandsBatchFactory,JobConfig
NutchServiceTest,NutchConfig
NutchServiceTest,NutchClientFactory
NutchServiceTest,NutchClientImpl
NutchServiceTest,NutchConfig
NutchServiceTest,NutchInstance
NutchServiceTest,NutchInstanceService
NutchServiceTest,NutchServiceImpl
NutchServiceTest,Client
SpringConfigForTests,NutchUiApplication
TestColorEnumLabel,ColorEnumLabel
TestColorEnumLabel,AbstractWicketTest
