HaskellAkind,HaskellKind
HaskellAkind,HaskellQtycon
HaskellAkind,HaskellTyvar
HaskellAkind,HaskellCompositeElement
HaskellAlt,HaskellExp
HaskellAlt,HaskellFunorpatdecl
HaskellAlt,HaskellGendecl
HaskellAlt,HaskellGuard
HaskellAlt,HaskellPat
HaskellAlt,HaskellPpragma
HaskellAlt,HaskellCompositeElement
HaskellAtype,HaskellCtype
HaskellAtype,HaskellKind
HaskellAtype,HaskellOqtycon
HaskellAtype,HaskellPpragma
HaskellAtype,HaskellPstringtoken
HaskellAtype,HaskellTvBndr
HaskellAtype,HaskellTypee
HaskellAtype,HaskellTyvar
HaskellAtype,HaskellVars
HaskellAtype,HaskellCompositeElement
HaskellBkind,HaskellAkind
HaskellBkind,HaskellCompositeElement
HaskellBody,HaskellAlt
HaskellBody,HaskellClassdecl
HaskellBody,HaskellCtype
HaskellBody,HaskellDatadecl
HaskellBody,HaskellDefaultdecl
HaskellBody,HaskellDerivingdecl
HaskellBody,HaskellExp
HaskellBody,HaskellForeigndecl
HaskellBody,HaskellFunorpatdecl
HaskellBody,HaskellGendecl
HaskellBody,HaskellImpdecl
HaskellBody,HaskellInstancedecl
HaskellBody,HaskellLetexp
HaskellBody,HaskellListlike
HaskellBody,HaskellNewtypedecl
HaskellBody,HaskellPat
HaskellBody,HaskellPpragma
HaskellBody,HaskellPstringtoken
HaskellBody,HaskellQcon
HaskellBody,HaskellQop
HaskellBody,HaskellQqblob
HaskellBody,HaskellQvar
HaskellBody,HaskellQvarid
HaskellBody,HaskellStmts
HaskellBody,HaskellTypedecl
HaskellBody,HaskellVarid
HaskellBody,HaskellVarsym
HaskellBody,HaskellCompositeElement
HaskellCdecl,HaskellCtype
HaskellCdecl,HaskellExp
HaskellCdecl,HaskellGendecl
HaskellCdecl,HaskellKind
HaskellCdecl,HaskellPat
HaskellCdecl,HaskellPpragma
HaskellCdecl,HaskellPstringtoken
HaskellCdecl,HaskellQcon
HaskellCdecl,HaskellQvar
HaskellCdecl,HaskellRhs
HaskellCdecl,HaskellTypee
HaskellCdecl,HaskellVarid
HaskellCdecl,HaskellVarop
HaskellCdecl,HaskellVarsym
HaskellCdecl,HaskellCompositeElement
HaskellClassdecl,HaskellCdecl
HaskellClassdecl,HaskellCtype
HaskellClassdecl,HaskellPpragma
HaskellClassdecl,HaskellTyvar
HaskellClassdecl,HaskellCompositeElement
HaskellClscontext,HaskellAtype
HaskellClscontext,HaskellCompositeElement
HaskellCon,HaskellConid
HaskellCon,HaskellConsym
HaskellCon,HaskellCompositeElement
HaskellConid,HaskellNamedElement
HaskellConid,HaskellConidStub
HaskellConop,HaskellConid
HaskellConop,HaskellConsym
HaskellConop,HaskellCompositeElement
HaskellConstr,HaskellAtype
HaskellConstr,HaskellCon
HaskellConstr,HaskellConop
HaskellConstr,HaskellTypee
HaskellConstr,HaskellVars
HaskellConstr,HaskellCompositeElement
HaskellConsym,HaskellCompositeElement
HaskellCtype,HaskellClscontext
HaskellCtype,HaskellTvBndr
HaskellCtype,HaskellTypee
HaskellCtype,HaskellCompositeElement
HaskellDatadecl,HaskellAtype
HaskellDatadecl,HaskellClscontext
HaskellDatadecl,HaskellCon
HaskellDatadecl,HaskellConstr
HaskellDatadecl,HaskellCtype
HaskellDatadecl,HaskellKind
HaskellDatadecl,HaskellOqtycon
HaskellDatadecl,HaskellPpragma
HaskellDatadecl,HaskellQtycls
HaskellDatadecl,HaskellTvBndr
HaskellDatadecl,HaskellTypee
HaskellDatadecl,HaskellTyvar
HaskellDatadecl,HaskellVarid
HaskellDatadecl,HaskellVars
HaskellDatadecl,HaskellCompositeElement
HaskellDefaultdecl,HaskellTypee
HaskellDefaultdecl,HaskellCompositeElement
HaskellDerivingdecl,HaskellCtype
HaskellDerivingdecl,HaskellPpragma
HaskellDerivingdecl,HaskellVarid
HaskellDerivingdecl,HaskellCompositeElement
HaskellExp,HaskellAlt
HaskellExp,HaskellClscontext
HaskellExp,HaskellCtype
HaskellExp,HaskellLetexp
HaskellExp,HaskellListlike
HaskellExp,HaskellPat
HaskellExp,HaskellPpragma
HaskellExp,HaskellPstringtoken
HaskellExp,HaskellQcon
HaskellExp,HaskellQop
HaskellExp,HaskellQqblob
HaskellExp,HaskellQvar
HaskellExp,HaskellQvarid
HaskellExp,HaskellStmts
HaskellExp,HaskellTypee
HaskellExp,HaskellVarid
HaskellExp,HaskellVarsym
HaskellExp,HaskellCompositeElement
HaskellExport,HaskellCon
HaskellExport,HaskellQconid
HaskellExport,HaskellQtycon
HaskellExport,HaskellQvar
HaskellExport,HaskellQvars
HaskellExport,HaskellVarid
HaskellExport,HaskellVarsym
HaskellExport,HaskellCompositeElement
HaskellExports,HaskellExport
HaskellExports,HaskellCompositeElement
HaskellExportsempty,HaskellCompositeElement
HaskellFixity,HaskellCompositeElement
HaskellForeigndecl,HaskellAtype
HaskellForeigndecl,HaskellClscontext
HaskellForeigndecl,HaskellPstringtoken
HaskellForeigndecl,HaskellQtycon
HaskellForeigndecl,HaskellTyvar
HaskellForeigndecl,HaskellVarid
HaskellForeigndecl,HaskellVarsym
HaskellForeigndecl,HaskellCompositeElement
HaskellForeigndecl,Import
HaskellFunorpatdecl,HaskellExp
HaskellFunorpatdecl,HaskellPat
HaskellFunorpatdecl,HaskellPstringtoken
HaskellFunorpatdecl,HaskellQcon
HaskellFunorpatdecl,HaskellQvar
HaskellFunorpatdecl,HaskellRhs
HaskellFunorpatdecl,HaskellVarid
HaskellFunorpatdecl,HaskellVarop
HaskellFunorpatdecl,HaskellVarsym
HaskellFunorpatdecl,HaskellCompositeElement
HaskellGconsym,HaskellQconsym
HaskellGconsym,HaskellCompositeElement
HaskellGendecl,HaskellCtype
HaskellGendecl,HaskellFixity
HaskellGendecl,HaskellOp
HaskellGendecl,HaskellVars
HaskellGendecl,HaskellCompositeElement
HaskellGuard,HaskellAlt
HaskellGuard,HaskellCtype
HaskellGuard,HaskellExp
HaskellGuard,HaskellFunorpatdecl
HaskellGuard,HaskellGendecl
HaskellGuard,HaskellLetexp
HaskellGuard,HaskellListlike
HaskellGuard,HaskellPat
HaskellGuard,HaskellPpragma
HaskellGuard,HaskellPstringtoken
HaskellGuard,HaskellQcon
HaskellGuard,HaskellQop
HaskellGuard,HaskellQqblob
HaskellGuard,HaskellQvar
HaskellGuard,HaskellQvarid
HaskellGuard,HaskellStmts
HaskellGuard,HaskellVarid
HaskellGuard,HaskellVarsym
HaskellGuard,HaskellCompositeElement
HaskellIdecl,HaskellAtype
HaskellIdecl,HaskellClscontext
HaskellIdecl,HaskellCon
HaskellIdecl,HaskellConstr
HaskellIdecl,HaskellCtype
HaskellIdecl,HaskellFunorpatdecl
HaskellIdecl,HaskellKind
HaskellIdecl,HaskellOqtycon
HaskellIdecl,HaskellQtycls
HaskellIdecl,HaskellTypee
HaskellIdecl,HaskellTyvar
HaskellIdecl,HaskellVarid
HaskellIdecl,HaskellVars
HaskellIdecl,HaskellCompositeElement
HaskellImpdecl,HaskellImpempty
HaskellImpdecl,HaskellImportt
HaskellImpdecl,HaskellQconid
HaskellImpdecl,HaskellCompositeElement
HaskellImpdecl,Import
HaskellImpempty,HaskellCompositeElement
HaskellImportt,HaskellCon
HaskellImportt,HaskellTycon
HaskellImportt,HaskellVarid
HaskellImportt,HaskellVars
HaskellImportt,HaskellVarsym
HaskellImportt,HaskellCompositeElement
HaskellInstancedecl,HaskellCtype
HaskellInstancedecl,HaskellGendecl
HaskellInstancedecl,HaskellIdecl
HaskellInstancedecl,HaskellPpragma
HaskellInstancedecl,HaskellCompositeElement
HaskellKind,HaskellBkind
HaskellKind,HaskellCompositeElement
HaskellLetexp,HaskellExp
HaskellLetexp,HaskellFunorpatdecl
HaskellLetexp,HaskellGendecl
HaskellLetexp,HaskellPpragma
HaskellLetexp,HaskellCompositeElement
HaskellListlike,HaskellExp
HaskellListlike,HaskellFunorpatdecl
HaskellListlike,HaskellGendecl
HaskellListlike,HaskellPat
HaskellListlike,HaskellPpragma
HaskellListlike,HaskellCompositeElement
HaskellModuledecl,HaskellExports
HaskellModuledecl,HaskellExportsempty
HaskellModuledecl,HaskellPpragma
HaskellModuledecl,HaskellQconid
HaskellModuledecl,HaskellCompositeElement
HaskellNewconstr,HaskellAtype
HaskellNewconstr,HaskellCon
HaskellNewconstr,HaskellTypee
HaskellNewconstr,HaskellVarid
HaskellNewconstr,HaskellVarsym
HaskellNewconstr,HaskellCompositeElement
HaskellNewtypedecl,HaskellClscontext
HaskellNewtypedecl,HaskellCtype
HaskellNewtypedecl,HaskellNewconstr
HaskellNewtypedecl,HaskellQtycls
HaskellNewtypedecl,HaskellTycon
HaskellNewtypedecl,HaskellTyvar
HaskellNewtypedecl,HaskellVarid
HaskellNewtypedecl,HaskellCompositeElement
HaskellOp,HaskellConop
HaskellOp,HaskellVarop
HaskellOp,HaskellCompositeElement
HaskellOqtycon,HaskellQtycon
HaskellOqtycon,HaskellQtyconsym
HaskellOqtycon,HaskellCompositeElement
HaskellPat,HaskellConid
HaskellPat,HaskellCtype
HaskellPat,HaskellExp
HaskellPat,HaskellPstringtoken
HaskellPat,HaskellQcon
HaskellPat,HaskellQconop
HaskellPat,HaskellQvar
HaskellPat,HaskellVarid
HaskellPat,HaskellVarsym
HaskellPat,HaskellCompositeElement
HaskellPpragma,HaskellCompositeElement
HaskellPstringtoken,HaskellCompositeElement
HaskellQcon,HaskellGconsym
HaskellQcon,HaskellQconid
HaskellQcon,HaskellCompositeElement
HaskellQconid,HaskellConid
HaskellQconid,HaskellCompositeElement
HaskellQconop,HaskellGconsym
HaskellQconop,HaskellQconid
HaskellQconop,HaskellCompositeElement
HaskellQconsym,HaskellConid
HaskellQconsym,HaskellConsym
HaskellQconsym,HaskellCompositeElement
HaskellQop,HaskellQconop
HaskellQop,HaskellQvarop
HaskellQop,HaskellCompositeElement
HaskellQqblob,HaskellQqblobBase
HaskellQtycls,HaskellConid
HaskellQtycls,HaskellTycls
HaskellQtycls,HaskellCompositeElement
HaskellQtycon,HaskellConid
HaskellQtycon,HaskellTycon
HaskellQtycon,HaskellCompositeElement
HaskellQtyconop,HaskellQtycon
HaskellQtyconop,HaskellQtyconsym
HaskellQtyconop,HaskellCompositeElement
HaskellQtyconsym,HaskellQconsym
HaskellQtyconsym,HaskellQvarsym
HaskellQtyconsym,HaskellTyconsym
HaskellQtyconsym,HaskellCompositeElement
HaskellQvar,HaskellQvarid
HaskellQvar,HaskellQvarsym
HaskellQvar,HaskellCompositeElement
HaskellQvarid,HaskellConid
HaskellQvarid,HaskellVarid
HaskellQvarid,HaskellCompositeElement
HaskellQvarop,HaskellQvarid
HaskellQvarop,HaskellQvarsym
HaskellQvarop,HaskellCompositeElement
HaskellQvars,HaskellQvar
HaskellQvars,HaskellCompositeElement
HaskellQvarsym,HaskellConid
HaskellQvarsym,HaskellVarsym
HaskellQvarsym,HaskellCompositeElement
HaskellRhs,HaskellExp
HaskellRhs,HaskellFunorpatdecl
HaskellRhs,HaskellGendecl
HaskellRhs,HaskellGuard
HaskellRhs,HaskellPpragma
HaskellRhs,HaskellCompositeElement
HaskellShebang,HaskellCompositeElement
HaskellStmts,HaskellExp
HaskellStmts,HaskellFunorpatdecl
HaskellStmts,HaskellGendecl
HaskellStmts,HaskellLetexp
HaskellStmts,HaskellPat
HaskellStmts,HaskellPpragma
HaskellStmts,HaskellCompositeElement
HaskellTvBndr,HaskellKind
HaskellTvBndr,HaskellTyvar
HaskellTvBndr,HaskellCompositeElement
HaskellTycls,HaskellConid
HaskellTycls,HaskellConsym
HaskellTycls,HaskellCompositeElement
HaskellTycon,HaskellConid
HaskellTycon,HaskellConsym
HaskellTycon,HaskellCompositeElement
HaskellTyconsym,HaskellConsym
HaskellTyconsym,HaskellVarsym
HaskellTyconsym,HaskellCompositeElement
HaskellTypedecl,HaskellCtype
HaskellTypedecl,HaskellFunorpatdecl
HaskellTypedecl,HaskellGendecl
HaskellTypedecl,HaskellKind
HaskellTypedecl,HaskellPpragma
HaskellTypedecl,HaskellTypee
HaskellTypedecl,HaskellTyvar
HaskellTypedecl,HaskellCompositeElement
HaskellTypee,HaskellAtype
HaskellTypee,HaskellQconop
HaskellTypee,HaskellQtyconop
HaskellTypee,HaskellVarop
HaskellTypee,HaskellCompositeElement
HaskellTypes,HaskellElementType
HaskellTypes,HaskellTokenType
HaskellTypes,HaskellElementTypeFactory
HaskellTyvar,HaskellVarid
HaskellTyvar,HaskellCompositeElement
HaskellVarid,HaskellNamedElement
HaskellVarid,HaskellVaridStub
HaskellVarop,HaskellVarid
HaskellVarop,HaskellVarsym
HaskellVarop,HaskellCompositeElement
HaskellVars,HaskellVarid
HaskellVars,HaskellVarsym
HaskellVars,HaskellCompositeElement
HaskellVarsym,HaskellCompositeElement
HaskellVisitor,HaskellAkind
HaskellVisitor,HaskellAlt
HaskellVisitor,HaskellAtype
HaskellVisitor,HaskellBkind
HaskellVisitor,HaskellBody
HaskellVisitor,HaskellCdecl
HaskellVisitor,HaskellClassdecl
HaskellVisitor,HaskellClscontext
HaskellVisitor,HaskellCon
HaskellVisitor,HaskellConid
HaskellVisitor,HaskellConop
HaskellVisitor,HaskellConstr
HaskellVisitor,HaskellConsym
HaskellVisitor,HaskellCtype
HaskellVisitor,HaskellDatadecl
HaskellVisitor,HaskellDefaultdecl
HaskellVisitor,HaskellDerivingdecl
HaskellVisitor,HaskellExp
HaskellVisitor,HaskellExport
HaskellVisitor,HaskellExports
HaskellVisitor,HaskellExportsempty
HaskellVisitor,HaskellFixity
HaskellVisitor,HaskellForeigndecl
HaskellVisitor,HaskellFunorpatdecl
HaskellVisitor,HaskellGconsym
HaskellVisitor,HaskellGendecl
HaskellVisitor,HaskellGuard
HaskellVisitor,HaskellIdecl
HaskellVisitor,HaskellImpdecl
HaskellVisitor,HaskellImpempty
HaskellVisitor,HaskellImportt
HaskellVisitor,HaskellInstancedecl
HaskellVisitor,HaskellKind
HaskellVisitor,HaskellLetexp
HaskellVisitor,HaskellListlike
HaskellVisitor,HaskellModuledecl
HaskellVisitor,HaskellNewconstr
HaskellVisitor,HaskellNewtypedecl
HaskellVisitor,HaskellOp
HaskellVisitor,HaskellOqtycon
HaskellVisitor,HaskellPat
HaskellVisitor,HaskellPpragma
HaskellVisitor,HaskellPstringtoken
HaskellVisitor,HaskellQcon
HaskellVisitor,HaskellQconid
HaskellVisitor,HaskellQconop
HaskellVisitor,HaskellQconsym
HaskellVisitor,HaskellQop
HaskellVisitor,HaskellQqblob
HaskellVisitor,HaskellQtycls
HaskellVisitor,HaskellQtycon
HaskellVisitor,HaskellQtyconop
HaskellVisitor,HaskellQtyconsym
HaskellVisitor,HaskellQvar
HaskellVisitor,HaskellQvarid
HaskellVisitor,HaskellQvarop
HaskellVisitor,HaskellQvars
HaskellVisitor,HaskellQvarsym
HaskellVisitor,HaskellRhs
HaskellVisitor,HaskellShebang
HaskellVisitor,HaskellStmts
HaskellVisitor,HaskellTvBndr
HaskellVisitor,HaskellTycls
HaskellVisitor,HaskellTycon
HaskellVisitor,HaskellTyconsym
HaskellVisitor,HaskellTypedecl
HaskellVisitor,HaskellTypee
HaskellVisitor,HaskellTyvar
HaskellVisitor,HaskellVarid
HaskellVisitor,HaskellVarop
HaskellVisitor,HaskellVars
HaskellVisitor,HaskellVarsym
HaskellVisitor,HaskellCompositeElement
HaskellVisitor,HaskellNamedElement
HaskellVisitor,HaskellQqblobBase
HaskellAkindImpl,HaskellAkind
HaskellAkindImpl,HaskellKind
HaskellAkindImpl,HaskellQtycon
HaskellAkindImpl,HaskellTyvar
HaskellAkindImpl,HaskellVisitor
HaskellAkindImpl,HaskellCompositeElementImpl
HaskellAltImpl,HaskellAlt
HaskellAltImpl,HaskellExp
HaskellAltImpl,HaskellFunorpatdecl
HaskellAltImpl,HaskellGendecl
HaskellAltImpl,HaskellGuard
HaskellAltImpl,HaskellPat
HaskellAltImpl,HaskellPpragma
HaskellAltImpl,HaskellVisitor
HaskellAltImpl,HaskellCompositeElementImpl
HaskellAtypeImpl,HaskellAtype
HaskellAtypeImpl,HaskellCtype
HaskellAtypeImpl,HaskellKind
HaskellAtypeImpl,HaskellOqtycon
HaskellAtypeImpl,HaskellPpragma
HaskellAtypeImpl,HaskellPstringtoken
HaskellAtypeImpl,HaskellTvBndr
HaskellAtypeImpl,HaskellTypee
HaskellAtypeImpl,HaskellTyvar
HaskellAtypeImpl,HaskellVars
HaskellAtypeImpl,HaskellVisitor
HaskellAtypeImpl,HaskellCompositeElementImpl
HaskellBkindImpl,HaskellAkind
HaskellBkindImpl,HaskellBkind
HaskellBkindImpl,HaskellVisitor
HaskellBkindImpl,HaskellCompositeElementImpl
HaskellBodyImpl,HaskellAlt
HaskellBodyImpl,HaskellBody
HaskellBodyImpl,HaskellClassdecl
HaskellBodyImpl,HaskellCtype
HaskellBodyImpl,HaskellDatadecl
HaskellBodyImpl,HaskellDefaultdecl
HaskellBodyImpl,HaskellDerivingdecl
HaskellBodyImpl,HaskellExp
HaskellBodyImpl,HaskellForeigndecl
HaskellBodyImpl,HaskellFunorpatdecl
HaskellBodyImpl,HaskellGendecl
HaskellBodyImpl,HaskellImpdecl
HaskellBodyImpl,HaskellInstancedecl
HaskellBodyImpl,HaskellLetexp
HaskellBodyImpl,HaskellListlike
HaskellBodyImpl,HaskellNewtypedecl
HaskellBodyImpl,HaskellPat
HaskellBodyImpl,HaskellPpragma
HaskellBodyImpl,HaskellPstringtoken
HaskellBodyImpl,HaskellQcon
HaskellBodyImpl,HaskellQop
HaskellBodyImpl,HaskellQqblob
HaskellBodyImpl,HaskellQvar
HaskellBodyImpl,HaskellQvarid
HaskellBodyImpl,HaskellStmts
HaskellBodyImpl,HaskellTypedecl
HaskellBodyImpl,HaskellVarid
HaskellBodyImpl,HaskellVarsym
HaskellBodyImpl,HaskellVisitor
HaskellBodyImpl,HaskellCompositeElementImpl
HaskellCdeclImpl,HaskellCdecl
HaskellCdeclImpl,HaskellCtype
HaskellCdeclImpl,HaskellExp
HaskellCdeclImpl,HaskellGendecl
HaskellCdeclImpl,HaskellKind
HaskellCdeclImpl,HaskellPat
HaskellCdeclImpl,HaskellPpragma
HaskellCdeclImpl,HaskellPstringtoken
HaskellCdeclImpl,HaskellQcon
HaskellCdeclImpl,HaskellQvar
HaskellCdeclImpl,HaskellRhs
HaskellCdeclImpl,HaskellTypee
HaskellCdeclImpl,HaskellVarid
HaskellCdeclImpl,HaskellVarop
HaskellCdeclImpl,HaskellVarsym
HaskellCdeclImpl,HaskellVisitor
HaskellCdeclImpl,HaskellCompositeElementImpl
HaskellClassdeclImpl,HaskellCdecl
HaskellClassdeclImpl,HaskellClassdecl
HaskellClassdeclImpl,HaskellCtype
HaskellClassdeclImpl,HaskellPpragma
HaskellClassdeclImpl,HaskellTyvar
HaskellClassdeclImpl,HaskellVisitor
HaskellClassdeclImpl,HaskellCompositeElementImpl
HaskellClscontextImpl,HaskellAtype
HaskellClscontextImpl,HaskellClscontext
HaskellClscontextImpl,HaskellVisitor
HaskellClscontextImpl,HaskellCompositeElementImpl
HaskellConidImpl,HaskellConid
HaskellConidImpl,HaskellVisitor
HaskellConidImpl,HaskellConidBaseImpl
HaskellConidImpl,HaskellConidStub
HaskellConImpl,HaskellCon
HaskellConImpl,HaskellConid
HaskellConImpl,HaskellConsym
HaskellConImpl,HaskellVisitor
HaskellConImpl,HaskellCompositeElementImpl
HaskellConopImpl,HaskellConid
HaskellConopImpl,HaskellConop
HaskellConopImpl,HaskellConsym
HaskellConopImpl,HaskellVisitor
HaskellConopImpl,HaskellCompositeElementImpl
HaskellConstrImpl,HaskellAtype
HaskellConstrImpl,HaskellCon
HaskellConstrImpl,HaskellConop
HaskellConstrImpl,HaskellConstr
HaskellConstrImpl,HaskellTypee
HaskellConstrImpl,HaskellVars
HaskellConstrImpl,HaskellVisitor
HaskellConstrImpl,HaskellCompositeElementImpl
HaskellConsymImpl,HaskellConsym
HaskellConsymImpl,HaskellVisitor
HaskellConsymImpl,HaskellCompositeElementImpl
HaskellCtypeImpl,HaskellClscontext
HaskellCtypeImpl,HaskellCtype
HaskellCtypeImpl,HaskellTvBndr
HaskellCtypeImpl,HaskellTypee
HaskellCtypeImpl,HaskellVisitor
HaskellCtypeImpl,HaskellCompositeElementImpl
HaskellDatadeclImpl,HaskellAtype
HaskellDatadeclImpl,HaskellClscontext
HaskellDatadeclImpl,HaskellCon
HaskellDatadeclImpl,HaskellConstr
HaskellDatadeclImpl,HaskellCtype
HaskellDatadeclImpl,HaskellDatadecl
HaskellDatadeclImpl,HaskellKind
HaskellDatadeclImpl,HaskellOqtycon
HaskellDatadeclImpl,HaskellPpragma
HaskellDatadeclImpl,HaskellQtycls
HaskellDatadeclImpl,HaskellTvBndr
HaskellDatadeclImpl,HaskellTypee
HaskellDatadeclImpl,HaskellTyvar
HaskellDatadeclImpl,HaskellVarid
HaskellDatadeclImpl,HaskellVars
HaskellDatadeclImpl,HaskellVisitor
HaskellDatadeclImpl,HaskellCompositeElementImpl
HaskellDefaultdeclImpl,HaskellDefaultdecl
HaskellDefaultdeclImpl,HaskellTypee
HaskellDefaultdeclImpl,HaskellVisitor
HaskellDefaultdeclImpl,HaskellCompositeElementImpl
HaskellDerivingdeclImpl,HaskellCtype
HaskellDerivingdeclImpl,HaskellDerivingdecl
HaskellDerivingdeclImpl,HaskellPpragma
HaskellDerivingdeclImpl,HaskellVarid
HaskellDerivingdeclImpl,HaskellVisitor
HaskellDerivingdeclImpl,HaskellCompositeElementImpl
HaskellExpImpl,HaskellAlt
HaskellExpImpl,HaskellClscontext
HaskellExpImpl,HaskellCtype
HaskellExpImpl,HaskellExp
HaskellExpImpl,HaskellLetexp
HaskellExpImpl,HaskellListlike
HaskellExpImpl,HaskellPat
HaskellExpImpl,HaskellPpragma
HaskellExpImpl,HaskellPstringtoken
HaskellExpImpl,HaskellQcon
HaskellExpImpl,HaskellQop
HaskellExpImpl,HaskellQqblob
HaskellExpImpl,HaskellQvar
HaskellExpImpl,HaskellQvarid
HaskellExpImpl,HaskellStmts
HaskellExpImpl,HaskellTypee
HaskellExpImpl,HaskellVarid
HaskellExpImpl,HaskellVarsym
HaskellExpImpl,HaskellVisitor
HaskellExpImpl,HaskellCompositeElementImpl
HaskellExportImpl,HaskellCon
HaskellExportImpl,HaskellExport
HaskellExportImpl,HaskellQconid
HaskellExportImpl,HaskellQtycon
HaskellExportImpl,HaskellQvar
HaskellExportImpl,HaskellQvars
HaskellExportImpl,HaskellVarid
HaskellExportImpl,HaskellVarsym
HaskellExportImpl,HaskellVisitor
HaskellExportImpl,HaskellCompositeElementImpl
HaskellExportsemptyImpl,HaskellExportsempty
HaskellExportsemptyImpl,HaskellVisitor
HaskellExportsemptyImpl,HaskellCompositeElementImpl
HaskellExportsImpl,HaskellExport
HaskellExportsImpl,HaskellExports
HaskellExportsImpl,HaskellVisitor
HaskellExportsImpl,HaskellCompositeElementImpl
HaskellFixityImpl,HaskellFixity
HaskellFixityImpl,HaskellVisitor
HaskellFixityImpl,HaskellCompositeElementImpl
HaskellForeigndeclImpl,HaskellAtype
HaskellForeigndeclImpl,HaskellClscontext
HaskellForeigndeclImpl,HaskellForeigndecl
HaskellForeigndeclImpl,HaskellPstringtoken
HaskellForeigndeclImpl,HaskellQtycon
HaskellForeigndeclImpl,HaskellTyvar
HaskellForeigndeclImpl,HaskellVarid
HaskellForeigndeclImpl,HaskellVarsym
HaskellForeigndeclImpl,HaskellVisitor
HaskellForeigndeclImpl,Import
HaskellForeigndeclImpl,HaskellCompositeElementImpl
HaskellFunorpatdeclImpl,HaskellExp
HaskellFunorpatdeclImpl,HaskellFunorpatdecl
HaskellFunorpatdeclImpl,HaskellPat
HaskellFunorpatdeclImpl,HaskellPstringtoken
HaskellFunorpatdeclImpl,HaskellQcon
HaskellFunorpatdeclImpl,HaskellQvar
HaskellFunorpatdeclImpl,HaskellRhs
HaskellFunorpatdeclImpl,HaskellVarid
HaskellFunorpatdeclImpl,HaskellVarop
HaskellFunorpatdeclImpl,HaskellVarsym
HaskellFunorpatdeclImpl,HaskellVisitor
HaskellFunorpatdeclImpl,HaskellCompositeElementImpl
HaskellGconsymImpl,HaskellGconsym
HaskellGconsymImpl,HaskellQconsym
HaskellGconsymImpl,HaskellVisitor
HaskellGconsymImpl,HaskellCompositeElementImpl
HaskellGendeclImpl,HaskellCtype
HaskellGendeclImpl,HaskellFixity
HaskellGendeclImpl,HaskellGendecl
HaskellGendeclImpl,HaskellOp
HaskellGendeclImpl,HaskellVars
HaskellGendeclImpl,HaskellVisitor
HaskellGendeclImpl,HaskellCompositeElementImpl
HaskellGuardImpl,HaskellAlt
HaskellGuardImpl,HaskellCtype
HaskellGuardImpl,HaskellExp
HaskellGuardImpl,HaskellFunorpatdecl
HaskellGuardImpl,HaskellGendecl
HaskellGuardImpl,HaskellGuard
HaskellGuardImpl,HaskellLetexp
HaskellGuardImpl,HaskellListlike
HaskellGuardImpl,HaskellPat
HaskellGuardImpl,HaskellPpragma
HaskellGuardImpl,HaskellPstringtoken
HaskellGuardImpl,HaskellQcon
HaskellGuardImpl,HaskellQop
HaskellGuardImpl,HaskellQqblob
HaskellGuardImpl,HaskellQvar
HaskellGuardImpl,HaskellQvarid
HaskellGuardImpl,HaskellStmts
HaskellGuardImpl,HaskellVarid
HaskellGuardImpl,HaskellVarsym
HaskellGuardImpl,HaskellVisitor
HaskellGuardImpl,HaskellCompositeElementImpl
HaskellIdeclImpl,HaskellAtype
HaskellIdeclImpl,HaskellClscontext
HaskellIdeclImpl,HaskellCon
HaskellIdeclImpl,HaskellConstr
HaskellIdeclImpl,HaskellCtype
HaskellIdeclImpl,HaskellFunorpatdecl
HaskellIdeclImpl,HaskellIdecl
HaskellIdeclImpl,HaskellKind
HaskellIdeclImpl,HaskellOqtycon
HaskellIdeclImpl,HaskellQtycls
HaskellIdeclImpl,HaskellTypee
HaskellIdeclImpl,HaskellTyvar
HaskellIdeclImpl,HaskellVarid
HaskellIdeclImpl,HaskellVars
HaskellIdeclImpl,HaskellVisitor
HaskellIdeclImpl,HaskellCompositeElementImpl
HaskellImpdeclImpl,HaskellImpdecl
HaskellImpdeclImpl,HaskellImpempty
HaskellImpdeclImpl,HaskellImportt
HaskellImpdeclImpl,HaskellQconid
HaskellImpdeclImpl,HaskellVisitor
HaskellImpdeclImpl,Import
HaskellImpdeclImpl,HaskellCompositeElementImpl
HaskellImpemptyImpl,HaskellImpempty
HaskellImpemptyImpl,HaskellVisitor
HaskellImpemptyImpl,HaskellCompositeElementImpl
HaskellImporttImpl,HaskellCon
HaskellImporttImpl,HaskellImportt
HaskellImporttImpl,HaskellTycon
HaskellImporttImpl,HaskellVarid
HaskellImporttImpl,HaskellVars
HaskellImporttImpl,HaskellVarsym
HaskellImporttImpl,HaskellVisitor
HaskellImporttImpl,HaskellCompositeElementImpl
HaskellInstancedeclImpl,HaskellCtype
HaskellInstancedeclImpl,HaskellGendecl
HaskellInstancedeclImpl,HaskellIdecl
HaskellInstancedeclImpl,HaskellInstancedecl
HaskellInstancedeclImpl,HaskellPpragma
HaskellInstancedeclImpl,HaskellVisitor
HaskellInstancedeclImpl,HaskellCompositeElementImpl
HaskellKindImpl,HaskellBkind
HaskellKindImpl,HaskellKind
HaskellKindImpl,HaskellVisitor
HaskellKindImpl,HaskellCompositeElementImpl
HaskellLetexpImpl,HaskellExp
HaskellLetexpImpl,HaskellFunorpatdecl
HaskellLetexpImpl,HaskellGendecl
HaskellLetexpImpl,HaskellLetexp
HaskellLetexpImpl,HaskellPpragma
HaskellLetexpImpl,HaskellVisitor
HaskellLetexpImpl,HaskellCompositeElementImpl
HaskellListlikeImpl,HaskellExp
HaskellListlikeImpl,HaskellFunorpatdecl
HaskellListlikeImpl,HaskellGendecl
HaskellListlikeImpl,HaskellListlike
HaskellListlikeImpl,HaskellPat
HaskellListlikeImpl,HaskellPpragma
HaskellListlikeImpl,HaskellVisitor
HaskellListlikeImpl,HaskellCompositeElementImpl
HaskellModuledeclImpl,HaskellExports
HaskellModuledeclImpl,HaskellExportsempty
HaskellModuledeclImpl,HaskellModuledecl
HaskellModuledeclImpl,HaskellPpragma
HaskellModuledeclImpl,HaskellQconid
HaskellModuledeclImpl,HaskellVisitor
HaskellModuledeclImpl,HaskellCompositeElementImpl
HaskellNewconstrImpl,HaskellAtype
HaskellNewconstrImpl,HaskellCon
HaskellNewconstrImpl,HaskellNewconstr
HaskellNewconstrImpl,HaskellTypee
HaskellNewconstrImpl,HaskellVarid
HaskellNewconstrImpl,HaskellVarsym
HaskellNewconstrImpl,HaskellVisitor
HaskellNewconstrImpl,HaskellCompositeElementImpl
HaskellNewtypedeclImpl,HaskellClscontext
HaskellNewtypedeclImpl,HaskellCtype
HaskellNewtypedeclImpl,HaskellNewconstr
HaskellNewtypedeclImpl,HaskellNewtypedecl
HaskellNewtypedeclImpl,HaskellQtycls
HaskellNewtypedeclImpl,HaskellTycon
HaskellNewtypedeclImpl,HaskellTyvar
HaskellNewtypedeclImpl,HaskellVarid
HaskellNewtypedeclImpl,HaskellVisitor
HaskellNewtypedeclImpl,HaskellCompositeElementImpl
HaskellOpImpl,HaskellConop
HaskellOpImpl,HaskellOp
HaskellOpImpl,HaskellVarop
HaskellOpImpl,HaskellVisitor
HaskellOpImpl,HaskellCompositeElementImpl
HaskellOqtyconImpl,HaskellOqtycon
HaskellOqtyconImpl,HaskellQtycon
HaskellOqtyconImpl,HaskellQtyconsym
HaskellOqtyconImpl,HaskellVisitor
HaskellOqtyconImpl,HaskellCompositeElementImpl
HaskellPatImpl,HaskellConid
HaskellPatImpl,HaskellCtype
HaskellPatImpl,HaskellExp
HaskellPatImpl,HaskellPat
HaskellPatImpl,HaskellPstringtoken
HaskellPatImpl,HaskellQcon
HaskellPatImpl,HaskellQconop
HaskellPatImpl,HaskellQvar
HaskellPatImpl,HaskellVarid
HaskellPatImpl,HaskellVarsym
HaskellPatImpl,HaskellVisitor
HaskellPatImpl,HaskellCompositeElementImpl
HaskellPpragmaImpl,HaskellPpragma
HaskellPpragmaImpl,HaskellVisitor
HaskellPpragmaImpl,HaskellCompositeElementImpl
HaskellPstringtokenImpl,HaskellPstringtoken
HaskellPstringtokenImpl,HaskellVisitor
HaskellPstringtokenImpl,HaskellCompositeElementImpl
HaskellQconidImpl,HaskellConid
HaskellQconidImpl,HaskellQconid
HaskellQconidImpl,HaskellVisitor
HaskellQconidImpl,HaskellCompositeElementImpl
HaskellQconImpl,HaskellGconsym
HaskellQconImpl,HaskellQcon
HaskellQconImpl,HaskellQconid
HaskellQconImpl,HaskellVisitor
HaskellQconImpl,HaskellCompositeElementImpl
HaskellQconopImpl,HaskellGconsym
HaskellQconopImpl,HaskellQconid
HaskellQconopImpl,HaskellQconop
HaskellQconopImpl,HaskellVisitor
HaskellQconopImpl,HaskellCompositeElementImpl
HaskellQconsymImpl,HaskellConid
HaskellQconsymImpl,HaskellConsym
HaskellQconsymImpl,HaskellQconsym
HaskellQconsymImpl,HaskellVisitor
HaskellQconsymImpl,HaskellCompositeElementImpl
HaskellQopImpl,HaskellQconop
HaskellQopImpl,HaskellQop
HaskellQopImpl,HaskellQvarop
HaskellQopImpl,HaskellVisitor
HaskellQopImpl,HaskellCompositeElementImpl
HaskellQqblobImpl,HaskellQqblob
HaskellQqblobImpl,HaskellVisitor
HaskellQqblobImpl,HaskellQqblobBaseImpl
HaskellQtyclsImpl,HaskellConid
HaskellQtyclsImpl,HaskellQtycls
HaskellQtyclsImpl,HaskellTycls
HaskellQtyclsImpl,HaskellVisitor
HaskellQtyclsImpl,HaskellCompositeElementImpl
HaskellQtyconImpl,HaskellConid
HaskellQtyconImpl,HaskellQtycon
HaskellQtyconImpl,HaskellTycon
HaskellQtyconImpl,HaskellVisitor
HaskellQtyconImpl,HaskellCompositeElementImpl
HaskellQtyconopImpl,HaskellQtycon
HaskellQtyconopImpl,HaskellQtyconop
HaskellQtyconopImpl,HaskellQtyconsym
HaskellQtyconopImpl,HaskellVisitor
HaskellQtyconopImpl,HaskellCompositeElementImpl
HaskellQtyconsymImpl,HaskellQconsym
HaskellQtyconsymImpl,HaskellQtyconsym
HaskellQtyconsymImpl,HaskellQvarsym
HaskellQtyconsymImpl,HaskellTyconsym
HaskellQtyconsymImpl,HaskellVisitor
HaskellQtyconsymImpl,HaskellCompositeElementImpl
HaskellQvaridImpl,HaskellConid
HaskellQvaridImpl,HaskellQvarid
HaskellQvaridImpl,HaskellVarid
HaskellQvaridImpl,HaskellVisitor
HaskellQvaridImpl,HaskellCompositeElementImpl
HaskellQvarImpl,HaskellQvar
HaskellQvarImpl,HaskellQvarid
HaskellQvarImpl,HaskellQvarsym
HaskellQvarImpl,HaskellVisitor
HaskellQvarImpl,HaskellCompositeElementImpl
HaskellQvaropImpl,HaskellQvarid
HaskellQvaropImpl,HaskellQvarop
HaskellQvaropImpl,HaskellQvarsym
HaskellQvaropImpl,HaskellVisitor
HaskellQvaropImpl,HaskellCompositeElementImpl
HaskellQvarsImpl,HaskellQvar
HaskellQvarsImpl,HaskellQvars
HaskellQvarsImpl,HaskellVisitor
HaskellQvarsImpl,HaskellCompositeElementImpl
HaskellQvarsymImpl,HaskellConid
HaskellQvarsymImpl,HaskellQvarsym
HaskellQvarsymImpl,HaskellVarsym
HaskellQvarsymImpl,HaskellVisitor
HaskellQvarsymImpl,HaskellCompositeElementImpl
HaskellRhsImpl,HaskellExp
HaskellRhsImpl,HaskellFunorpatdecl
HaskellRhsImpl,HaskellGendecl
HaskellRhsImpl,HaskellGuard
HaskellRhsImpl,HaskellPpragma
HaskellRhsImpl,HaskellRhs
HaskellRhsImpl,HaskellVisitor
HaskellRhsImpl,HaskellCompositeElementImpl
HaskellShebangImpl,HaskellShebang
HaskellShebangImpl,HaskellVisitor
HaskellShebangImpl,HaskellCompositeElementImpl
HaskellStmtsImpl,HaskellExp
HaskellStmtsImpl,HaskellFunorpatdecl
HaskellStmtsImpl,HaskellGendecl
HaskellStmtsImpl,HaskellLetexp
HaskellStmtsImpl,HaskellPat
HaskellStmtsImpl,HaskellPpragma
HaskellStmtsImpl,HaskellStmts
HaskellStmtsImpl,HaskellVisitor
HaskellStmtsImpl,HaskellCompositeElementImpl
HaskellTvBndrImpl,HaskellKind
HaskellTvBndrImpl,HaskellTvBndr
HaskellTvBndrImpl,HaskellTyvar
HaskellTvBndrImpl,HaskellVisitor
HaskellTvBndrImpl,HaskellCompositeElementImpl
HaskellTyclsImpl,HaskellConid
HaskellTyclsImpl,HaskellConsym
HaskellTyclsImpl,HaskellTycls
HaskellTyclsImpl,HaskellVisitor
HaskellTyclsImpl,HaskellCompositeElementImpl
HaskellTyconImpl,HaskellConid
HaskellTyconImpl,HaskellConsym
HaskellTyconImpl,HaskellTycon
HaskellTyconImpl,HaskellVisitor
HaskellTyconImpl,HaskellCompositeElementImpl
HaskellTyconsymImpl,HaskellConsym
HaskellTyconsymImpl,HaskellTyconsym
HaskellTyconsymImpl,HaskellVarsym
HaskellTyconsymImpl,HaskellVisitor
HaskellTyconsymImpl,HaskellCompositeElementImpl
HaskellTypedeclImpl,HaskellCtype
HaskellTypedeclImpl,HaskellFunorpatdecl
HaskellTypedeclImpl,HaskellGendecl
HaskellTypedeclImpl,HaskellKind
HaskellTypedeclImpl,HaskellPpragma
HaskellTypedeclImpl,HaskellTypedecl
HaskellTypedeclImpl,HaskellTypee
HaskellTypedeclImpl,HaskellTyvar
HaskellTypedeclImpl,HaskellVisitor
HaskellTypedeclImpl,HaskellCompositeElementImpl
HaskellTypeeImpl,HaskellAtype
HaskellTypeeImpl,HaskellQconop
HaskellTypeeImpl,HaskellQtyconop
HaskellTypeeImpl,HaskellTypee
HaskellTypeeImpl,HaskellVarop
HaskellTypeeImpl,HaskellVisitor
HaskellTypeeImpl,HaskellCompositeElementImpl
HaskellTyvarImpl,HaskellTyvar
HaskellTyvarImpl,HaskellVarid
HaskellTyvarImpl,HaskellVisitor
HaskellTyvarImpl,HaskellCompositeElementImpl
HaskellVaridImpl,HaskellVarid
HaskellVaridImpl,HaskellVisitor
HaskellVaridImpl,HaskellVaridBaseImpl
HaskellVaridImpl,HaskellVaridStub
HaskellVaropImpl,HaskellVarid
HaskellVaropImpl,HaskellVarop
HaskellVaropImpl,HaskellVarsym
HaskellVaropImpl,HaskellVisitor
HaskellVaropImpl,HaskellCompositeElementImpl
HaskellVarsImpl,HaskellVarid
HaskellVarsImpl,HaskellVars
HaskellVarsImpl,HaskellVarsym
HaskellVarsImpl,HaskellVisitor
HaskellVarsImpl,HaskellCompositeElementImpl
HaskellVarsymImpl,HaskellVarsym
HaskellVarsymImpl,HaskellVisitor
HaskellVarsymImpl,HaskellCompositeElementImpl
CabalBuilder,CabalJspInterface
CabalBuilder,HaskellBuildOptions
CabalBuilder,JpsHaskellBuildOptionsExtension
CabalBuilder,JpsHaskellModuleType
CabalBuilder,SystemUtil
CabalJspInterface,HaskellBuildOptions
HaskellSourceRootDescriptor,HaskellTarget
HaskellTarget,HaskellSourceRootDescriptor
HaskellTarget,HaskellTargetType
HaskellTarget,JpsHaskellModuleType
HaskellTargetType,HaskellTarget
HaskellTargetType,JpsHaskellModuleType
HaskForceBuilder,CabalBuilder
HaskForceBuilder,HaskellTargetType
HaskForceBuilder,JavaVersionUtil
JpsHaskellBuildOptionsExtension,HaskellBuildOptions
JpsHaskellBuildOptionsSerializer,HaskellBuildOptions
JpsHaskellBuildOptionsSerializer,JpsHaskellBuildOptionsExtension
JpsHaskellModelSerializerExtension,HaskellFacetConstants
JpsHaskellModelSerializerExtension,HaskellIncludeSourceRootType
JpsHaskellModelSerializerExtension,HaskellModuleExtensionProperties
JpsHaskellModelSerializerExtension,JpsHaskellBuildOptionsSerializer
JpsHaskellModelSerializerExtension,JpsHaskellModuleExtension
JpsHaskellModelSerializerExtension,JpsHaskellModuleType
JpsHaskellModelSerializerExtension,JpsHaskellSdkType
JpsHaskellModuleExtension,HaskellModuleExtensionProperties
JavaVersionUtil,Property
SystemUtil,Property
HaskellFileType,HaskellIcons
HaskellFileType,HaskellLanguage
HaskellFileTypeFactory,HaskellFileType
HaskellParserDefinition,HaskellParser
HaskellParserDefinition,HaskellTypes
HaskellParserDefinition,HaskellParsingLexer
HaskellParserDefinition,HaskellFile
HaskellParserDefinition,HaskellParserWrapper
HaskellParserDefinition,Property
HaskellParserDefinition,HaskellFileStubElementType
HaskellParserDefinition,SimplePsiParser
HaskellHindentFormatAction,HaskellFile
HaskellHindentFormatAction,ToolKey
HaskellHindentFormatAction,HaskellToolsNotificationListener
HaskellStylishFormatAction,HaskellFile
HaskellStylishFormatAction,ToolKey
HaskellStylishFormatAction,HaskellToolsNotificationListener
RestartGhcModi,HaskellStylishFormatAction
RestartGhcModi,GhcModi
RestartGhcModi,ToolKey
TypeInfoAction,TypeInfoUtil
TypeInfoAction,HaskellFile
CabalFileType,CabalIcons
CabalFileType,CabalLanguage
CabalFileTypeFactory,CabalFileType
CabalSyntaxHighlighter,CabalSyntaxHighlightingLexer
CabalSyntaxHighlighter,CabalTypes
CabalSyntaxHighlighterFactory,CabalSyntaxHighlighter
CabalParserDefinition,CabalLanguage
CabalParserDefinition,CabalTypes
CabalElementType,CabalLanguage
CabalTypes,CabalElementType
HaskellCompletionContributor,HaskellBody
HaskellCompletionContributor,HaskellConid
HaskellCompletionContributor,HaskellExp
HaskellCompletionContributor,HaskellFunorpatdecl
HaskellCompletionContributor,HaskellGendecl
HaskellCompletionContributor,HaskellImpdecl
HaskellCompletionContributor,HaskellImportt
HaskellCompletionContributor,HaskellPat
HaskellCompletionContributor,HaskellPpragma
HaskellCompletionContributor,HaskellQconid
HaskellCompletionContributor,HaskellQvarid
HaskellCompletionContributor,HaskellVarid
HaskellCompletionContributor,HaskellVars
HaskellCompletionContributor,HaskellLanguage
HaskellCompletionContributor,HaskellPsiUtil
HaskellCompletionContributor,Import
HaskellCompletionContributor,HaskellUtil
HaskellFindUsagesProvider,HaskellTypes
HaskellFindUsagesProvider,HaskellParserDefinition
HaskellFindUsagesProvider,HaskellSyntaxHighlightingLexer
HaskellBraceMatcher,HaskellTypes
HaskellBraceMatcher,HaskellParserDefinition
HaskellChooseByNameContributor,HaskellNamedElement
HaskellChooseByNameContributor,HaskellAllNameIndex
HaskellCommenter,HaskellTypes
HaskellDescriptionProvider,HaskellLanguage
HaskellDescriptionProvider,HaskellNamedElement
HaskellFoldingBuilder,HaskellTypes
HaskellFoldingBuilder,HaskellParserDefinition
HaskellFoldingBuilder,HaskellFile
HaskellQuoteHandler,HaskellTypes
HaskellTypedHandler,HaskellFile
AddTypeSignature,HaskellBody
AddTypeSignature,HaskellFunorpatdecl
AddTypeSignature,HaskellGendecl
AddTypeSignature,Problem
AddTypeSignature,Problem
AddTypeSignature,HaskellElementFactory
IgnoreHLint,HaskellPpragma
IgnoreHLint,HaskellTypes
IgnoreHLint,HLint
IgnoreHLint,HaskellElementFactory
RemoveForall,Problem
RemoveForall,Problem
HaskellStructureViewElement,HaskellFile
HaskellStructureViewElement,HaskellUtil
HaskellStructureViewFactory,HaskellStructureViewModel
HaskellStructureViewModel,HaskellStructureViewElement
HaskellAnnotator,HaskellAtype
HaskellAnnotator,HaskellConid
HaskellAnnotator,HaskellFunorpatdecl
HaskellAnnotator,HaskellGendecl
HaskellAnnotator,HaskellImpdecl
HaskellAnnotator,HaskellModuledecl
HaskellAnnotator,HaskellPpragma
HaskellAnnotator,HaskellPstringtoken
HaskellAnnotator,HaskellQcon
HaskellAnnotator,HaskellQconid
HaskellAnnotator,HaskellQconsym
HaskellAnnotator,HaskellQvarid
HaskellAnnotator,HaskellQvarsym
HaskellAnnotator,HaskellShebang
HaskellAnnotator,HaskellVars
HaskellAnnotator,HaskellVisitor
HaskellAnnotator,HaskellSyntaxHighlighter
HaskellAnnotator,Import
HaskellAnnotator,HaskellModuleFilenameFix
HaskellAnnotator,HaskellModuleNameFix
HaskellSyntaxHighlighter,HaskellTypes
HaskellSyntaxHighlighter,HaskellSyntaxHighlightingLexer
HaskellSyntaxHighlighterFactory,HaskellSyntaxHighlighter
HaskellDocumentationProvider,TypeInfoUtil
HaskellProblem,HaskellAnnotationHolder
HaskellProblem,Problem
HaskellProblem,Problem
Problems,HaskellProblem
Problems,Problem
Problems,Problem
GhcMod,Problems
GhcMod,Problem
GhcMod,ExecError
GhcMod,GhcModUtil
GhcMod,Problem
GhcMod,ToolKey
GhcMod,ExecUtil
GhcMod,ExecError
GhcMod,NotificationUtil
Problem,HaskellProblem
Problem,Import
RegisterFixHandler,HaskellImpdecl
RegisterFixHandler,AddTypeSignature
RegisterFixHandler,RemoveForall
RegisterFixHandler,HaskellAnnotationHolder
RegisterFixHandler,Problem
RegisterFixHandler,Problem
RegisterFixHandler,Import
GhcModi,Problems
GhcModi,FileSource
GhcModi,GhcModiError
GhcModi,SettingsChangeNotifier
GhcModi,ToolKey
FileSource,SystemUtil
FileSource,RestartGhcModi
FileSource,Problems
FileSource,GhcMod
FileSource,Problem
FileSource,GhcModi
FileSource,GhcModiError
FileSource,InitError
FileSource,ExecError
FileSource,CheckParseError
FileSource,CheckError
FileSource,GhcModUtil
FileSource,Problem
FileSource,ToolKey
FileSource,ExecError
FileSource,NotificationUtil
GhcModiRunnable,GhcModiError
InitError,GhcModiError
ExecError,GhcModiError
CheckParseError,GhcModiError
CheckError,GhcModi
CheckError,GhcModiError
CheckError,SettingsChangeNotifier
CheckError,ToolKey
CheckError,ToolSettings
CheckError,ExecUtil
GhcModUtil,Property
HLint,Problems
HLint,Problem
HLint,ExecError
HLint,Problem
HLint,HLintProblemGsonAdapter
HLint,HaskellFile
HLint,ToolKey
HLint,ExecUtil
HLint,ExecError
HLint,NotificationUtil
Problem,IgnoreHLint
Problem,HaskellAnnotationHolder
Problem,HaskellProblem
Problem,HLint
HLintProblemGsonAdapter,Problem
HLintProblemGsonAdapter,Problem
TypeInfoUtil,GhcMod
TypeInfoUtil,GhcModi
TypeInfoUtil,ToolKey
TypeInfoUtil,ExecUtil
HaskellFileIndex,HaskellFileType
HaskellFileIndex,HaskellFile
HaskellModuleIndex,HaskellFileType
HaskellModuleIndex,MyDataIndexer
HaskellModuleIndex,HaskellFile
MyDataIndexer,HaskellFile
HaskellCodeStyleSettingsProvider,HaskellLanguage
HaskellCodeStyleSettingsProvider,HaskellTabbedCodeStylePanel
HaskellLanguageCodeStyleSettingsProvider,HaskellLanguage
HaskellLanguageCodeStyleSettingsProvider,HaskellIndentOptionsEditor
HaskellTabbedCodeStylePanel,HaskellLanguage
HaskellElementType,HaskellLanguage
HaskellFile,HaskellBody
HaskellFile,HaskellModuledecl
HaskellFile,HaskellQconid
HaskellFile,HaskellFileType
HaskellFile,HaskellIcons
HaskellFile,HaskellLanguage
HaskellFile,HaskellFileStub
HaskellLanguageInjectionElement,HaskellCompositeElement
HaskellNamedElement,HaskellCompositeElement
HaskellParserUtilBase,HaskellTypes
HaskellParserUtilBase,HaskellParserDefinition
HaskellParserUtilBase,HaskellParserWrapper
HaskellParserUtilBase,Property
HaskellParserWrapper,HaskellParser
HaskellParserWrapper,HaskellTypes
HaskellParserWrapper,HaskellParsingLexer
HaskellPsiUtil,HaskellBody
HaskellPsiUtil,HaskellCon
HaskellPsiUtil,HaskellImpdecl
HaskellPsiUtil,HaskellImportt
HaskellPsiUtil,HaskellPpragma
HaskellPsiUtil,HaskellQconid
HaskellPsiUtil,HaskellTycon
HaskellPsiUtil,HaskellVarid
HaskellPsiUtil,HaskellVars
HaskellPsiUtil,HaskellVisitor
HaskellPsiUtil,Import
HaskellQqblobBase,HaskellQqblob
HaskellQqblobBase,HaskellLanguageInjectionElement
HaskellTokenType,HaskellLanguage
HaskellCompositeElementImpl,HaskellCompositeElement
HaskellConidBaseImpl,HaskellConid
HaskellConidBaseImpl,HaskellIcons
HaskellConidBaseImpl,HaskellFile
HaskellConidBaseImpl,HaskellElementFactory
HaskellConidBaseImpl,HaskellReference
HaskellConidBaseImpl,HaskellConidStub
HaskellElementFactory,HaskellConid
HaskellElementFactory,HaskellGendecl
HaskellElementFactory,HaskellImpdecl
HaskellElementFactory,HaskellPpragma
HaskellElementFactory,HaskellQvarid
HaskellElementFactory,HaskellTycls
HaskellElementFactory,HaskellTycon
HaskellElementFactory,HaskellVarid
HaskellElementFactory,HaskellLanguage
HaskellElementFactory,HaskellFile
HaskellElementTypeFactory,HaskellConidStubElementType
HaskellElementTypeFactory,HaskellVaridStubElementType
HaskellNamedStubbedPsiElementBase,HaskellNamedElement
HaskellQqblobBaseImpl,HaskellQqblob
HaskellQqblobBaseImpl,HaskellCompositeElementImpl
HaskellQqblobManipulator,HaskellQqblob
HaskellStubbedPsiElementBase,HaskellCompositeElement
HaskellVaridBaseImpl,HaskellVarid
HaskellVaridBaseImpl,HaskellIcons
HaskellVaridBaseImpl,HaskellFile
HaskellVaridBaseImpl,HaskellElementFactory
HaskellVaridBaseImpl,HaskellReference
HaskellVaridBaseImpl,HaskellVaridStub
HaskellReference,HaskellBody
HaskellReference,HaskellConid
HaskellReference,HaskellCtype
HaskellReference,HaskellExp
HaskellReference,HaskellGendecl
HaskellReference,HaskellImpdecl
HaskellReference,HaskellModuledecl
HaskellReference,HaskellQconid
HaskellReference,HaskellQvarid
HaskellReference,HaskellTycon
HaskellReference,HaskellVarid
HaskellReference,HaskellModuleIndex
HaskellReference,HaskellFile
HaskellReference,HaskellUtil
HaskellReference,FoundDefinition
HaskellReferenceContributor,HaskellGendecl
HaskellReferenceContributor,HaskellVars
HaskellReferenceContributor,HaskellLanguage
HaskellReferenceContributor,HaskellReferenceProvider
HaskellReferenceProvider,HaskellLanguage
HaskellReferenceProvider,HaskellReference
HaskellModuleNameFix,HaskellConid
HaskellRenamePsiElementProcessor,HaskellConid
HaskellRenamePsiElementProcessor,HaskellImpdecl
HaskellRenamePsiElementProcessor,HaskellModuledecl
HaskellRenamePsiElementProcessor,HaskellQconid
HaskellRenamePsiElementProcessor,HaskellFile
HaskellRenamePsiElementProcessor,HaskellNamedElement
HaskellApplicationCommandLineState,HaskellApplicationRunConfiguration
HaskellApplicationCommandLineState,HaskellBuildSettings
HaskellApplicationConfigurationFactory,HaskellApplicationRunConfiguration
HaskellApplicationConfigurationType,CabalIcons
HaskellApplicationConfigurationType,HaskellApplicationConfigurationFactory
HaskellApplicationRunConfiguration,HaskellApplicationCommandLineState
HaskellApplicationRunConfiguration,HaskellApplicationRunConfigurationEditorForm
HaskellApplicationRunConfiguration,HaskellRunConfigurationBase
HaskellApplicationRunConfigurationEditorForm,HaskellApplicationRunConfiguration
HaskellRunConfigurationBase,ExecError
HaskellRunConfigurationBase,HaskellBuildSettings
HaskellRunConfigurationBase,ExecUtil
HaskellRunConfigurationBase,ExecError
HaskellRunConfigurationBase,NotificationUtil
HaskellTestCommandLineState,HaskellTestRunConfiguration
HaskellTestCommandLineState,HaskellBuildSettings
HaskellTestConfigurationFactory,HaskellTestRunConfiguration
HaskellTestConfigurationType,CabalIcons
HaskellTestConfigurationType,HaskellTestConfigurationFactory
HaskellTestRunConfiguration,HaskellRunConfigurationBase
HaskellTestRunConfiguration,HaskellTestCommandLineState
HaskellTestRunConfiguration,HaskellTestRunConfigurationEditorForm
HaskellTestRunConfiguration,HaskellBuildSettings
HaskellTestRunConfigurationEditorForm,HaskellTestRunConfiguration
CabalColorSettingsPage,CabalIcons
CabalColorSettingsPage,CabalSyntaxHighlighter
HaskellBuildSettings,HaskellBuildOptions
HaskellBuildSettings,ExecUtil
HaskellColorSettingsPage,HaskellIcons
HaskellColorSettingsPage,HaskellSyntaxHighlighter
HaskellCompilerConfigurable,ExecError
HaskellCompilerConfigurable,HaskellBuildSettings
HaskellCompilerConfigurable,ExecUtil
HaskellCompilerConfigurable,ExecError
HaskellCompilerConfigurable,GuiUtil
HaskellCompilerConfigurable,NotificationUtil
HaskellToolsConfigurable,Property
HaskellToolsConfigurable,PropertyField
HaskellToolsConfigurable,Tool
HaskellToolsConfigurable,SettingsChangeNotifier
HaskellToolsConfigurable,ToolKey
HaskellToolsConfigurable,JTextAccessorField
PropertyField,Property
Tool,ExecError
Tool,Property
Tool,Versioned
Tool,PropertyField
Tool,SettingsChangeNotifier
Tool,ToolKey
Tool,ToolSettings
Tool,ExecUtil
Tool,ExecError
Tool,GuiUtil
Tool,NotificationUtil
SettingsChangeNotifier,ToolSettings
ToolKey,NotificationUtil
HaskellConidStub,HaskellConid
HaskellFileStub,HaskellFile
HaskellVaridStub,HaskellVarid
HaskellAllNameIndex,HaskellNamedElement
HaskellConidStubElementType,HaskellConid
HaskellConidStubElementType,HaskellConidImpl
HaskellConidStubElementType,HaskellConidStub
HaskellConidStubElementType,HaskellUtil
HaskellFileStubElementType,HaskellLanguage
HaskellFileStubElementType,HaskellFile
HaskellFileStubElementType,HaskellFileStub
HaskellNamedStubElementType,HaskellNamedElement
HaskellNamedStubElementType,HaskellAllNameIndex
HaskellStubElementType,HaskellLanguage
HaskellStubElementType,HaskellCompositeElement
HaskellVaridStubElementType,HaskellVarid
HaskellVaridStubElementType,HaskellVaridImpl
HaskellVaridStubElementType,HaskellVaridStub
HaskellVaridStubElementType,HaskellUtil
ExecUtil,ExecError
ExecUtil,Property
ExecUtil,ExecError
GuiUtil,ExecUtil
HaskellToolsNotificationListener,HaskellToolsConfigurable
HaskellUtil,HaskellAtype
HaskellUtil,HaskellBody
HaskellUtil,HaskellClassdecl
HaskellUtil,HaskellCon
HaskellUtil,HaskellConid
HaskellUtil,HaskellConstr
HaskellUtil,HaskellCtype
HaskellUtil,HaskellDatadecl
HaskellUtil,HaskellExp
HaskellUtil,HaskellExport
HaskellUtil,HaskellFunorpatdecl
HaskellUtil,HaskellGendecl
HaskellUtil,HaskellNewconstr
HaskellUtil,HaskellNewtypedecl
HaskellUtil,HaskellPat
HaskellUtil,HaskellQcon
HaskellUtil,HaskellQvar
HaskellUtil,HaskellRhs
HaskellUtil,HaskellTypedecl
HaskellUtil,HaskellTypes
HaskellUtil,HaskellTyvar
HaskellUtil,HaskellVarid
HaskellUtil,HaskellVarop
HaskellUtil,HaskellVars
HaskellUtil,HaskellModuleIndex
HaskellUtil,HaskellFile
HaskellUtil,HaskellPsiUtil
HaskellUtil,Import
HaskellUtil,FoundDefinition
FoundDefinition,HaskellPsiUtil
FoundDefinition,Import
NotificationUtil,HaskellToolsNotificationListener
HamletFileType,HamletIcons
HamletFileType,HamletLanguage
HamletFileTypeFactory,HamletFileType
HamletParser,SimplePsiParser
HamletParserDefinition,HamletLanguage
HamletParserDefinition,HamletParser
HamletParserDefinition,HamletSyntaxHighlightingLexer
HamletParserDefinition,HamletFile
HamletParserDefinition,HamletTypes
HamletSyntaxHighlighter,HamletSyntaxHighlightingLexer
HamletSyntaxHighlighter,HamletTypes
HamletSyntaxHighlighterFactory,HamletSyntaxHighlighter
HamletSyntaxHighlightingLexer,HamletTypes
HamletElementType,HamletLanguage
HamletFile,HamletFileType
HamletFile,HamletIcons
HamletFile,HamletLanguage
HamletTokenType,HamletLanguage
HamletTypes,HamletTokenType
HaskellCompletionTest,HaskellPsiUtil
HaskellCompletionTest,Import
HaskellCompletionTest,HaskellElementFactory
HaskellCompletionTest,FakeBrowseCacheBuilder
HaskellCompletionTest,FakeBrowseCache
HaskellCompletionTest,HaskellCompletionTestBase
FakeBrowseCacheBuilder,FakeBrowseCache
HaskellCompletionTestBase,HaskellFileType
HaskellCompletionTestBase,HaskellLightPlatformCodeInsightFixtureTestCase
HaskellFindUsagesTest,HaskellLightPlatformCodeInsightFixtureTestCase
HaskellGoToSymbolTest,HaskellConid
HaskellGoToSymbolTest,HaskellVarid
HaskellGoToSymbolTest,Import
HaskellGoToSymbolTest,HaskellLightPlatformCodeInsightFixtureTestCase
HaskellCommenterTest,HaskellFileType
HaskellFoldingBuilderTest,HaskellLightPlatformCodeInsightFixtureTestCase
HaskellTypedHandlerTest,HaskellLightPlatformCodeInsightFixtureTestCase
HaskellLexerTest,HaskellLexerTestBase
HaskellLexerTestBase,HaskellSyntaxHighlightingLexer
GhcModUtilTest,GhcModUtil
HaskellParserTest,HaskellParserDefinition
HaskellParserTest,HaskellParserTestBase
HaskellParsingLexerTest,HaskellParsingLexer
HaskellParsingLexerTest,HaskellLexerTestBase
HaskellRenameTest,Import
HaskellRenameTest,HaskellLightPlatformCodeInsightFixtureTestCase
HaskellResolveTest,HaskellResolveTestCase
HaskellResolveTestCase,HaskellLightPlatformCodeInsightFixtureTestCase
