AccessControlPlugin,Permissions
AccessControlPlugin,AccessControlService
AccessControlPlugin,ClientContext
AccessControlPlugin,DataField
AccessControlPlugin,Properties
AccessControlPlugin,PropValue
AccessControlPlugin,RelatedTopic
AccessControlPlugin,Relation
AccessControlPlugin,Topic
AccessControlPlugin,TopicType
AccessControlPlugin,Plugin
AccessControlPlugin,PluginService
AccessControlPlugin,JavaUtils
AccessControlPlugin,WorkspacesService
Application,PermissionsProvider
Application,Activator
Application,Plugin
Application,TopicProvider
Permissions,JSONHelper
PermissionsProvider,Permissions
PermissionsProvider,JavaUtils
AccessControlService,Permissions
AccessControlService,ClientContext
AccessControlService,Topic
AccessControlService,PluginService
Application,Activator
Application,Plugin
Application,TopicProvider
ClientPlugin,ClientContext
ClientPlugin,Properties
ClientPlugin,Relation
ClientPlugin,Topic
ClientPlugin,Plugin
Migration2,DataField
Migration2,TopicType
Migration2,Migration
EmbeddedService,MigrationInfo
EmbeddedService,PluginCache
EmbeddedService,Iterator
EmbeddedService,ClientContext
EmbeddedService,CommandParams
EmbeddedService,CommandResult
EmbeddedService,DataField
EmbeddedService,PluginInfo
EmbeddedService,Properties
EmbeddedService,PropValue
EmbeddedService,RelatedTopic
EmbeddedService,Relation
EmbeddedService,Topic
EmbeddedService,TopicType
EmbeddedService,CoreService
EmbeddedService,Migration
EmbeddedService,Plugin
EmbeddedService,PluginService
EmbeddedService,Storage
EmbeddedService,Transaction
EmbeddedService,JSONHelper
MigrationInfo,Properties
MigrationInfo,Plugin
PluginCache,Iterator
PluginCache,Plugin
CommandParams,UploadedFile
DataField,Properties
DataField,JSONHelper
Properties,PropValue
RelatedTopic,Relation
RelatedTopic,Topic
Relation,Properties
Relation,PropValue
Topic,Properties
Topic,PropValue
TopicType,DataField
TopicType,Properties
TopicType,Topic
Activator,EmbeddedService
Activator,CoreService
Activator,Storage
Activator,Neo4jStorage
CoreService,ClientContext
CoreService,CommandParams
CoreService,CommandResult
CoreService,DataField
CoreService,PluginInfo
CoreService,Properties
CoreService,PropValue
CoreService,RelatedTopic
CoreService,Relation
CoreService,Topic
CoreService,TopicType
CoreService,Migration
CoreService,Plugin
CoreService,Transaction
Migration,CoreService
Migration,JSONHelper
Plugin,ClientContext
Plugin,CommandParams
Plugin,CommandResult
Plugin,Properties
Plugin,PropValue
Plugin,Relation
Plugin,Topic
Plugin,TopicType
Plugin,Activator
Plugin,CoreService
Plugin,Migration
Plugin,PluginService
Plugin,Transaction
Plugin,Resource
Storage,DataField
Storage,Properties
Storage,PropValue
Storage,RelatedTopic
Storage,Relation
Storage,Topic
Storage,TopicType
Storage,Transaction
MetaModel,StartNodeFilter
Neo4jStorage,DataField
Neo4jStorage,Properties
Neo4jStorage,PropValue
Neo4jStorage,RelatedTopic
Neo4jStorage,Relation
Neo4jStorage,Topic
Neo4jStorage,TopicType
Neo4jStorage,Storage
Neo4jStorage,Transaction
Neo4jStorage,MetaModel
Neo4jStorage,RelatedTopicsFilter
Neo4jStorage,DepthOnePruneEvaluator
Neo4jStorage,Neo4jTopicType
Neo4jStorage,Neo4jTransaction
Neo4jStorage,TypeCache
Neo4jTopicType,SequenceReturnFilter
TypeCache,TopicType
TypeCache,Storage
TypeCache,Neo4jStorage
TypeCache,Neo4jTopicType
JSONHelper,Properties
JSONHelper,Topic
JSONHelper,TopicType
JSONHelper,CoreService
JSONHelper,JavaUtils
DataFieldLiteral,DataField
EmbeddedServiceGetTopicPropertyTestCase,EmbeddedService
EmbeddedServiceGetTopicPropertyTestCase,PropValue
EmbeddedServiceGetTopicPropertyTestCase,Storage
EmbeddedServiceGetTopicPropertyTestCase,Transaction
EmbeddedServiceIndexingTestCase,DataField
EmbeddedServiceIndexingTestCase,Properties
EmbeddedServiceIndexingTestCase,PropValue
EmbeddedServiceIndexingTestCase,Topic
EmbeddedServiceIndexingTestCase,TopicType
EmbeddedServiceIndexingTestCase,EmbeddedServiceTestEnvironment
EmbeddedServiceTestEnvironment,EmbeddedService
EmbeddedServiceTestEnvironment,Storage
EmbeddedServiceTestEnvironment,Neo4jStorage
EmbeddedServiceTestEnvironment,JavaUtils
EmbeddedServiceTopicTypeTestCase,DataField
EmbeddedServiceTopicTypeTestCase,Properties
EmbeddedServiceTopicTypeTestCase,TopicType
EmbeddedServiceTopicTypeTestCase,Transaction
EmbeddedServiceTopicTypeTestCase,EmbeddedServiceTestEnvironment
Neo4jStorageIntegrationCrudTopicTypeTestCase,DataField
Neo4jStorageIntegrationCrudTopicTypeTestCase,Properties
Neo4jStorageIntegrationCrudTopicTypeTestCase,Topic
Neo4jStorageIntegrationCrudTopicTypeTestCase,TopicType
Neo4jStorageIntegrationCrudTopicTypeTestCase,Transaction
Neo4jStorageIntegrationCrudTopicTypeTestCase,DataFieldLiteral
Neo4jStorageIntegrationCrudTopicTypeTestCase,Neo4jTestEnvironment
Neo4jTestEnvironment,EmbeddedService
Neo4jTestEnvironment,Storage
Neo4jTestEnvironment,Neo4jStorage
Neo4jTestEnvironment,JavaUtils
PropertiesTestCase,Properties
PropertiesTestCase,PropValue
PropValueTestCase,PropValue
JSONTest,ClassWithNullReturningToStringMethod
JSONTest,ClassWithoutToStringMethod
CoreTypesPlugin,Properties
CoreTypesPlugin,Topic
CoreTypesPlugin,TopicType
CoreTypesPlugin,Plugin
Migration1,Properties
Migration1,Topic
Migration1,TopicType
Migration1,Migration
Migration2,DataField
Migration2,TopicType
Migration2,Migration
Application,Activator
Application,Plugin
Application,DirectoryListingProvider
Application,ResourceInfoProvider
Application,ResourceProvider
FilesPlugin,ClientContext
FilesPlugin,CommandParams
FilesPlugin,CommandResult
FilesPlugin,Properties
FilesPlugin,PropValue
FilesPlugin,Topic
FilesPlugin,Plugin
FilesPlugin,JavaUtils
FilesPlugin,DirectoryListing
FilesPlugin,Resource
FilesPlugin,ResourceInfo
FilesPlugin,FilesService
DirectoryListing,JavaUtils
DirectoryListing,FileItem
Resource,DirectoryListing
DirectoryListingProvider,DirectoryListing
ResourceInfoProvider,ResourceInfo
ResourceProvider,Resource
FilesService,Topic
FilesService,PluginService
FilesService,Resource
FilesService,ResourceInfo
IconPickerPlugin,Topic
IconPickerPlugin,Plugin
Migration2,Properties
Migration2,PropValue
Migration2,Relation
Migration2,Topic
Migration2,TopicType
Migration2,Migration
Migration1,DataField
Migration1,Properties
Migration1,TopicType
Migration1,Migration
Migration2,DataField
Migration2,Migration
CoreServiceFelixTestCase,CoreServiceTest
CoreServiceTest,ClientContext
CoreServiceTest,Properties
CoreServiceTest,PropValue
CoreServiceTest,Topic
CoreServiceTest,TopicType
CoreServiceTest,CoreService
Application,Activator
Application,CommandParamsProvider
Application,CommandResultProvider
Application,DataFieldProvider
Application,PluginInfoProvider
Application,PropertiesProvider
Application,RelatedTopicListProvider
Application,RelationListProvider
Application,RelationProvider
Application,StringListProvider
Application,StringSetProvider
Application,TopicListProvider
Application,TopicProvider
Application,TopicTypeProvider
CommandParamsProvider,CommandParams
CommandParamsProvider,JavaUtils
CommandParamsProvider,JSONHelper
CommandParamsProvider,UploadedFile
CommandParamsProvider,FileItem
CommandResultProvider,CommandResult
DataFieldProvider,DataField
DataFieldProvider,JavaUtils
PluginInfoProvider,PluginInfo
PropertiesProvider,Properties
PropertiesProvider,JavaUtils
RelatedTopicListProvider,RelatedTopic
RelatedTopicListProvider,Topic
RelatedTopicListProvider,TopicListProvider
RelationListProvider,Relation
RelationProvider,Relation
StringListProvider,JavaUtils
StringListProvider,JSONHelper
StringSetProvider,JSONHelper
TopicListProvider,Topic
TopicProvider,Topic
TopicTypeProvider,TopicType
TimePlugin,ClientContext
TimePlugin,DataField
TimePlugin,Properties
TimePlugin,Topic
TimePlugin,TopicType
TimePlugin,Plugin
Migration1,Migration
Application,Activator
Application,Plugin
Application,RefIdProvider
Application,TopicmapProvider
TopicmapsPlugin,Properties
TopicmapsPlugin,PropValue
TopicmapsPlugin,Relation
TopicmapsPlugin,Topic
TopicmapsPlugin,Plugin
TopicmapsPlugin,Topicmap
TopicmapsPlugin,TopicmapsService
Migration2,DataField
Migration2,TopicType
Migration2,Migration
Topicmap,Relation
Topicmap,Topic
Topicmap,CoreService
Topicmap,TopicmapRelation
Topicmap,TopicmapTopic
GridPositioning,Properties
GridPositioning,RelatedTopic
GridPositioning,Relation
GridPositioning,Topic
GridPositioning,TopicmapRelation
GridPositioning,TopicmapTopic
TopicmapRelation,Relation
TopicmapTopic,Properties
TopicmapTopic,Topic
TopicmapProvider,Topicmap
TopicmapsService,PluginService
TopicmapsService,Topicmap
WorkspacesPlugin,ClientContext
WorkspacesPlugin,DataField
WorkspacesPlugin,Properties
WorkspacesPlugin,RelatedTopic
WorkspacesPlugin,Relation
WorkspacesPlugin,Topic
WorkspacesPlugin,TopicType
WorkspacesPlugin,Plugin
WorkspacesPlugin,WorkspacesService
Migration1,DataField
Migration1,Properties
Migration1,TopicType
Migration1,Migration
Migration2,DataField
Migration2,TopicType
Migration2,Migration
WorkspacesService,RelatedTopic
WorkspacesService,Topic
WorkspacesService,PluginService
