JavLibraryParsingProfile,SiteParsingProfile
JavLibraryParsingProfile,SpecificProfile
JavLibraryParsingProfile,SearchResult
JavLibraryParsingProfile,Actor
JavLibraryParsingProfile,Director
JavLibraryParsingProfile,Genre
JavLibraryParsingProfile,ID
JavLibraryParsingProfile,MPAARating
JavLibraryParsingProfile,OriginalTitle
JavLibraryParsingProfile,Outline
JavLibraryParsingProfile,Plot
JavLibraryParsingProfile,Rating
JavLibraryParsingProfile,ReleaseDate
JavLibraryParsingProfile,Runtime
JavLibraryParsingProfile,Set
JavLibraryParsingProfile,SortTitle
JavLibraryParsingProfile,Studio
JavLibraryParsingProfile,Tagline
JavLibraryParsingProfile,Thumb
JavLibraryParsingProfile,Title
JavLibraryParsingProfile,Top250
JavLibraryParsingProfile,Votes
JavLibraryParsingProfile,Year
JavLibraryParsingProfile,MoviescraperPreferences
JavLibraryParsingProfile,UserAgent
JavLibraryParsingProfile,SiteParsingProfile
JavLibraryParsingProfile,SpecificProfile
JavLibraryParsingProfile,SearchResult
JavLibraryParsingProfile,Actor
JavLibraryParsingProfile,Director
JavLibraryParsingProfile,Genre
JavLibraryParsingProfile,ID
JavLibraryParsingProfile,MPAARating
JavLibraryParsingProfile,OriginalTitle
JavLibraryParsingProfile,Outline
JavLibraryParsingProfile,Plot
JavLibraryParsingProfile,Rating
JavLibraryParsingProfile,ReleaseDate
JavLibraryParsingProfile,Runtime
JavLibraryParsingProfile,Set
JavLibraryParsingProfile,SortTitle
JavLibraryParsingProfile,Studio
JavLibraryParsingProfile,Tagline
JavLibraryParsingProfile,Thumb
JavLibraryParsingProfile,Title
JavLibraryParsingProfile,Top250
JavLibraryParsingProfile,Votes
JavLibraryParsingProfile,Year
JavLibraryParsingProfile,MoviescraperPreferences
JavLibraryParsingProfile,UserAgent
Main,JavLibraryParsingProfile
Main,JavLibraryParsingProfile
Main,Renamer
Main,ReleaseRenamer
Main,WebReleaseRenamer
Main,SiteParsingProfile
Main,ActionJavParsingProfile
Main,AvEntertainmentParsingProfile
Main,CaribbeancomParsingProfile
Main,CaribbeancomPremiumParsingProfile
Main,Data18MovieParsingProfile
Main,Data18WebContentParsingProfile
Main,DmmParsingProfile
Main,ExcaliburFilmsParsingProfile
Main,HeyzoParsingProfile
Main,IAFDParsingProfile
Main,JavBusParsingProfile
Main,JavLibraryParsingProfile
Main,Kin8tengokuParsingProfile
Main,MyTokyoHotParsingProfile
Main,OnePondoParsingProfile
Main,R18ParsingProfile
Main,TheMovieDatabaseParsingProfile
Main,TokyoHotParsingProfile
Main,Movie
Main,SearchResult
Main,Runtime
Main,Set
Main,Trailer
Main,MoviescraperPreferences
Main,GUIMain
AbstractMovieScraper,Movie
BrowseDirectoryAction,Main
BrowseDirectoryAction,Title
BrowseDirectoryAction,GuiSettings
BrowseDirectoryAction,Settings
BrowseDirectoryAction,GUIMain
ChooseExternalMediaPlayerAction,Title
ChooseExternalMediaPlayerAction,GuiSettings
ChooseExternalMediaPlayerAction,Settings
ChooseFavoriteGenresAction,Main
ChooseFavoriteGenresAction,FavoriteGenrePickerPanel
ChooseFavoriteGenresAction,GUIMain
ChooseFavoriteTagsAction,Main
ChooseFavoriteTagsAction,FavoriteTagPickerPanel
ChooseFavoriteTagsAction,GUIMain
EditGenresAction,Main
EditGenresAction,Movie
EditGenresAction,ID
EditGenresAction,FileDetailPanel
EditGenresAction,GenreEditorPanel
EditTagsAction,Main
EditTagsAction,Movie
EditTagsAction,ID
EditTagsAction,FileDetailPanel
EditTagsAction,TagEditorPanel
FileDownloaderUtilities,Thumb
FileNameCleanupAction,Main
FileNameCleanupAction,Renamer
FileNameCleanupAction,ReleaseRenamer
FileNameCleanupAction,WebReleaseRenamer
FileNameCleanupAction,MoviescraperPreferences
FileNameCleanupAction,GUIMain
FileNameCleanupAction,FileList
GenericMovieScraper,AbstractMovieScraper
GenericMovieScraper,SiteParsingProfile
GenericMovieScraper,Movie
MoveToNewFolderAction,Main
MoveToNewFolderAction,Renamer
MoveToNewFolderAction,SiteParsingProfile
MoveToNewFolderAction,Movie
MoveToNewFolderAction,MovieFactory
MoveToNewFolderAction,ID
MoveToNewFolderAction,Title
MoveToNewFolderAction,MoviescraperPreferences
MoveToNewFolderAction,FileDetailPanel
MoveToNewFolderAction,GUIMain
MoveToNewFolderAction,FileList
OpenFileAction,Main
OpenFileAction,GUIMain
OpenFileAction,FileList
PlayMovieAction,Main
PlayMovieAction,ChooseExternalMediaPlayerAction
PlayMovieAction,SiteParsingProfile
PlayMovieAction,MovieFilenameFilter
PlayMovieAction,Runtime
PlayMovieAction,GuiSettings
PlayMovieAction,Settings
PlayMovieAction,GUIMain
PlayMovieAction,FileList
RefreshDirectoryAction,Main
RefreshDirectoryAction,GUIMain
Renamer,SiteParsingProfile
Renamer,Movie
Renamer,Actor
Renamer,Genre
Renamer,ID
Renamer,OriginalTitle
Renamer,ReleaseDate
Renamer,Set
Renamer,Studio
Renamer,Tag
Renamer,Title
Renamer,Trailer
Renamer,Year
Renamer,MoviescraperPreferences
SelectAmalgamationSettingsAction,Main
SelectAmalgamationSettingsAction,AmalgamationSettingsDialog
SelectAmalgamationSettingsAction,GUIMain
SelectFileListAction,Main
SelectFileListAction,KodiXmlMovieBean
SelectFileListAction,Movie
SelectFileListAction,MovieFactory
SelectFileListAction,Title
SelectFileListAction,Trailer
SelectFileListAction,FileDetailPanel
SelectFileListAction,GUIMain
SelectFileListAction,FileList
UpDirectoryAction,Main
UpDirectoryAction,GuiSettings
UpDirectoryAction,Settings
UpDirectoryAction,GUIMain
WriteFileDataAction,Main
WriteFileDataAction,Renamer
WriteFileDataAction,Movie
WriteFileDataAction,Title
WriteFileDataAction,Trailer
WriteFileDataAction,MoviescraperPreferences
WriteFileDataAction,GUIMain
WriteFileDataAction,FileList
AllAmalgamationOrderingPreferences,JavLibraryParsingProfile
AllAmalgamationOrderingPreferences,JavLibraryParsingProfile
AllAmalgamationOrderingPreferences,DataItemSourceAmalgamationPreference
AllAmalgamationOrderingPreferences,ScraperGroupAmalgamationPreference
AllAmalgamationOrderingPreferences,ActionJavParsingProfile
AllAmalgamationOrderingPreferences,Data18MovieParsingProfile
AllAmalgamationOrderingPreferences,DmmParsingProfile
AllAmalgamationOrderingPreferences,ExcaliburFilmsParsingProfile
AllAmalgamationOrderingPreferences,IAFDParsingProfile
AllAmalgamationOrderingPreferences,JavBusParsingProfile
AllAmalgamationOrderingPreferences,JavLibraryParsingProfile
AllAmalgamationOrderingPreferences,JavZooParsingProfile
AllAmalgamationOrderingPreferences,R18ParsingProfile
AllAmalgamationOrderingPreferences,SquarePlusParsingProfile
AllAmalgamationOrderingPreferences,TheMovieDatabaseParsingProfile
AllAmalgamationOrderingPreferences,ID
AllAmalgamationOrderingPreferences,OriginalTitle
AllAmalgamationOrderingPreferences,Plot
AllAmalgamationOrderingPreferences,Rating
AllAmalgamationOrderingPreferences,Set
AllAmalgamationOrderingPreferences,Studio
AllAmalgamationOrderingPreferences,Title
AllAmalgamationOrderingPreferences,Trailer
AllAmalgamationOrderingPreferences,Key
DataItemSourceAmalgamationPreference,SiteParsingProfileItem
DataItemSourceAmalgamationPreference,DataItemSource
DataItemSourceAmalgamationPreference,DefaultDataItemSource
MovieScrapeResultGroup,DataItemSourceAmalgamationPreference
MovieScrapeResultGroup,ScraperGroupAmalgamationPreference
MovieScrapeResultGroup,Movie
MovieScrapeResultGroup,Actor
MovieScrapeResultGroup,DataItemSource
MovieScrapeResultGroup,Director
MovieScrapeResultGroup,Genre
MovieScrapeResultGroup,ID
MovieScrapeResultGroup,MovieDataItem
MovieScrapeResultGroup,MPAARating
MovieScrapeResultGroup,OriginalTitle
MovieScrapeResultGroup,Outline
MovieScrapeResultGroup,Plot
MovieScrapeResultGroup,Rating
MovieScrapeResultGroup,ReleaseDate
MovieScrapeResultGroup,Runtime
MovieScrapeResultGroup,Set
MovieScrapeResultGroup,SortTitle
MovieScrapeResultGroup,Studio
MovieScrapeResultGroup,Tag
MovieScrapeResultGroup,Tagline
MovieScrapeResultGroup,Thumb
MovieScrapeResultGroup,Title
MovieScrapeResultGroup,Top250
MovieScrapeResultGroup,Trailer
MovieScrapeResultGroup,Votes
MovieScrapeResultGroup,Year
ScrapeAmalgamatedAction,Main
ScrapeAmalgamatedAction,AllAmalgamationOrderingPreferences
ScrapeAmalgamatedAction,DataItemSourceAmalgamationPreference
ScrapeAmalgamatedAction,ScraperGroupAmalgamationPreference
ScrapeAmalgamatedAction,SiteParsingProfile
ScrapeAmalgamatedAction,ID
ScrapeAmalgamatedAction,GUIMain
ScrapeAmalgamatedAction,FileList
ScrapeAmalgamatedAction,ScrapeAmalgamatedProgressDialog
ScrapeAmalgamatedMovieWorker,AllAmalgamationOrderingPreferences
ScrapeAmalgamatedMovieWorker,ScraperGroupAmalgamationPreference
ScrapeAmalgamatedMovieWorker,SiteParsingProfile
ScrapeAmalgamatedMovieWorker,Movie
ScrapeAmalgamatedMovieWorker,DataItemSource
ScrapeAmalgamatedMovieWorker,Set
ScrapeAmalgamatedMovieWorker,ScrapeAmalgamatedProgressDialog
ScraperGroupAmalgamationPreference,DataItemSourceAmalgamationPreference
ScraperGroupAmalgamationPreference,Movie
ScraperGroupAmalgamationPreference,DataItemSource
ScraperGroupAmalgamationPreference,Key
TranslateString,JapaneseCharacter
TranslateString,SiteParsingProfile
ReleaseRenamer,Renamer
WebReleaseRenamer,Renamer
WebReleaseRenamer,ReleaseRenamer
SecurityPassthrough,SearchResult
SiteParsingProfile,Main
SiteParsingProfile,AbstractMovieScraper
SiteParsingProfile,GenericMovieScraper
SiteParsingProfile,SiteParsingProfileJSON
SiteParsingProfile,Movie
SiteParsingProfile,SearchResult
SiteParsingProfile,Actor
SiteParsingProfile,DataItemSource
SiteParsingProfile,Director
SiteParsingProfile,Genre
SiteParsingProfile,ID
SiteParsingProfile,MPAARating
SiteParsingProfile,OriginalTitle
SiteParsingProfile,Outline
SiteParsingProfile,Plot
SiteParsingProfile,Rating
SiteParsingProfile,ReleaseDate
SiteParsingProfile,Runtime
SiteParsingProfile,Set
SiteParsingProfile,SortTitle
SiteParsingProfile,Studio
SiteParsingProfile,Tag
SiteParsingProfile,Tagline
SiteParsingProfile,Title
SiteParsingProfile,Top250
SiteParsingProfile,Trailer
SiteParsingProfile,Votes
SiteParsingProfile,Year
SiteParsingProfile,MoviescraperPreferences
SiteParsingProfile,UserAgent
SiteParsingProfile,GUIMain
SiteParsingProfileItem,SiteParsingProfile
SiteParsingProfileJSON,SiteParsingProfile
SpecificProfileFactory,SiteParsingProfile
SpecificProfileFactory,SiteParsingProfileItem
SpecificProfileFactory,SpecificProfile
ActionJavParsingProfile,SiteParsingProfile
ActionJavParsingProfile,SpecificProfile
ActionJavParsingProfile,SearchResult
ActionJavParsingProfile,Actor
ActionJavParsingProfile,Director
ActionJavParsingProfile,Genre
ActionJavParsingProfile,ID
ActionJavParsingProfile,MPAARating
ActionJavParsingProfile,OriginalTitle
ActionJavParsingProfile,Outline
ActionJavParsingProfile,Plot
ActionJavParsingProfile,Rating
ActionJavParsingProfile,ReleaseDate
ActionJavParsingProfile,Runtime
ActionJavParsingProfile,Set
ActionJavParsingProfile,SortTitle
ActionJavParsingProfile,Studio
ActionJavParsingProfile,Tag
ActionJavParsingProfile,Tagline
ActionJavParsingProfile,Thumb
ActionJavParsingProfile,Title
ActionJavParsingProfile,Top250
ActionJavParsingProfile,Votes
ActionJavParsingProfile,Year
AvEntertainmentParsingProfile,SiteParsingProfile
AvEntertainmentParsingProfile,SpecificProfile
AvEntertainmentParsingProfile,SearchResult
AvEntertainmentParsingProfile,Actor
AvEntertainmentParsingProfile,Director
AvEntertainmentParsingProfile,Genre
AvEntertainmentParsingProfile,ID
AvEntertainmentParsingProfile,MPAARating
AvEntertainmentParsingProfile,OriginalTitle
AvEntertainmentParsingProfile,Outline
AvEntertainmentParsingProfile,Plot
AvEntertainmentParsingProfile,Rating
AvEntertainmentParsingProfile,ReleaseDate
AvEntertainmentParsingProfile,Runtime
AvEntertainmentParsingProfile,Set
AvEntertainmentParsingProfile,SortTitle
AvEntertainmentParsingProfile,Studio
AvEntertainmentParsingProfile,Tagline
AvEntertainmentParsingProfile,Thumb
AvEntertainmentParsingProfile,Title
AvEntertainmentParsingProfile,Top250
AvEntertainmentParsingProfile,Votes
AvEntertainmentParsingProfile,Year
CaribbeancomParsingProfile,SiteParsingProfile
CaribbeancomParsingProfile,SpecificProfile
CaribbeancomParsingProfile,SearchResult
CaribbeancomParsingProfile,Actor
CaribbeancomParsingProfile,Director
CaribbeancomParsingProfile,Genre
CaribbeancomParsingProfile,ID
CaribbeancomParsingProfile,MPAARating
CaribbeancomParsingProfile,OriginalTitle
CaribbeancomParsingProfile,Outline
CaribbeancomParsingProfile,Plot
CaribbeancomParsingProfile,Rating
CaribbeancomParsingProfile,ReleaseDate
CaribbeancomParsingProfile,Runtime
CaribbeancomParsingProfile,Set
CaribbeancomParsingProfile,SortTitle
CaribbeancomParsingProfile,Studio
CaribbeancomParsingProfile,Tag
CaribbeancomParsingProfile,Tagline
CaribbeancomParsingProfile,Thumb
CaribbeancomParsingProfile,Title
CaribbeancomParsingProfile,Top250
CaribbeancomParsingProfile,Trailer
CaribbeancomParsingProfile,Votes
CaribbeancomParsingProfile,Year
CaribbeancomPremiumParsingProfile,TranslateString
CaribbeancomPremiumParsingProfile,SiteParsingProfile
CaribbeancomPremiumParsingProfile,SpecificProfile
CaribbeancomPremiumParsingProfile,Actor
CaribbeancomPremiumParsingProfile,Director
CaribbeancomPremiumParsingProfile,Genre
CaribbeancomPremiumParsingProfile,ID
CaribbeancomPremiumParsingProfile,MPAARating
CaribbeancomPremiumParsingProfile,OriginalTitle
CaribbeancomPremiumParsingProfile,Outline
CaribbeancomPremiumParsingProfile,Plot
CaribbeancomPremiumParsingProfile,Rating
CaribbeancomPremiumParsingProfile,ReleaseDate
CaribbeancomPremiumParsingProfile,Runtime
CaribbeancomPremiumParsingProfile,Set
CaribbeancomPremiumParsingProfile,SortTitle
CaribbeancomPremiumParsingProfile,Studio
CaribbeancomPremiumParsingProfile,Tagline
CaribbeancomPremiumParsingProfile,Thumb
CaribbeancomPremiumParsingProfile,Title
CaribbeancomPremiumParsingProfile,Top250
CaribbeancomPremiumParsingProfile,Trailer
CaribbeancomPremiumParsingProfile,Votes
CaribbeancomPremiumParsingProfile,Year
Data18MovieParsingProfile,SecurityPassthrough
Data18MovieParsingProfile,SiteParsingProfile
Data18MovieParsingProfile,Data18SharedMethods
Data18MovieParsingProfile,SpecificProfile
Data18MovieParsingProfile,Movie
Data18MovieParsingProfile,SearchResult
Data18MovieParsingProfile,Actor
Data18MovieParsingProfile,Director
Data18MovieParsingProfile,Genre
Data18MovieParsingProfile,ID
Data18MovieParsingProfile,MPAARating
Data18MovieParsingProfile,OriginalTitle
Data18MovieParsingProfile,Outline
Data18MovieParsingProfile,Plot
Data18MovieParsingProfile,Rating
Data18MovieParsingProfile,ReleaseDate
Data18MovieParsingProfile,Runtime
Data18MovieParsingProfile,Set
Data18MovieParsingProfile,SortTitle
Data18MovieParsingProfile,Studio
Data18MovieParsingProfile,Tagline
Data18MovieParsingProfile,Thumb
Data18MovieParsingProfile,Title
Data18MovieParsingProfile,Top250
Data18MovieParsingProfile,Votes
Data18MovieParsingProfile,Year
Data18MovieParsingProfile,Key
Data18SharedMethods,SecurityPassthrough
Data18SharedMethods,SiteParsingProfile
Data18SharedMethods,SearchResult
Data18SharedMethods,ID
Data18WebContentParsingProfile,SecurityPassthrough
Data18WebContentParsingProfile,SiteParsingProfile
Data18WebContentParsingProfile,Data18MovieParsingProfile
Data18WebContentParsingProfile,Data18SharedMethods
Data18WebContentParsingProfile,SpecificProfile
Data18WebContentParsingProfile,Movie
Data18WebContentParsingProfile,SearchResult
Data18WebContentParsingProfile,Actor
Data18WebContentParsingProfile,Director
Data18WebContentParsingProfile,Genre
Data18WebContentParsingProfile,ID
Data18WebContentParsingProfile,MPAARating
Data18WebContentParsingProfile,OriginalTitle
Data18WebContentParsingProfile,Outline
Data18WebContentParsingProfile,Plot
Data18WebContentParsingProfile,Rating
Data18WebContentParsingProfile,ReleaseDate
Data18WebContentParsingProfile,Runtime
Data18WebContentParsingProfile,Set
Data18WebContentParsingProfile,SortTitle
Data18WebContentParsingProfile,Studio
Data18WebContentParsingProfile,Tagline
Data18WebContentParsingProfile,Thumb
Data18WebContentParsingProfile,Title
Data18WebContentParsingProfile,Top250
Data18WebContentParsingProfile,Votes
Data18WebContentParsingProfile,Year
Data18WebContentParsingProfile,UserAgent
DmmParsingProfile,TranslateString
DmmParsingProfile,SiteParsingProfile
DmmParsingProfile,SpecificProfile
DmmParsingProfile,SearchResult
DmmParsingProfile,Actor
DmmParsingProfile,Director
DmmParsingProfile,Genre
DmmParsingProfile,ID
DmmParsingProfile,MPAARating
DmmParsingProfile,OriginalTitle
DmmParsingProfile,Outline
DmmParsingProfile,Plot
DmmParsingProfile,Rating
DmmParsingProfile,ReleaseDate
DmmParsingProfile,Runtime
DmmParsingProfile,Set
DmmParsingProfile,SortTitle
DmmParsingProfile,Studio
DmmParsingProfile,Tagline
DmmParsingProfile,Thumb
DmmParsingProfile,Title
DmmParsingProfile,Top250
DmmParsingProfile,Trailer
DmmParsingProfile,Votes
DmmParsingProfile,Year
DmmParsingProfile,MoviescraperPreferences
ExcaliburFilmsParsingProfile,SiteParsingProfile
ExcaliburFilmsParsingProfile,SpecificProfile
ExcaliburFilmsParsingProfile,Movie
ExcaliburFilmsParsingProfile,SearchResult
ExcaliburFilmsParsingProfile,Actor
ExcaliburFilmsParsingProfile,Director
ExcaliburFilmsParsingProfile,Genre
ExcaliburFilmsParsingProfile,ID
ExcaliburFilmsParsingProfile,MPAARating
ExcaliburFilmsParsingProfile,OriginalTitle
ExcaliburFilmsParsingProfile,Outline
ExcaliburFilmsParsingProfile,Plot
ExcaliburFilmsParsingProfile,Rating
ExcaliburFilmsParsingProfile,ReleaseDate
ExcaliburFilmsParsingProfile,Runtime
ExcaliburFilmsParsingProfile,Set
ExcaliburFilmsParsingProfile,SortTitle
ExcaliburFilmsParsingProfile,Studio
ExcaliburFilmsParsingProfile,Tagline
ExcaliburFilmsParsingProfile,Thumb
ExcaliburFilmsParsingProfile,Title
ExcaliburFilmsParsingProfile,Top250
ExcaliburFilmsParsingProfile,Votes
ExcaliburFilmsParsingProfile,Year
HeyzoParsingProfile,SiteParsingProfile
HeyzoParsingProfile,SpecificProfile
HeyzoParsingProfile,SearchResult
HeyzoParsingProfile,Actor
HeyzoParsingProfile,Director
HeyzoParsingProfile,Genre
HeyzoParsingProfile,ID
HeyzoParsingProfile,MPAARating
HeyzoParsingProfile,OriginalTitle
HeyzoParsingProfile,Outline
HeyzoParsingProfile,Plot
HeyzoParsingProfile,Rating
HeyzoParsingProfile,ReleaseDate
HeyzoParsingProfile,Runtime
HeyzoParsingProfile,Set
HeyzoParsingProfile,SortTitle
HeyzoParsingProfile,Studio
HeyzoParsingProfile,Tag
HeyzoParsingProfile,Tagline
HeyzoParsingProfile,Thumb
HeyzoParsingProfile,Title
HeyzoParsingProfile,Top250
HeyzoParsingProfile,Trailer
HeyzoParsingProfile,Votes
HeyzoParsingProfile,Year
IAFDParsingProfile,SiteParsingProfile
IAFDParsingProfile,SpecificProfile
IAFDParsingProfile,Movie
IAFDParsingProfile,SearchResult
IAFDParsingProfile,Actor
IAFDParsingProfile,Director
IAFDParsingProfile,Genre
IAFDParsingProfile,ID
IAFDParsingProfile,MPAARating
IAFDParsingProfile,OriginalTitle
IAFDParsingProfile,Outline
IAFDParsingProfile,Plot
IAFDParsingProfile,Rating
IAFDParsingProfile,ReleaseDate
IAFDParsingProfile,Runtime
IAFDParsingProfile,Set
IAFDParsingProfile,SortTitle
IAFDParsingProfile,Studio
IAFDParsingProfile,Tagline
IAFDParsingProfile,Thumb
IAFDParsingProfile,Title
IAFDParsingProfile,Top250
IAFDParsingProfile,Votes
IAFDParsingProfile,Year
IAFDParsingProfile,UserAgent
JavBusParsingProfile,JapaneseCharacter
JavBusParsingProfile,TranslateString
JavBusParsingProfile,SiteParsingProfile
JavBusParsingProfile,SpecificProfile
JavBusParsingProfile,SearchResult
JavBusParsingProfile,Actor
JavBusParsingProfile,Director
JavBusParsingProfile,Genre
JavBusParsingProfile,ID
JavBusParsingProfile,MPAARating
JavBusParsingProfile,OriginalTitle
JavBusParsingProfile,Outline
JavBusParsingProfile,Plot
JavBusParsingProfile,Rating
JavBusParsingProfile,ReleaseDate
JavBusParsingProfile,Runtime
JavBusParsingProfile,Set
JavBusParsingProfile,SortTitle
JavBusParsingProfile,Studio
JavBusParsingProfile,Tagline
JavBusParsingProfile,Thumb
JavBusParsingProfile,Title
JavBusParsingProfile,Top250
JavBusParsingProfile,Votes
JavBusParsingProfile,Year
JavLibraryParsingProfile,SiteParsingProfile
JavLibraryParsingProfile,SpecificProfile
JavLibraryParsingProfile,SearchResult
JavLibraryParsingProfile,Actor
JavLibraryParsingProfile,Director
JavLibraryParsingProfile,Genre
JavLibraryParsingProfile,ID
JavLibraryParsingProfile,MPAARating
JavLibraryParsingProfile,OriginalTitle
JavLibraryParsingProfile,Outline
JavLibraryParsingProfile,Plot
JavLibraryParsingProfile,Rating
JavLibraryParsingProfile,ReleaseDate
JavLibraryParsingProfile,Runtime
JavLibraryParsingProfile,Set
JavLibraryParsingProfile,SortTitle
JavLibraryParsingProfile,Studio
JavLibraryParsingProfile,Tagline
JavLibraryParsingProfile,Thumb
JavLibraryParsingProfile,Title
JavLibraryParsingProfile,Top250
JavLibraryParsingProfile,Votes
JavLibraryParsingProfile,Year
JavLibraryParsingProfile,MoviescraperPreferences
JavLibraryParsingProfile,DitzyHeadlessBrowser
JavLibraryParsingProfile,DitzyHeadlessBrowserSingle
JavZooParsingProfile,JapaneseCharacter
JavZooParsingProfile,TranslateString
JavZooParsingProfile,SiteParsingProfile
JavZooParsingProfile,SpecificProfile
JavZooParsingProfile,SearchResult
JavZooParsingProfile,Actor
JavZooParsingProfile,Director
JavZooParsingProfile,Genre
JavZooParsingProfile,ID
JavZooParsingProfile,MPAARating
JavZooParsingProfile,OriginalTitle
JavZooParsingProfile,Outline
JavZooParsingProfile,Plot
JavZooParsingProfile,Rating
JavZooParsingProfile,ReleaseDate
JavZooParsingProfile,Runtime
JavZooParsingProfile,Set
JavZooParsingProfile,SortTitle
JavZooParsingProfile,Studio
JavZooParsingProfile,Tagline
JavZooParsingProfile,Thumb
JavZooParsingProfile,Title
JavZooParsingProfile,Top250
JavZooParsingProfile,Votes
JavZooParsingProfile,Year
Kin8tengokuParsingProfile,SiteParsingProfile
Kin8tengokuParsingProfile,SpecificProfile
Kin8tengokuParsingProfile,SearchResult
Kin8tengokuParsingProfile,Actor
Kin8tengokuParsingProfile,Director
Kin8tengokuParsingProfile,Genre
Kin8tengokuParsingProfile,ID
Kin8tengokuParsingProfile,MPAARating
Kin8tengokuParsingProfile,OriginalTitle
Kin8tengokuParsingProfile,Outline
Kin8tengokuParsingProfile,Plot
Kin8tengokuParsingProfile,Rating
Kin8tengokuParsingProfile,ReleaseDate
Kin8tengokuParsingProfile,Runtime
Kin8tengokuParsingProfile,Set
Kin8tengokuParsingProfile,SortTitle
Kin8tengokuParsingProfile,Studio
Kin8tengokuParsingProfile,Tagline
Kin8tengokuParsingProfile,Thumb
Kin8tengokuParsingProfile,Title
Kin8tengokuParsingProfile,Top250
Kin8tengokuParsingProfile,Votes
Kin8tengokuParsingProfile,Year
MyTokyoHotParsingProfile,SiteParsingProfile
MyTokyoHotParsingProfile,SpecificProfile
MyTokyoHotParsingProfile,TokyoHotParsingProfile
MyTokyoHotParsingProfile,SearchResult
MyTokyoHotParsingProfile,Actor
MyTokyoHotParsingProfile,Director
MyTokyoHotParsingProfile,Genre
MyTokyoHotParsingProfile,ID
MyTokyoHotParsingProfile,MPAARating
MyTokyoHotParsingProfile,OriginalTitle
MyTokyoHotParsingProfile,Outline
MyTokyoHotParsingProfile,Plot
MyTokyoHotParsingProfile,Rating
MyTokyoHotParsingProfile,ReleaseDate
MyTokyoHotParsingProfile,Runtime
MyTokyoHotParsingProfile,Set
MyTokyoHotParsingProfile,SortTitle
MyTokyoHotParsingProfile,Studio
MyTokyoHotParsingProfile,Tag
MyTokyoHotParsingProfile,Tagline
MyTokyoHotParsingProfile,Thumb
MyTokyoHotParsingProfile,Title
MyTokyoHotParsingProfile,Top250
MyTokyoHotParsingProfile,Trailer
MyTokyoHotParsingProfile,Votes
MyTokyoHotParsingProfile,Year
OnePondoParsingProfile,SiteParsingProfile
OnePondoParsingProfile,SiteParsingProfileJSON
OnePondoParsingProfile,SpecificProfile
OnePondoParsingProfile,SearchResult
OnePondoParsingProfile,Actor
OnePondoParsingProfile,Director
OnePondoParsingProfile,Genre
OnePondoParsingProfile,ID
OnePondoParsingProfile,MPAARating
OnePondoParsingProfile,OriginalTitle
OnePondoParsingProfile,Outline
OnePondoParsingProfile,Plot
OnePondoParsingProfile,Rating
OnePondoParsingProfile,ReleaseDate
OnePondoParsingProfile,Runtime
OnePondoParsingProfile,Set
OnePondoParsingProfile,SortTitle
OnePondoParsingProfile,Studio
OnePondoParsingProfile,Tag
OnePondoParsingProfile,Tagline
OnePondoParsingProfile,Thumb
OnePondoParsingProfile,Title
OnePondoParsingProfile,Top250
OnePondoParsingProfile,Trailer
OnePondoParsingProfile,Votes
OnePondoParsingProfile,Year
R18ParsingProfile,UtilityFunctions
R18ParsingProfile,SiteParsingProfile
R18ParsingProfile,DmmParsingProfile
R18ParsingProfile,SpecificProfile
R18ParsingProfile,SearchResult
R18ParsingProfile,Actor
R18ParsingProfile,Director
R18ParsingProfile,Genre
R18ParsingProfile,ID
R18ParsingProfile,MPAARating
R18ParsingProfile,OriginalTitle
R18ParsingProfile,Outline
R18ParsingProfile,Plot
R18ParsingProfile,Rating
R18ParsingProfile,ReleaseDate
R18ParsingProfile,Runtime
R18ParsingProfile,Set
R18ParsingProfile,SortTitle
R18ParsingProfile,Studio
R18ParsingProfile,Tagline
R18ParsingProfile,Thumb
R18ParsingProfile,Title
R18ParsingProfile,Top250
R18ParsingProfile,Trailer
R18ParsingProfile,Votes
R18ParsingProfile,Year
SquarePlusParsingProfile,SiteParsingProfile
SquarePlusParsingProfile,SpecificProfile
SquarePlusParsingProfile,SearchResult
SquarePlusParsingProfile,Actor
SquarePlusParsingProfile,Director
SquarePlusParsingProfile,Genre
SquarePlusParsingProfile,ID
SquarePlusParsingProfile,MPAARating
SquarePlusParsingProfile,OriginalTitle
SquarePlusParsingProfile,Outline
SquarePlusParsingProfile,Plot
SquarePlusParsingProfile,Rating
SquarePlusParsingProfile,ReleaseDate
SquarePlusParsingProfile,Runtime
SquarePlusParsingProfile,Set
SquarePlusParsingProfile,SortTitle
SquarePlusParsingProfile,Studio
SquarePlusParsingProfile,Tagline
SquarePlusParsingProfile,Thumb
SquarePlusParsingProfile,Title
SquarePlusParsingProfile,Top250
SquarePlusParsingProfile,Votes
SquarePlusParsingProfile,Year
TheMovieDatabaseParsingProfile,SiteParsingProfile
TheMovieDatabaseParsingProfile,SiteParsingProfileJSON
TheMovieDatabaseParsingProfile,SpecificProfile
TheMovieDatabaseParsingProfile,Movie
TheMovieDatabaseParsingProfile,SearchResult
TheMovieDatabaseParsingProfile,Actor
TheMovieDatabaseParsingProfile,Director
TheMovieDatabaseParsingProfile,Genre
TheMovieDatabaseParsingProfile,ID
TheMovieDatabaseParsingProfile,MPAARating
TheMovieDatabaseParsingProfile,OriginalTitle
TheMovieDatabaseParsingProfile,Outline
TheMovieDatabaseParsingProfile,Plot
TheMovieDatabaseParsingProfile,Rating
TheMovieDatabaseParsingProfile,ReleaseDate
TheMovieDatabaseParsingProfile,Runtime
TheMovieDatabaseParsingProfile,Set
TheMovieDatabaseParsingProfile,SortTitle
TheMovieDatabaseParsingProfile,Studio
TheMovieDatabaseParsingProfile,Tagline
TheMovieDatabaseParsingProfile,Thumb
TheMovieDatabaseParsingProfile,Title
TheMovieDatabaseParsingProfile,Top250
TheMovieDatabaseParsingProfile,Votes
TheMovieDatabaseParsingProfile,Year
TheMovieDatabaseParsingProfile,Key
TokyoHotParsingProfile,SiteParsingProfile
TokyoHotParsingProfile,SpecificProfile
TokyoHotParsingProfile,Title
KodiXmlActorBean,Actor
KodiXmlActorBean,Thumb
KodiXmlFanartBean,Thumb
KodiXmlMovieBean,KodiXmlActorBean
KodiXmlMovieBean,KodiXmlFanartBean
KodiXmlMovieBean,Movie
KodiXmlMovieBean,Actor
KodiXmlMovieBean,Director
KodiXmlMovieBean,Genre
KodiXmlMovieBean,ID
KodiXmlMovieBean,MPAARating
KodiXmlMovieBean,OriginalTitle
KodiXmlMovieBean,Outline
KodiXmlMovieBean,Plot
KodiXmlMovieBean,Rating
KodiXmlMovieBean,ReleaseDate
KodiXmlMovieBean,Runtime
KodiXmlMovieBean,Set
KodiXmlMovieBean,SortTitle
KodiXmlMovieBean,Studio
KodiXmlMovieBean,Tag
KodiXmlMovieBean,Tagline
KodiXmlMovieBean,Thumb
KodiXmlMovieBean,Title
KodiXmlMovieBean,Top250
KodiXmlMovieBean,Trailer
KodiXmlMovieBean,Votes
KodiXmlMovieBean,Year
KodiXmlMovieBean,MoviescraperPreferences
SystemIconProvider,IconProvider
ContentIconProvider,IconProvider
ContentIconProvider,SystemIconProvider
ContentIconProvider,Key
ImageCache,FileDownloaderUtilities
ImageCache,Key
Movie,JavLibraryParsingProfile
Movie,JavLibraryParsingProfile
Movie,FileDownloaderUtilities
Movie,SecurityPassthrough
Movie,SiteParsingProfile
Movie,Data18MovieParsingProfile
Movie,Data18WebContentParsingProfile
Movie,DmmParsingProfile
Movie,IAFDParsingProfile
Movie,JavLibraryParsingProfile
Movie,KodiXmlMovieBean
Movie,ImageCache
Movie,MovieFilenameFilter
Movie,SearchResult
Movie,Actor
Movie,DataItemSource
Movie,DefaultDataItemSource
Movie,Director
Movie,Genre
Movie,ID
Movie,MPAARating
Movie,OriginalTitle
Movie,Outline
Movie,Plot
Movie,Rating
Movie,ReleaseDate
Movie,Runtime
Movie,Set
Movie,SortTitle
Movie,Studio
Movie,Tag
Movie,Tagline
Movie,Thumb
Movie,Title
Movie,Top250
Movie,Trailer
Movie,Votes
Movie,Year
Movie,MoviescraperPreferences
MovieFactory,Movie
MovieFactory,Actor
MovieFactory,Director
MovieFactory,Genre
MovieFactory,ID
MovieFactory,MPAARating
MovieFactory,OriginalTitle
MovieFactory,Outline
MovieFactory,Plot
MovieFactory,Rating
MovieFactory,ReleaseDate
MovieFactory,Runtime
MovieFactory,Set
MovieFactory,SortTitle
MovieFactory,Studio
MovieFactory,Tag
MovieFactory,Tagline
MovieFactory,Title
MovieFactory,Top250
MovieFactory,Trailer
MovieFactory,Votes
MovieFactory,Year
SearchResult,Thumb
Actor,UtilityFunctions
Actor,Person
Actor,Thumb
DefaultDataItemSource,DataItemSource
Director,Person
Director,Thumb
Genre,MovieDataItem
ID,MovieDataItem
MovieDataItem,DataItemSource
MovieDataItem,DefaultDataItemSource
MPAARating,MovieDataItem
MPAARating,Rating
OriginalTitle,MovieDataItem
OriginalTitle,Title
Outline,MovieDataItem
Person,MovieDataItem
Person,Thumb
Plot,MovieDataItem
Rating,MovieDataItem
ReleaseDate,MovieDataItem
ReleaseDate,Year
Runtime,MovieDataItem
Set,MovieDataItem
SortTitle,MovieDataItem
SortTitle,Title
Studio,MovieDataItem
Tag,MovieDataItem
Tagline,MovieDataItem
Thumb,FileDownloaderUtilities
Thumb,ImageCache
Thumb,MovieDataItem
Title,MovieDataItem
Top250,MovieDataItem
Trailer,MovieDataItem
Votes,MovieDataItem
Year,MovieDataItem
GuiSettings,Settings
GuiSettings,Key
MoviescraperPreferences,ID
MoviescraperPreferences,Title
MoviescraperPreferences,Settings
MoviescraperPreferences,Key
MoviescraperPreferences,UserAgent
Key,Settings
DitzyHeadlessBrowser,MoviescraperPreferences
DitzyHeadlessBrowser,UserAgent
DitzyHeadlessBrowserSingle,DitzyHeadlessBrowser
AboutDialog,ID
AmalgamationSettingsDialog,Main
AmalgamationSettingsDialog,UtilityFunctions
AmalgamationSettingsDialog,AllAmalgamationOrderingPreferences
AmalgamationSettingsDialog,DataItemSourceAmalgamationPreference
AmalgamationSettingsDialog,ScraperGroupAmalgamationPreference
AmalgamationSettingsDialog,DataItemSource
AmalgamationSettingsDialog,Set
AmalgamationSettingsDialog,Settings
AmalgamationSettingsDialog,GUIMain
AmalgamationSettingsDialog,DataItemSourceRenderer
AmalgamationSettingsDialog,MovieFieldCellRenderer
ArtWorkPanel,Main
ArtWorkPanel,Movie
ArtWorkPanel,ID
ArtWorkPanel,Thumb
ArtWorkPanel,MouseListenerShowArtPicker
ArtWorkPanel,FileDetailPanel
ArtWorkPanel,GUIMain
ArtWorkPanel,FileList
ArtWorkPanel,AsyncImageComponent
MouseListenerShowArtPicker,Main
MouseListenerShowArtPicker,Movie
MouseListenerShowArtPicker,Thumb
MouseListenerShowArtPicker,FileDetailPanel
MouseListenerShowArtPicker,ScrapeAmalgamatedProgressDialog
CaptcherGUI,ID
FavoriteGenrePickerPanel,Genre
FavoriteGenrePickerPanel,ID
FavoriteGenrePickerPanel,MoviescraperPreferences
FavoriteGenrePickerPanel,FavoriteItemPickerPanel
FavoriteItemPickerPanel,ID
FavoriteTagPickerPanel,ID
FavoriteTagPickerPanel,Tag
FavoriteTagPickerPanel,MoviescraperPreferences
FavoriteTagPickerPanel,FavoriteItemPickerPanel
FileDetailPanel,Main
FileDetailPanel,EditGenresAction
FileDetailPanel,EditTagsAction
FileDetailPanel,Movie
FileDetailPanel,Actor
FileDetailPanel,ID
FileDetailPanel,OriginalTitle
FileDetailPanel,Plot
FileDetailPanel,ReleaseDate
FileDetailPanel,Set
FileDetailPanel,Studio
FileDetailPanel,Title
FileDetailPanel,Year
FileDetailPanel,MoviescraperPreferences
FileDetailPanel,ArtWorkPanel
FileDetailPanel,KeyListenerIgnoreTyping
FileDetailPanel,ActorItemListModel
FileDetailPanel,ActorTransferHandler
FileDetailPanel,FileDetailPanelActorEditor
FileDetailPanel,FileDetailPanelPopup
FileDetailPanel,GUIMain
FileDetailPanel,FileList
FileDetailPanel,ActressListRenderer
GenreItemListModel,Movie
GenreItemListModel,Actor
GenreItemListModel,Genre
GenreItemListModel,ID
GenreItemListModel,Tag
GenreItemListModel,ActorItemListModel
ActorItemListModel,Actor
ActorItemListModel,ActorTransferHandler
FileDetailPanelActorEditor,Movie
FileDetailPanelActorEditor,Actor
FileDetailPanelActorEditor,Thumb
FileDetailPanelActorEditor,FileDetailPanel
FileDetailPanelActorEditor,AbstractFileDetailPanelEditGUI
AbstractFileDetailPanelEditGUI,FileDetailPanel
FileDetailPanelGenreEditor,Movie
FileDetailPanelGenreEditor,Genre
FileDetailPanelGenreEditor,FileDetailPanel
FileDetailPanelGenreEditor,AbstractFileDetailPanelEditGUI
FileDetailPanelPopup,ID
FileDetailPanelPopup,AbstractFileDetailPanelEditGUI
GenreEditorPanel,Genre
GenreEditorPanel,ID
GenreEditorPanel,FavoriteGenrePickerPanel
GenreEditorPanel,ModifiedFlowLayout
GUIMain,Main
GUIMain,SelectFileListAction
GUIMain,AllAmalgamationOrderingPreferences
GUIMain,IconCache
GUIMain,IconProvider
GUIMain,Movie
GUIMain,SearchResult
GUIMain,Actor
GUIMain,Set
GUIMain,Title
GUIMain,GuiSettings
GUIMain,MoviescraperPreferences
GUIMain,Settings
GUIMain,AmalgamationSettingsDialog
GUIMain,FileDetailPanel
GUIMain,GUICommon
GUIMain,FileList
GUIMain,GUIMainButtonPanel
GUIMain,GUIMainMenuBar
GUIMain,MessageConsolePanel
GUIMain,ProgressMonitor
GUIMain,SelectionDialog
GUIMain,WindowBlocker
GUIMain,FileRenderer
GUIMainButtonPanel,Main
GUIMainButtonPanel,BrowseDirectoryAction
GUIMainButtonPanel,FileNameCleanupAction
GUIMainButtonPanel,MoveToNewFolderAction
GUIMainButtonPanel,OpenFileAction
GUIMainButtonPanel,PlayMovieAction
GUIMainButtonPanel,RefreshDirectoryAction
GUIMainButtonPanel,UpDirectoryAction
GUIMainButtonPanel,WriteFileDataAction
GUIMainButtonPanel,AllAmalgamationOrderingPreferences
GUIMainButtonPanel,ScrapeAmalgamatedAction
GUIMainButtonPanel,ScraperGroupAmalgamationPreference
GUIMainButtonPanel,SiteParsingProfile
GUIMainButtonPanel,SiteParsingProfileItem
GUIMainButtonPanel,SpecificProfileFactory
GUIMainButtonPanel,ID
GUIMainButtonPanel,GuiSettings
GUIMainButtonPanel,Settings
GUIMainButtonPanel,Key
GUIMainButtonPanel,GUIMain
GUIMainMenuBar,Main
GUIMainMenuBar,BrowseDirectoryAction
GUIMainMenuBar,BrowseUriAction
GUIMainMenuBar,ChooseExternalMediaPlayerAction
GUIMainMenuBar,ChooseFavoriteGenresAction
GUIMainMenuBar,ChooseFavoriteTagsAction
GUIMainMenuBar,FileNameCleanupAction
GUIMainMenuBar,MoveToNewFolderAction
GUIMainMenuBar,OpenFileAction
GUIMainMenuBar,PlayMovieAction
GUIMainMenuBar,RefreshDirectoryAction
GUIMainMenuBar,SelectAmalgamationSettingsAction
GUIMainMenuBar,WriteFileDataAction
GUIMainMenuBar,AllAmalgamationOrderingPreferences
GUIMainMenuBar,ScrapeAmalgamatedAction
GUIMainMenuBar,ScraperGroupAmalgamationPreference
GUIMainMenuBar,SiteParsingProfileItem
GUIMainMenuBar,SpecificProfileFactory
GUIMainMenuBar,Movie
GUIMainMenuBar,ID
GUIMainMenuBar,Title
GUIMainMenuBar,GuiSettings
GUIMainMenuBar,MoviescraperPreferences
GUIMainMenuBar,Settings
GUIMainMenuBar,AboutDialog
GUIMainMenuBar,GUIMain
GUIMainMenuBar,FileList
GUIMainMenuBar,GUIMainButtonPanel
GUIMainMenuBar,MessageConsoleGUI
GUIMainMenuBar,MessageConsolePanel
GUIMainMenuBar,RenamerGUI
GUIMainMenuBar,SettingsDialogJAVLibrary
MessageConsole,Set
MessageConsole,LimitLinesDocumentListener
MessageConsole,ConsoleOutputStream
MessageConsoleGUI,ID
MessageConsoleGUI,Title
MessageConsoleGUI,MessageConsole
MessageConsolePanel,ID
MessageConsolePanel,MessageConsole
ModifiedFlowLayout,ID
ProgressMonitor,Title
RenamerGUI,Main
RenamerGUI,Renamer
RenamerGUI,Movie
RenamerGUI,Actor
RenamerGUI,Director
RenamerGUI,Genre
RenamerGUI,ID
RenamerGUI,MPAARating
RenamerGUI,OriginalTitle
RenamerGUI,Outline
RenamerGUI,Plot
RenamerGUI,Rating
RenamerGUI,ReleaseDate
RenamerGUI,Runtime
RenamerGUI,Set
RenamerGUI,SortTitle
RenamerGUI,Studio
RenamerGUI,Tag
RenamerGUI,Tagline
RenamerGUI,Title
RenamerGUI,Top250
RenamerGUI,Trailer
RenamerGUI,Votes
RenamerGUI,Year
RenamerGUI,MoviescraperPreferences
RenamerGUI,Settings
RenamerGUI,FileDetailPanel
RenamerGUI,GUICommon
RenamerGUI,GUIMain
ScrapeAmalgamatedProgressDialog,Main
ScrapeAmalgamatedProgressDialog,AllAmalgamationOrderingPreferences
ScrapeAmalgamatedProgressDialog,DataItemSourceAmalgamationPreference
ScrapeAmalgamatedProgressDialog,ScrapeAmalgamatedMovieWorker
ScrapeAmalgamatedProgressDialog,ScraperGroupAmalgamationPreference
ScrapeAmalgamatedProgressDialog,SiteParsingProfile
ScrapeAmalgamatedProgressDialog,Data18MovieParsingProfile
ScrapeAmalgamatedProgressDialog,TheMovieDatabaseParsingProfile
ScrapeAmalgamatedProgressDialog,Movie
ScrapeAmalgamatedProgressDialog,DataItemSource
ScrapeAmalgamatedProgressDialog,ID
ScrapeAmalgamatedProgressDialog,Title
ScrapeAmalgamatedProgressDialog,MoviescraperPreferences
ScrapeAmalgamatedProgressDialog,GUIMain
ScrapeAmalgamatedProgressDialog,FileList
ScrapeAmalgamatedProgressDialog,AmalgamationPropertyChangeListener
ScrapeAmalgamatedProgressDialog,ScraperProgressView
ScrapeAmalgamatedProgressDialog,ScraperProgressPropertyChangeListener
AmalgamationPropertyChangeListener,Main
AmalgamationPropertyChangeListener,AllAmalgamationOrderingPreferences
AmalgamationPropertyChangeListener,MovieScrapeResultGroup
AmalgamationPropertyChangeListener,ScraperGroupAmalgamationPreference
AmalgamationPropertyChangeListener,SiteParsingProfile
AmalgamationPropertyChangeListener,Movie
AmalgamationPropertyChangeListener,SearchResult
AmalgamationPropertyChangeListener,Set
AmalgamationPropertyChangeListener,Thumb
AmalgamationPropertyChangeListener,Title
AmalgamationPropertyChangeListener,MoviescraperPreferences
AmalgamationPropertyChangeListener,FileDetailPanel
AmalgamationPropertyChangeListener,ModifiedFlowLayout
AmalgamationPropertyChangeListener,ScrapeAmalgamatedProgressDialog
AmalgamationPropertyChangeListener,SelectionDialog
AmalgamationPropertyChangeListener,AsyncImageComponent
ScraperProgressView,SiteParsingProfile
ScraperProgressView,DataItemSource
ScraperProgressView,ID
ScraperProgressView,Title
ScraperProgressView,ScrapeAmalgamatedProgressDialog
ScraperProgressView,ScraperProgressPropertyChangeListener
ScraperProgressPropertyChangeListener,SiteParsingProfile
ScraperProgressPropertyChangeListener,Movie
ScraperProgressPropertyChangeListener,Set
ScraperProgressPropertyChangeListener,ScraperProgressView
SelectionDialog,SearchResult
SelectionDialog,ID
SelectionDialog,SearchResultsRenderer
SettingsDialogJAVLibrary,Title
SettingsDialogJAVLibrary,MoviescraperPreferences
SettingsDialogJAVLibrary,DitzyHeadlessBrowser
SettingsDialogJAVLibrary,DitzyHeadlessBrowserSingle
SettingsDialogJAVLibrary,UserAgent
TagEditorPanel,UtilityFunctions
TagEditorPanel,ID
TagEditorPanel,Tag
TagEditorPanel,FavoriteTagPickerPanel
TagEditorPanel,ModifiedFlowLayout
WindowBlocker,ID
AsyncImageComponent,ID
AsyncImageComponent,Thumb
AsyncImageComponent,ImageLoader
AsyncImageComponent,ImageConsumer
ImageLoader,Data18SharedMethods
ImageLoader,ImageCache
ImageLoader,Thumb
ImageLoader,ImageConsumer
ActressListRenderer,ImageCache
ActressListRenderer,Actor
ActressListRenderer,Thumb
DataItemSourceRenderer,DataItemSource
DataItemSourceRenderer,Tag
FanartPickerRenderer,ID
FanartPickerRenderer,Thumb
FileRenderer,IconCache
FileRenderer,ID
GenreListRenderer,Genre
GenreListRenderer,ID
SearchResultsRenderer,SearchResult
SearchResultsRenderer,ID
TestAmalgamation,JavLibraryParsingProfile
TestAmalgamation,JavLibraryParsingProfile
TestAmalgamation,DataItemSourceAmalgamationPreference
TestAmalgamation,MovieScrapeResultGroup
TestAmalgamation,ScraperGroupAmalgamationPreference
TestAmalgamation,DmmParsingProfile
TestAmalgamation,JavLibraryParsingProfile
TestAmalgamation,R18ParsingProfile
TestAmalgamation,Movie
TestAmalgamation,DataItemSource
TestAmalgamation,Plot
TestAmalgamation,Title
AvEntertainmentParsingProfileTest,SiteParsingProfile
AvEntertainmentParsingProfileTest,AvEntertainmentParsingProfile
AvEntertainmentParsingProfileTest,SearchResult
AvEntertainmentParsingProfileTest,Actor
AvEntertainmentParsingProfileTest,Genre
AvEntertainmentParsingProfileTest,Plot
AvEntertainmentParsingProfileTest,ReleaseDate
AvEntertainmentParsingProfileTest,Runtime
AvEntertainmentParsingProfileTest,Set
AvEntertainmentParsingProfileTest,Studio
AvEntertainmentParsingProfileTest,Thumb
AvEntertainmentParsingProfileTest,Title
AvEntertainmentParsingProfileTest,Year
CaribbeancomParsingProfileTest,SiteParsingProfile
CaribbeancomParsingProfileTest,CaribbeancomParsingProfile
CaribbeancomParsingProfileTest,Actor
CaribbeancomParsingProfileTest,Genre
CaribbeancomParsingProfileTest,ID
CaribbeancomParsingProfileTest,OriginalTitle
CaribbeancomParsingProfileTest,Plot
CaribbeancomParsingProfileTest,Rating
CaribbeancomParsingProfileTest,ReleaseDate
CaribbeancomParsingProfileTest,Runtime
CaribbeancomParsingProfileTest,Title
CaribbeancomParsingProfileTest,Trailer
CaribbeancomParsingProfileTest,Year
CaribbeancomPremiumParsingProfileTest,SiteParsingProfile
CaribbeancomPremiumParsingProfileTest,CaribbeancomPremiumParsingProfile
CaribbeancomPremiumParsingProfileTest,Actor
CaribbeancomPremiumParsingProfileTest,Genre
CaribbeancomPremiumParsingProfileTest,ID
CaribbeancomPremiumParsingProfileTest,OriginalTitle
CaribbeancomPremiumParsingProfileTest,Plot
CaribbeancomPremiumParsingProfileTest,Rating
CaribbeancomPremiumParsingProfileTest,ReleaseDate
CaribbeancomPremiumParsingProfileTest,Runtime
CaribbeancomPremiumParsingProfileTest,Title
CaribbeancomPremiumParsingProfileTest,Trailer
CaribbeancomPremiumParsingProfileTest,Year
ExcaliburFilmsParsingProfileTest,ExcaliburFilmsParsingProfile
ExcaliburFilmsParsingProfileTest,Movie
ExcaliburFilmsParsingProfileTest,GenericParsingProfileTest
GenericParsingProfileTest,SiteParsingProfile
GenericParsingProfileTest,Movie
GenericParsingProfileTest,Actor
GenericParsingProfileTest,Director
GenericParsingProfileTest,Genre
GenericParsingProfileTest,ID
GenericParsingProfileTest,MPAARating
GenericParsingProfileTest,OriginalTitle
GenericParsingProfileTest,Outline
GenericParsingProfileTest,Plot
GenericParsingProfileTest,Rating
GenericParsingProfileTest,ReleaseDate
GenericParsingProfileTest,Runtime
GenericParsingProfileTest,Set
GenericParsingProfileTest,SortTitle
GenericParsingProfileTest,Studio
GenericParsingProfileTest,Tagline
GenericParsingProfileTest,Thumb
GenericParsingProfileTest,Title
GenericParsingProfileTest,Top250
GenericParsingProfileTest,Trailer
GenericParsingProfileTest,Year
HeyzoParsingProfileTest,SiteParsingProfile
HeyzoParsingProfileTest,HeyzoParsingProfile
HeyzoParsingProfileTest,Actor
HeyzoParsingProfileTest,Genre
HeyzoParsingProfileTest,ID
HeyzoParsingProfileTest,OriginalTitle
HeyzoParsingProfileTest,ReleaseDate
HeyzoParsingProfileTest,Runtime
HeyzoParsingProfileTest,Thumb
HeyzoParsingProfileTest,Title
HeyzoParsingProfileTest,Trailer
HeyzoParsingProfileTest,Year
JavBusParsingProfileTest,SiteParsingProfile
JavBusParsingProfileTest,JavBusParsingProfile
JavBusParsingProfileTest,Actor
JavBusParsingProfileTest,Director
JavBusParsingProfileTest,Genre
JavBusParsingProfileTest,ID
JavBusParsingProfileTest,OriginalTitle
JavBusParsingProfileTest,Plot
JavBusParsingProfileTest,ReleaseDate
JavBusParsingProfileTest,Runtime
JavBusParsingProfileTest,Set
JavBusParsingProfileTest,Studio
JavBusParsingProfileTest,Title
JavBusParsingProfileTest,Year
Kin8tengokuParsingProfileTest,SiteParsingProfile
Kin8tengokuParsingProfileTest,Kin8tengokuParsingProfile
Kin8tengokuParsingProfileTest,Actor
Kin8tengokuParsingProfileTest,Genre
Kin8tengokuParsingProfileTest,ID
Kin8tengokuParsingProfileTest,ReleaseDate
Kin8tengokuParsingProfileTest,Runtime
Kin8tengokuParsingProfileTest,Year
MyTokyoHotParsingProfileTest,SiteParsingProfile
MyTokyoHotParsingProfileTest,MyTokyoHotParsingProfile
MyTokyoHotParsingProfileTest,TokyoHotParsingProfile
MyTokyoHotParsingProfileTest,Actor
MyTokyoHotParsingProfileTest,Genre
MyTokyoHotParsingProfileTest,ID
MyTokyoHotParsingProfileTest,OriginalTitle
MyTokyoHotParsingProfileTest,Plot
MyTokyoHotParsingProfileTest,ReleaseDate
MyTokyoHotParsingProfileTest,Runtime
MyTokyoHotParsingProfileTest,Thumb
MyTokyoHotParsingProfileTest,Title
MyTokyoHotParsingProfileTest,Trailer
MyTokyoHotParsingProfileTest,Year
MyTokyoHotParsingProfileTest,TokyoHotParsingProfileTest
OnePondoParsingProfileTest,OnePondoParsingProfile
OnePondoParsingProfileTest,ID
OnePondoParsingProfileTest,ReleaseDate
OnePondoParsingProfileTest,Year
R18ParsingProfileTest,SiteParsingProfile
R18ParsingProfileTest,R18ParsingProfile
R18ParsingProfileTest,Actor
R18ParsingProfileTest,Genre
R18ParsingProfileTest,ID
R18ParsingProfileTest,Plot
R18ParsingProfileTest,ReleaseDate
R18ParsingProfileTest,Runtime
R18ParsingProfileTest,Set
R18ParsingProfileTest,Title
R18ParsingProfileTest,Year
TokyoHotParsingProfileTest,SiteParsingProfile
TokyoHotParsingProfileTest,TokyoHotParsingProfile
EqualsJavIDTester,ID
