Client,Message
Daemon,Message
Daemon,Supervisor
Daemon,Constants
Daemon,Configuration
Daemon,LoggingService
IOFogModule,LoggingService
CommandLineParser,AgentUserException
CommandShellExecutor,Message
CommandShellExecutor,LoggingService
ImageDownloadManager,CommandShellExecutor
ImageDownloadManager,AgentSystemException
ImageDownloadManager,Message
ImageDownloadManager,DockerUtil
ImageDownloadManager,Orchestrator
ImageDownloadManager,LoggingService
ImageDownloadManager,CommandShellExecutor
StraceDiagnosticManager,CommandShellExecutor
StraceDiagnosticManager,MicroserviceStraceData
StraceDiagnosticManager,AgentSystemException
StraceDiagnosticManager,Microservice
StraceDiagnosticManager,DockerUtil
StraceDiagnosticManager,LoggingService
StraceDiagnosticManager,CommandShellExecutor
EdgeInterface,EdgeEndpoints
EdgeResource,Display
EdgeResource,EdgeInterface
EdgeResourceManager,EdgeResource
EdgeResourceManager,ResourceManager
EdgeResourceManager,LoggingService
AgentSystemException,AgentException
AgentUserException,AgentException
FieldAgent,IOFogModule
FieldAgent,CommandShellExecutor
FieldAgent,ImageDownloadManager
FieldAgent,MicroserviceStraceData
FieldAgent,StraceDiagnosticManager
FieldAgent,Display
FieldAgent,EdgeEndpoints
FieldAgent,EdgeInterface
FieldAgent,EdgeResource
FieldAgent,EdgeResourceManager
FieldAgent,AgentSystemException
FieldAgent,AgentUserException
FieldAgent,FieldAgentStatus
FieldAgent,VersionHandler
FieldAgent,LocalApi
FieldAgent,Message
FieldAgent,MessageBus
FieldAgent,MessageBusStatus
FieldAgent,EnvVar
FieldAgent,Microservice
FieldAgent,MicroserviceManager
FieldAgent,MicroserviceStatus
FieldAgent,PortMapping
FieldAgent,Registry
FieldAgent,RegistryBuilder
FieldAgent,Route
FieldAgent,VolumeMapping
FieldAgent,IOFogNetworkInterface
FieldAgent,IOFogNetworkInterfaceManager
FieldAgent,ProcessManager
FieldAgent,ProcessManagerStatus
FieldAgent,SshConnection
FieldAgent,SshProxyManager
FieldAgent,DockerPruningManager
FieldAgent,ResourceConsumptionManagerStatus
FieldAgent,ResourceManager
FieldAgent,ResourceManagerStatus
FieldAgent,StatusReporter
FieldAgent,StatusReporterStatus
FieldAgent,SupervisorStatus
FieldAgent,Tracker
FieldAgent,TrackingInfoUtils
FieldAgent,Constants
FieldAgent,Orchestrator
FieldAgent,Configuration
FieldAgent,LoggingService
FieldAgent,CommandShellExecutor
FieldAgentStatus,Constants
VersionHandler,CommandShellExecutor
VersionHandler,AgentSystemException
VersionHandler,UnknownVersionCommandException
VersionHandler,Message
VersionHandler,LoggingService
VersionHandler,CommandShellExecutor
ApiHandlerHelpers,AgentSystemException
ApiHandlerHelpers,AgentUserException
ApiHandlerHelpers,Message
ApiHandlerHelpers,LoggingService
BluetoothApiHandler,ApiHandlerHelpers
BluetoothApiHandler,LoggingService
CommandLineApiHandler,CommandLineParser
CommandLineApiHandler,AgentUserException
CommandLineApiHandler,ApiHandlerHelpers
CommandLineApiHandler,Message
CommandLineApiHandler,LoggingService
ConfigApiHandler,AgentSystemException
ConfigApiHandler,AgentUserException
ConfigApiHandler,ApiHandlerHelpers
ConfigApiHandler,Message
ConfigApiHandler,LoggingService
ControlWebsocketHandler,AgentSystemException
ControlWebsocketHandler,ControlSignalSentInfo
ControlWebsocketHandler,LocalApiServer
ControlWebsocketHandler,LocalApiStatus
ControlWebsocketHandler,WebSocketMap
ControlWebsocketHandler,WebsocketUtil
ControlWebsocketHandler,StatusReporter
ControlWebsocketHandler,LoggingService
ControlWebsocketWorker,ControlSignalSentInfo
ControlWebsocketWorker,LocalApiStatus
ControlWebsocketWorker,WebSocketMap
ControlWebsocketWorker,WebsocketUtil
ControlWebsocketWorker,StatusReporter
ControlWebsocketWorker,Constants
ControlWebsocketWorker,LoggingService
DeprovisionApiHandler,AgentUserException
DeprovisionApiHandler,FieldAgent
DeprovisionApiHandler,ApiHandlerHelpers
DeprovisionApiHandler,Message
DeprovisionApiHandler,LoggingService
EdgeResourceHandler,EdgeResource
EdgeResourceHandler,EdgeResourceManager
EdgeResourceHandler,AgentUserException
EdgeResourceHandler,ApiHandlerHelpers
EdgeResourceHandler,Message
EdgeResourceHandler,ResourceManager
EdgeResourceHandler,LoggingService
GetConfigurationHandler,AgentSystemException
GetConfigurationHandler,AgentUserException
GetConfigurationHandler,ApiHandlerHelpers
GetConfigurationHandler,ConfigurationMap
GetConfigurationHandler,Message
GetConfigurationHandler,LoggingService
GpsApiHandler,AgentSystemException
GpsApiHandler,ApiHandlerHelpers
GpsApiHandler,Message
GpsApiHandler,Configuration
GpsApiHandler,LoggingService
InfoApiHandler,AgentUserException
InfoApiHandler,ApiHandlerHelpers
InfoApiHandler,Message
InfoApiHandler,Configuration
InfoApiHandler,LoggingService
LocalApi,EdgeResource
LocalApi,AgentSystemException
LocalApi,ConfigurationMap
LocalApi,ControlWebsocketHandler
LocalApi,LocalApiServer
LocalApi,LocalApiStatus
LocalApi,WebSocketMap
LocalApi,MicroserviceManager
LocalApi,StatusReporter
LocalApi,SupervisorStatus
LocalApi,Constants
LocalApi,LoggingService
LocalApiServer,ControlWebsocketWorker
LocalApiServer,LocalApiServerPipelineFactory
LocalApiServer,MessageWebsocketWorker
LocalApiServer,LoggingService
LocalApiServerHandler,AgentSystemException
LocalApiServerHandler,ApiHandlerHelpers
LocalApiServerHandler,BluetoothApiHandler
LocalApiServerHandler,CommandLineApiHandler
LocalApiServerHandler,ConfigApiHandler
LocalApiServerHandler,ControlWebsocketHandler
LocalApiServerHandler,DeprovisionApiHandler
LocalApiServerHandler,EdgeResourceHandler
LocalApiServerHandler,GetConfigurationHandler
LocalApiServerHandler,GpsApiHandler
LocalApiServerHandler,InfoApiHandler
LocalApiServerHandler,LogApiHandler
LocalApiServerHandler,MessageReceiverHandler
LocalApiServerHandler,MessageSenderHandler
LocalApiServerHandler,MessageWebsocketHandler
LocalApiServerHandler,ProvisionApiHandler
LocalApiServerHandler,QueryMessageReceiverHandler
LocalApiServerHandler,StatusApiHandler
LocalApiServerHandler,VersionApiHandler
LocalApiServerHandler,WebSocketMap
LocalApiServerHandler,WebsocketUtil
LocalApiServerHandler,Message
LocalApiServerHandler,LoggingService
LocalApiServerPipelineFactory,LocalApiServerHandler
LocalApiServerPipelineFactory,LoggingService
LogApiHandler,AgentUserException
LogApiHandler,ApiHandlerHelpers
LogApiHandler,Message
LogApiHandler,LoggingService
MessageCallback,MessageWebsocketHandler
MessageCallback,Message
MessageReceiverHandler,AgentUserException
MessageReceiverHandler,ApiHandlerHelpers
MessageReceiverHandler,Message
MessageReceiverHandler,MessageBusUtil
MessageReceiverHandler,LoggingService
MessageSenderHandler,AgentUserException
MessageSenderHandler,ApiHandlerHelpers
MessageSenderHandler,Message
MessageSenderHandler,MessageBusUtil
MessageSenderHandler,LoggingService
MessageSentInfo,Message
MessageWebsocketHandler,AgentSystemException
MessageWebsocketHandler,AgentUserException
MessageWebsocketHandler,LocalApiServer
MessageWebsocketHandler,LocalApiStatus
MessageWebsocketHandler,MessageSentInfo
MessageWebsocketHandler,WebSocketMap
MessageWebsocketHandler,WebsocketUtil
MessageWebsocketHandler,Message
MessageWebsocketHandler,MessageBus
MessageWebsocketHandler,MessageBusUtil
MessageWebsocketHandler,StatusReporter
MessageWebsocketHandler,BytesUtil
MessageWebsocketHandler,LoggingService
MessageWebsocketWorker,LocalApiStatus
MessageWebsocketWorker,MessageSentInfo
MessageWebsocketWorker,WebSocketMap
MessageWebsocketWorker,WebsocketUtil
MessageWebsocketWorker,Message
MessageWebsocketWorker,MessageBus
MessageWebsocketWorker,StatusReporter
MessageWebsocketWorker,BytesUtil
MessageWebsocketWorker,Constants
MessageWebsocketWorker,LoggingService
ProvisionApiHandler,AgentSystemException
ProvisionApiHandler,AgentUserException
ProvisionApiHandler,FieldAgent
ProvisionApiHandler,ApiHandlerHelpers
ProvisionApiHandler,Message
ProvisionApiHandler,LoggingService
QueryMessageReceiverHandler,AgentSystemException
QueryMessageReceiverHandler,AgentUserException
QueryMessageReceiverHandler,ApiHandlerHelpers
QueryMessageReceiverHandler,MessageReceiverHandler
QueryMessageReceiverHandler,Message
QueryMessageReceiverHandler,MessageBusUtil
QueryMessageReceiverHandler,LoggingService
StatusApiHandler,AgentSystemException
StatusApiHandler,ApiHandlerHelpers
StatusApiHandler,Message
StatusApiHandler,StatusReporter
StatusApiHandler,LoggingService
VersionApiHandler,AgentSystemException
VersionApiHandler,AgentUserException
VersionApiHandler,ApiHandlerHelpers
VersionApiHandler,Message
VersionApiHandler,CmdProperties
VersionApiHandler,Configuration
VersionApiHandler,LoggingService
WebSocketMap,ControlSignalSentInfo
WebSocketMap,MessageSentInfo
WebSocketMap,LoggingService
WebsocketUtil,LoggingService
MessageReceiverWebSocketClientHandler,Message
MessageReceiverWebSocketClientHandler,BytesUtil
MessageReceiverWebSocketClientHandler,LoggingService
MessageSenderWebSocketClientHandler,Message
MessageSenderWebSocketClientHandler,BytesUtil
MessageSenderWebSocketClientHandler,MessageTest
MessageSocketTestMain,Client
MessageSocketTestMain,MessageWebsocketReceiverClient
MessageSocketTestMain,MessageWebsocketSenderClient
MessageSocketTestMain,Main
MessageWebsocketReceiverClient,Client
MessageWebsocketReceiverClient,MessageReceiverWebSocketClientHandler
MessageWebsocketReceiverClient,Message
MessageWebsocketReceiverClient,LoggingService
MessageWebsocketSenderClient,Client
MessageWebsocketSenderClient,MessageSenderWebSocketClientHandler
MessageWebsocketSenderClient,Message
MessageWebsocketSenderClient,LoggingService
RestApiDriver,RestPublishTest
RestApiDriver,RestReceiveTest
RestPublishTest,Message
WebSocketClientControl,Client
WebSocketClientControl,WebSocketClientHandlerControl
IOMessageListener,AgentSystemException
IOMessageListener,MessageCallback
IOMessageListener,Message
IOMessageListener,LoggingService
Message,AgentSystemException
Message,BytesUtil
MessageArchive,AgentSystemException
MessageArchive,Message
MessageArchive,BytesUtil
MessageArchive,Constants
MessageArchive,Configuration
MessageArchive,LoggingService
MessageBus,IOFogModule
MessageBus,AgentSystemException
MessageBus,WebSocketMap
MessageBus,Message
MessageBus,MessageBusExceptionListener
MessageBus,MessageBusServer
MessageBus,MessageBusStatus
MessageBus,MessageIdGenerator
MessageBus,MessagePublisher
MessageBus,MessageReceiver
MessageBus,Microservice
MessageBus,MicroserviceManager
MessageBus,Route
MessageBus,StatusReporter
MessageBus,SupervisorStatus
MessageBus,Constants
MessageBus,Orchestrator
MessageBus,Configuration
MessageBusExceptionListener,MessageBusServer
MessageBusExceptionListener,MessagePublisher
MessageBusExceptionListener,MessageReceiver
MessageBusExceptionListener,LoggingService
MessageBusServer,AgentSystemException
MessageBusServer,Message
MessageBusServer,LoggingService
MessageBusStatus,Microservice
MessageBusUtil,AgentSystemException
MessageBusUtil,Message
MessageBusUtil,MessageBus
MessageBusUtil,MessageBusStatus
MessageBusUtil,MessagePublisher
MessageBusUtil,MessageReceiver
MessageBusUtil,Microservice
MessageBusUtil,Route
MessageBusUtil,StatusReporter
MessageBusUtil,LoggingService
MessagePublisher,AgentSystemException
MessagePublisher,Message
MessagePublisher,MessageArchive
MessagePublisher,MessageBusServer
MessagePublisher,Route
MessagePublisher,LoggingService
MessageReceiver,AgentSystemException
MessageReceiver,MessageCallback
MessageReceiver,IOMessageListener
MessageReceiver,Message
MessageReceiver,LoggingService
Microservice,EnvVar
Microservice,PortMapping
Microservice,VolumeMapping
MicroserviceManager,Microservice
MicroserviceManager,Registry
MicroserviceManager,Route
SingletonHolder,Microservice
SingletonHolder,MicroserviceManager
SingletonHolder,Registry
SingletonHolder,Route
SingletonHolder,LoggingService
MicroserviceStatus,Message
MicroserviceStatus,DockerUtil
MicroserviceStatus,LoggingService
RegistryBuilder,Registry
IOFogNetworkInterface,AgentSystemException
IOFogNetworkInterface,Message
IOFogNetworkInterface,DockerUtil
IOFogNetworkInterface,Configuration
IOFogNetworkInterface,Pair
IOFogNetworkInterface,LoggingService
IOFogNetworkInterfaceManager,AgentSystemException
IOFogNetworkInterfaceManager,Message
IOFogNetworkInterfaceManager,IOFogNetworkInterface
IOFogNetworkInterfaceManager,LoggingService
ContainerManager,AgentSystemException
ContainerManager,Message
ContainerManager,Microservice
ContainerManager,MicroserviceManager
ContainerManager,MicroserviceStatus
ContainerManager,Registry
ContainerManager,IOFogNetworkInterface
ContainerManager,IOFogNetworkInterfaceManager
ContainerManager,ContainerTask
ContainerManager,DockerUtil
ContainerManager,ProcessManagerStatus
ContainerManager,StatusReporter
ContainerManager,Constants
ContainerManager,LoggingService
DockerUtil,Client
DockerUtil,AgentSystemException
DockerUtil,AgentUserException
DockerUtil,Message
DockerUtil,Microservice
DockerUtil,MicroserviceStatus
DockerUtil,PortMapping
DockerUtil,Registry
DockerUtil,ItemStatus
DockerUtil,ProcessManagerStatus
DockerUtil,RestartStuckChecker
DockerUtil,StatsCallback
DockerUtil,StatusReporter
DockerUtil,Constants
DockerUtil,Configuration
DockerUtil,LoggingService
ProcessManager,Client
ProcessManager,IOFogModule
ProcessManager,StraceDiagnosticManager
ProcessManager,AgentSystemException
ProcessManager,FieldAgentStatus
ProcessManager,Message
ProcessManager,Microservice
ProcessManager,MicroserviceManager
ProcessManager,MicroserviceStatus
ProcessManager,Registry
ProcessManager,ContainerManager
ProcessManager,ContainerTask
ProcessManager,DockerUtil
ProcessManager,ProcessManagerStatus
ProcessManager,StatusReporter
ProcessManager,SupervisorStatus
ProcessManager,Constants
ProcessManager,Configuration
ProcessManager,LoggingService
ProcessManagerStatus,Message
ProcessManagerStatus,MicroserviceManager
ProcessManagerStatus,MicroserviceStatus
TaskComparator,ContainerTask
TaskManager,ContainerTask
SshConnection,Message
SshProxyManager,Message
SshProxyManager,SshConnection
SshProxyManager,SshProxyManagerStatus
SshProxyManager,StatusReporter
SshProxyManager,Configuration
SshProxyManager,LoggingService
SshProxyManagerStatus,Message
DockerPruningManager,AgentSystemException
DockerPruningManager,Message
DockerPruningManager,Microservice
DockerPruningManager,MicroserviceManager
DockerPruningManager,DockerUtil
DockerPruningManager,ResourceConsumptionManagerStatus
DockerPruningManager,StatusReporter
DockerPruningManager,Configuration
DockerPruningManager,LoggingService
ResourceConsumptionManager,IOFogModule
ResourceConsumptionManager,AgentSystemException
ResourceConsumptionManager,Message
ResourceConsumptionManager,ResourceConsumptionManagerStatus
ResourceConsumptionManager,StatusReporter
ResourceConsumptionManager,Constants
ResourceConsumptionManager,Configuration
ResourceConsumptionManager,Pair
ResourceManager,IOFogModule
ResourceManager,AgentSystemException
ResourceManager,FieldAgent
ResourceManager,Message
ResourceManager,Constants
ResourceManager,Configuration
ResourceManager,LoggingService
StatusReporter,AgentSystemException
StatusReporter,FieldAgentStatus
StatusReporter,LocalApiStatus
StatusReporter,Message
StatusReporter,MessageBusStatus
StatusReporter,ProcessManagerStatus
StatusReporter,SshProxyManagerStatus
StatusReporter,ResourceConsumptionManagerStatus
StatusReporter,ResourceManagerStatus
StatusReporter,StatusReporterStatus
StatusReporter,SupervisorStatus
StatusReporter,Constants
StatusReporter,Configuration
StatusReporter,LoggingService
Supervisor,IOFogModule
Supervisor,AgentSystemException
Supervisor,FieldAgent
Supervisor,LocalApi
Supervisor,LocalApiStatus
Supervisor,Message
Supervisor,MessageBus
Supervisor,IOFogNetworkInterfaceManager
Supervisor,ProcessManager
Supervisor,DockerPruningManager
Supervisor,ResourceConsumptionManager
Supervisor,ResourceManager
Supervisor,StatusReporter
Supervisor,SupervisorStatus
Supervisor,Tracker
Supervisor,TrackingInfoUtils
Supervisor,Constants
Supervisor,Configuration
Supervisor,LoggingService
SupervisorStatus,Constants
Tracker,IOFogModule
Tracker,AgentSystemException
Tracker,Message
Tracker,TimeLoggerTask
Tracker,SenderTask
Tracker,TrackingEvent
Tracker,TrackingEventsStorage
Tracker,Constants
Tracker,LoggingService
TimeLoggerTask,Constants
SenderTask,Client
SenderTask,AgentSystemException
SenderTask,FieldAgent
SenderTask,FieldAgentStatus
SenderTask,Message
SenderTask,StatusReporter
SenderTask,TrackingEvent
SenderTask,Constants
TrackingEvent,AgentSystemException
TrackingEvent,LoggingService
TrackingEventsStorage,TrackingEvent
TrackingInfoUtils,AgentSystemException
TrackingInfoUtils,FieldAgentStatus
TrackingInfoUtils,StatusReporter
TrackingInfoUtils,CmdProperties
TrackingInfoUtils,Configuration
TrackingInfoUtils,LoggingService
CmdProperties,Message
CmdProperties,LoggingService
Orchestrator,Client
Orchestrator,AgentSystemException
Orchestrator,AgentUserException
Orchestrator,Message
Orchestrator,IOFogNetworkInterface
Orchestrator,IOFogNetworkInterfaceManager
Orchestrator,Configuration
Orchestrator,LoggingService
Orchestrator,TrustManagers
Configuration,AgentSystemException
Configuration,AgentUserException
Configuration,FieldAgent
Configuration,GpsWebHandler
Configuration,Message
Configuration,MessageBus
Configuration,IOFogNetworkInterface
Configuration,IOFogNetworkInterfaceManager
Configuration,ProcessManager
Configuration,ResourceConsumptionManager
Configuration,Supervisor
Configuration,Tracker
Configuration,TrackingInfoUtils
Configuration,Constants
Configuration,ConfigurationItemException
Configuration,LoggingService
Either,Left
Either,Right
Functions,Either
Left,Right
Pair,Functions
Right,Left
LogFormatter,Message
LogFormatter,IOFogNetworkInterface
LogFormatter,IOFogNetworkInterfaceManager
LogFormatter,Configuration
LoggingService,Client
LoggingService,Message
LoggingService,Constants
LoggingService,Configuration
LoggingService,LogFormatter
CommandLineActionTest,AgentUserException
CommandLineActionTest,FieldAgent
CommandLineActionTest,Message
CommandLineActionTest,StatusReporter
CommandLineActionTest,Tracker
CommandLineActionTest,CmdProperties
CommandLineActionTest,Orchestrator
CommandLineActionTest,Configuration
CommandLineActionTest,LoggingService
CommandLineParserTest,CommandLineParser
CommandLineParserTest,AgentUserException
CommandLineParserTest,FieldAgent
CommandLineParserTest,Tracker
CommandShellExecutorTest,CommandShellExecutor
CommandShellExecutorTest,CommandShellExecutor
CommandShellResultSetTest,CommandShellResultSet
CommandShellResultSetTest,CommandShellResultSet
ImageDownloadManagerTest,Client
ImageDownloadManagerTest,CommandShellExecutor
ImageDownloadManagerTest,ImageDownloadManager
ImageDownloadManagerTest,DockerUtil
ImageDownloadManagerTest,Orchestrator
ImageDownloadManagerTest,Configuration
ImageDownloadManagerTest,LoggingService
ImageDownloadManagerTest,CommandShellExecutor
MicroserviceStraceDataTest,MicroserviceStraceData
StraceDiagnosticManagerTest,CommandShellExecutor
StraceDiagnosticManagerTest,MicroserviceStraceData
StraceDiagnosticManagerTest,StraceDiagnosticManager
StraceDiagnosticManagerTest,LoggingService
StraceDiagnosticManagerTest,CommandShellExecutor
EdgeResourceManagerTest,EdgeResource
EdgeResourceManagerTest,EdgeResourceManager
EdgeResourceManagerTest,ResourceManager
EdgeResourceManagerTest,ResourceManagerTest
FieldAgentStatusTest,FieldAgentStatus
FieldAgentStatusTest,Constants
FieldAgentTest,CommandShellExecutor
FieldAgentTest,EdgeResourceManager
FieldAgentTest,AgentSystemException
FieldAgentTest,AgentUserException
FieldAgentTest,FieldAgent
FieldAgentTest,FieldAgentStatus
FieldAgentTest,VersionHandler
FieldAgentTest,LocalApi
FieldAgentTest,MessageBus
FieldAgentTest,MessageBusStatus
FieldAgentTest,MicroserviceManager
FieldAgentTest,MicroserviceStatus
FieldAgentTest,IOFogNetworkInterfaceManager
FieldAgentTest,ProcessManager
FieldAgentTest,ProcessManagerStatus
FieldAgentTest,SshConnection
FieldAgentTest,SshProxyManager
FieldAgentTest,SshProxyManagerStatus
FieldAgentTest,ResourceConsumptionManagerStatus
FieldAgentTest,ResourceManager
FieldAgentTest,ResourceManagerStatus
FieldAgentTest,StatusReporter
FieldAgentTest,StatusReporterStatus
FieldAgentTest,SupervisorStatus
FieldAgentTest,Constants
FieldAgentTest,Orchestrator
FieldAgentTest,Configuration
FieldAgentTest,LoggingService
FieldAgentTest,CommandShellExecutor
VersionHandlerTest,CommandShellExecutor
VersionHandlerTest,VersionHandler
VersionHandlerTest,LoggingService
VersionHandlerTest,CommandShellExecutor
VersionCommandTest,UnknownVersionCommandException
ApiHandlerHelpersTest,ApiHandlerHelpers
ApiHandlerHelpersTest,LoggingService
BluetoothApiHandlerTest,BluetoothApiHandler
BluetoothApiHandlerTest,LoggingService
CommandLineApiHandlerTest,CommandLineParser
CommandLineApiHandlerTest,AgentUserException
CommandLineApiHandlerTest,ApiHandlerHelpers
CommandLineApiHandlerTest,CommandLineApiHandler
CommandLineApiHandlerTest,Message
CommandLineApiHandlerTest,LoggingService
ConfigApiHandlerTest,CommandLineParser
ConfigApiHandlerTest,ApiHandlerHelpers
ConfigApiHandlerTest,ConfigApiHandler
ConfigApiHandlerTest,Message
ConfigApiHandlerTest,Configuration
ConfigApiHandlerTest,LoggingService
ControlSignalSentInfoTest,ControlSignalSentInfo
ControlWebsocketHandlerTest,ControlWebsocketHandler
ControlWebsocketHandlerTest,LocalApiStatus
ControlWebsocketHandlerTest,WebSocketMap
ControlWebsocketHandlerTest,WebsocketUtil
ControlWebsocketHandlerTest,StatusReporter
ControlWebsocketHandlerTest,LoggingService
ControlWebsocketWorkerTest,ControlSignalSentInfo
ControlWebsocketWorkerTest,ControlWebsocketWorker
ControlWebsocketWorkerTest,LocalApiStatus
ControlWebsocketWorkerTest,WebSocketMap
ControlWebsocketWorkerTest,WebsocketUtil
ControlWebsocketWorkerTest,StatusReporter
ControlWebsocketWorkerTest,LoggingService
DeprovisionApiHandlerTest,FieldAgent
DeprovisionApiHandlerTest,ApiHandlerHelpers
DeprovisionApiHandlerTest,DeprovisionApiHandler
DeprovisionApiHandlerTest,Message
DeprovisionApiHandlerTest,LoggingService
GetConfigurationHandlerTest,ApiHandlerHelpers
GetConfigurationHandlerTest,ConfigurationMap
GetConfigurationHandlerTest,GetConfigurationHandler
GetConfigurationHandlerTest,LoggingService
GpsApiHandlerTest,ApiHandlerHelpers
GpsApiHandlerTest,GpsApiHandler
GpsApiHandlerTest,Message
GpsApiHandlerTest,Configuration
GpsApiHandlerTest,LoggingService
InfoApiHandlerTest,ApiHandlerHelpers
InfoApiHandlerTest,InfoApiHandler
InfoApiHandlerTest,Configuration
InfoApiHandlerTest,LoggingService
LocalApiServerPipelineFactoryTest,LocalApiServerHandler
LocalApiServerPipelineFactoryTest,LocalApiServerPipelineFactory
LocalApiServerPipelineFactoryTest,LoggingService
LocalApiServerTest,ControlWebsocketWorker
LocalApiServerTest,LocalApiServer
LocalApiServerTest,LocalApiServerPipelineFactory
LocalApiServerTest,MessageWebsocketWorker
LocalApiServerTest,LoggingService
LocalApiStatusTest,LocalApiStatus
LogApiHandlerTest,ApiHandlerHelpers
LogApiHandlerTest,LogApiHandler
LogApiHandlerTest,Message
LogApiHandlerTest,Configuration
LogApiHandlerTest,LoggingService
MessageCallbackTest,MessageCallback
MessageCallbackTest,MessageWebsocketHandler
MessageCallbackTest,Message
IOMessageListenerTest,MessageCallback
IOMessageListenerTest,IOMessageListener
IOMessageListenerTest,Message
IOMessageListenerTest,LoggingService
MessageArchiveTest,MessageArchive
MessageArchiveTest,Configuration
MessageArchiveTest,LoggingService
MessageBusServerTest,Message
MessageBusServerTest,MessageBusServer
MessageBusServerTest,Configuration
MessageBusServerTest,LoggingService
MessageBusStatusTest,MessageBusStatus
MessageBusStatusTest,Microservice
MessageBusTest,MessageBus
MessageBusTest,MessageBusServer
MessageBusTest,MessageBusStatus
MessageBusTest,MessagePublisher
MessageBusTest,MessageReceiver
MessageBusTest,Microservice
MessageBusTest,MicroserviceManager
MessageBusTest,Route
MessageBusTest,ResourceConsumptionManager
MessageBusTest,StatusReporter
MessageBusTest,SupervisorStatus
MessageBusTest,Constants
MessageBusTest,Orchestrator
MessageBusTest,LoggingService
MessageBusUtilTest,Message
MessageBusUtilTest,MessageBus
MessageBusUtilTest,MessageBusStatus
MessageBusUtilTest,MessageBusUtil
MessageBusUtilTest,MessagePublisher
MessageBusUtilTest,MessageReceiver
MessageBusUtilTest,Route
MessageBusUtilTest,StatusReporter
MessageBusUtilTest,LoggingService
MessageIdGeneratorTest,MessageIdGenerator
MessagePublisherTest,Message
MessagePublisherTest,MessageArchive
MessagePublisherTest,MessageBusServer
MessagePublisherTest,MessagePublisher
MessagePublisherTest,Route
MessagePublisherTest,LoggingService
MessageReceiverTest,MessageCallback
MessageReceiverTest,IOMessageListener
MessageReceiverTest,Message
MessageReceiverTest,MessageReceiver
MessageReceiverTest,LoggingService
MessageTest,Message
MessageTest,LoggingService
ContainerManagerTest,AgentSystemException
ContainerManagerTest,Microservice
ContainerManagerTest,MicroserviceManager
ContainerManagerTest,Registry
ContainerManagerTest,IOFogNetworkInterfaceManager
ContainerManagerTest,ContainerManager
ContainerManagerTest,ContainerTask
ContainerManagerTest,DockerUtil
ContainerManagerTest,ProcessManagerStatus
ContainerManagerTest,StatusReporter
ContainerManagerTest,LoggingService
ContainerTaskTest,ContainerTask
DockerUtilTest,Client
DockerUtilTest,AgentSystemException
DockerUtilTest,Microservice
DockerUtilTest,MicroserviceStatus
DockerUtilTest,PortMapping
DockerUtilTest,Registry
DockerUtilTest,VolumeMapping
DockerUtilTest,DockerUtil
DockerUtilTest,ProcessManagerStatus
DockerUtilTest,RestartStuckChecker
DockerUtilTest,StatsCallback
DockerUtilTest,StatusReporter
DockerUtilTest,Constants
DockerUtilTest,Configuration
DockerUtilTest,LoggingService
ProcessManagerStatusTest,MicroserviceManager
ProcessManagerStatusTest,MicroserviceStatus
ProcessManagerStatusTest,Registry
ProcessManagerStatusTest,ProcessManagerStatus
ProcessManagerTest,Client
ProcessManagerTest,StraceDiagnosticManager
ProcessManagerTest,AgentSystemException
ProcessManagerTest,FieldAgentStatus
ProcessManagerTest,Microservice
ProcessManagerTest,MicroserviceManager
ProcessManagerTest,MicroserviceStatus
ProcessManagerTest,ContainerManager
ProcessManagerTest,ContainerTask
ProcessManagerTest,DockerUtil
ProcessManagerTest,ProcessManager
ProcessManagerTest,ProcessManagerStatus
ProcessManagerTest,StatusReporter
ProcessManagerTest,SupervisorStatus
ProcessManagerTest,Constants
ProcessManagerTest,Configuration
ProcessManagerTest,LoggingService
RestartStuckCheckerTest,RestartStuckChecker
StatsCallbackTest,StatsCallback
DockerPruningManagerTest,Microservice
DockerPruningManagerTest,MicroserviceManager
DockerPruningManagerTest,DockerUtil
DockerPruningManagerTest,DockerPruningManager
DockerPruningManagerTest,LoggingService
ResourceConsumptionManagerStatusTest,ResourceConsumptionManagerStatus
ResourceConsumptionManagerTest,CommandShellExecutor
ResourceConsumptionManagerTest,ResourceConsumptionManager
ResourceConsumptionManagerTest,StatusReporter
ResourceConsumptionManagerTest,Constants
ResourceConsumptionManagerTest,Configuration
ResourceConsumptionManagerTest,LoggingService
ResourceConsumptionManagerTest,CommandShellExecutor
ResourceManagerStatusTest,ResourceManagerStatus
ResourceManagerTest,FieldAgent
ResourceManagerTest,ResourceManager
ResourceManagerTest,Constants
ResourceManagerTest,LoggingService
StatusReporterStatusTest,StatusReporterStatus
StatusReporterTest,FieldAgentStatus
StatusReporterTest,LocalApiStatus
StatusReporterTest,MessageBusStatus
StatusReporterTest,ProcessManagerStatus
StatusReporterTest,SshProxyManagerStatus
StatusReporterTest,ResourceConsumptionManagerStatus
StatusReporterTest,ResourceManagerStatus
StatusReporterTest,StatusReporter
StatusReporterTest,StatusReporterStatus
StatusReporterTest,SupervisorStatus
StatusReporterTest,Configuration
StatusReporterTest,LoggingService
SupervisorStatusTest,SupervisorStatus
SupervisorStatusTest,Constants
SupervisorTest,IOFogModule
SupervisorTest,FieldAgent
SupervisorTest,LocalApi
SupervisorTest,LocalApiStatus
SupervisorTest,MessageBus
SupervisorTest,IOFogNetworkInterfaceManager
SupervisorTest,DockerUtil
SupervisorTest,ProcessManager
SupervisorTest,DockerPruningManager
SupervisorTest,ResourceConsumptionManager
SupervisorTest,ResourceManager
SupervisorTest,StatusReporter
SupervisorTest,Supervisor
SupervisorTest,SupervisorStatus
SupervisorTest,Tracker
SupervisorTest,LoggingService
TrackerTest,Client
TrackerTest,Tracker
TrackerTest,Constants
TrackerTest,LoggingService
TrackingEventsStorageTest,TrackingEvent
TrackingEventsStorageTest,TrackingEventsStorage
TrackingEventTest,AgentSystemException
TrackingEventTest,TrackingEvent
TrackingEventTest,LoggingService
TrackingInfoUtilsTest,FieldAgentStatus
TrackingInfoUtilsTest,StatusReporter
TrackingInfoUtilsTest,TrackingInfoUtils
TrackingInfoUtilsTest,CmdProperties
TrackingInfoUtilsTest,Constants
TrackingInfoUtilsTest,Configuration
TrackingInfoUtilsTest,LoggingService
CmdPropertiesTest,Message
CmdPropertiesTest,CmdProperties
OrchestratorTest,Client
OrchestratorTest,AgentSystemException
OrchestratorTest,AgentUserException
OrchestratorTest,FieldAgent
OrchestratorTest,IOFogNetworkInterfaceManager
OrchestratorTest,Orchestrator
OrchestratorTest,Configuration
OrchestratorTest,LoggingService
OrchestratorTest,TrustManagers
ConfigurationTest,FieldAgent
ConfigurationTest,GpsWebHandler
ConfigurationTest,MessageBus
ConfigurationTest,IOFogNetworkInterface
ConfigurationTest,IOFogNetworkInterfaceManager
ConfigurationTest,ProcessManager
ConfigurationTest,ResourceConsumptionManager
ConfigurationTest,Supervisor
ConfigurationTest,Constants
ConfigurationTest,Configuration
ConfigurationTest,LoggingService
LogFormatterTest,Message
LogFormatterTest,IOFogNetworkInterfaceManager
LogFormatterTest,Configuration
LogFormatterTest,LogFormatter
LoggingServiceTest,Client
LoggingServiceTest,Message
LoggingServiceTest,CmdProperties
LoggingServiceTest,Configuration
LoggingServiceTest,LoggingService
Main,CommandShellExecutor
Main,CommandShellExecutor
