Index,TermEntry
Index,URIEntry
Library,Index
Library,BookmarkCallback
Library,Version
Library,ProtoIndex
Library,ProtoIndexSerialiser
Library,URLUpdateHook
Library,Util
Library,XMLIndex
Library,Serialiser
Library,Node
BookmarkCallback,Index
BookmarkCallback,Library
BookmarkCallback,ProtoIndex
BookmarkCallback,ProtoIndexSerialiser
BookmarkCallback,XMLIndex
BookmarkCallback,Builder
BookmarkCallback,ObjectStreamReader
BookmarkCallback,ObjectStreamWriter
BookmarkCallback,Archiver
BookmarkCallback,Serialiser
BookmarkCallback,InvalidSearchException
BookmarkCallback,Node
BookmarkCallback,Progress
BookmarkCallback,TaskAbortException
Main,Library
Main,SpiderIndexUploader
Main,Version
Main,Builder
Main,Search
Main,WebInterface
Main,Node
Main,Executors
SpiderIndexUploader,Index
SpiderIndexUploader,Main
SpiderIndexUploader,SpiderIndexURIs
SpiderIndexUploader,FreenetArchiver
SpiderIndexUploader,ProtoIndex
SpiderIndexUploader,ProtoIndexComponentSerialiser
SpiderIndexUploader,ProtoIndexSerialiser
SpiderIndexUploader,TermEntry
SpiderIndexUploader,TermEntryReaderWriter
SpiderIndexUploader,Util
SpiderIndexUploader,Archiver
SpiderIndexUploader,Serialiser
SpiderIndexUploader,Node
SpiderIndexUploader,TaskAbortExceptionConvertor
SpiderIndexUploader,ExceptionConvertor
SpiderIndexUploader,Progress
SpiderIndexUploader,SimpleProgress
SpiderIndexUploader,TaskAbortException
SpiderIndexUploader,Closure
VirtualIndex,Index
WriteableIndex,Index
WriteableIndex,TermEntry
WriteableIndex,URIEntry
FreenetArchiver,PushCallback
FreenetArchiver,SimpleProgressUpdater
FreenetArchiver,ObjectStreamReader
FreenetArchiver,ObjectStreamWriter
FreenetArchiver,Archiver
FreenetArchiver,Progress
FreenetArchiver,ProgressParts
FreenetArchiver,SimpleProgress
FreenetArchiver,TaskAbortException
PushCallback,Library
PushCallback,FreenetArchiver
PushCallback,Util
PushCallback,Archiver
PushCallback,Progress
PushCallback,SimpleProgress
PushCallback,TaskAbortException
SimpleProgressUpdater,Util
SimpleProgressUpdater,Progress
SimpleProgressUpdater,SimpleProgress
SimpleProgressUpdater,TaskAbortException
ProtoIndex,Index
ProtoIndex,getTermEntriesHandler
ProtoIndex,ProtoIndexComponentSerialiser
ProtoIndex,ProtoIndexSerialiser
ProtoIndex,TermEntry
ProtoIndex,URIEntry
ProtoIndex,URIKey
ProtoIndex,Serialiser
ProtoIndex,Executors
ProtoIndex,Progress
getTermEntriesHandler,TermEntry
getTermEntriesHandler,TermPageEntry
getTermEntriesHandler,ProgressTracker
getTermEntriesHandler,Serialiser
getTermEntriesHandler,Trackable
getTermEntriesHandler,DataNotLoadedException
getTermEntriesHandler,Skeleton
getTermEntriesHandler,ChainedProgress
getTermEntriesHandler,Progress
getTermEntriesHandler,ProgressParts
getTermEntriesHandler,TaskAbortException
ProtoIndexComponentSerialiser,Index
ProtoIndexComponentSerialiser,Library
ProtoIndexComponentSerialiser,FreenetArchiver
ProtoIndexComponentSerialiser,ProtoIndex
ProtoIndexComponentSerialiser,TermEntry
ProtoIndexComponentSerialiser,URIEntry
ProtoIndexComponentSerialiser,URIKey
ProtoIndexComponentSerialiser,DataFormatException
ProtoIndexComponentSerialiser,YamlReaderWriter
ProtoIndexComponentSerialiser,Archiver
ProtoIndexComponentSerialiser,Packer
ProtoIndexComponentSerialiser,Serialiser
ProtoIndexComponentSerialiser,Translator
ProtoIndexComponentSerialiser,BTreeMap
ProtoIndexComponentSerialiser,BTreeSet
ProtoIndexComponentSerialiser,SkeletonBTreeMap
ProtoIndexComponentSerialiser,NodeTranslator
ProtoIndexComponentSerialiser,SkeletonBTreeSet
ProtoIndexComponentSerialiser,Progress
ProtoIndexComponentSerialiser,SimpleProgress
TreeMapTranslator,DataFormatException
TreeMapTranslator,Translator
TreeMapTranslator,SkeletonTreeMap
BTreeNodeSerialiser,DataFormatException
BTreeNodeSerialiser,Serialiser
BTreeNodeSerialiser,Translator
BTreeNodeSerialiser,BTreeMap
BTreeNodeSerialiser,Node
BTreeNodeSerialiser,SkeletonBTreeMap
BTreeNodeSerialiser,SkeletonNode
BTreeNodeSerialiser,GhostNode
BTreeNodeSerialiser,Progress
BTreeNodeSerialiser,SimpleProgress
BTreeNodeSerialiser,TaskAbortException
BTreePacker,SubProgress
BTreePacker,Packer
BTreePacker,ProgressTracker
BTreePacker,Serialiser
BTreePacker,BaseCompositeProgress
BTreePacker,CompositeProgress
BTreePacker,Progress
BTreePacker,ProgressParts
BTreePacker,TaskInProgressException
EntryGroupSerialiser,DataFormatException
EntryGroupSerialiser,Serialiser
EntryGroupSerialiser,Progress
EntryGroupSerialiser,SimpleProgress
EntryGroupSerialiser,TaskAbortException
ProtoIndexSerialiser,Index
ProtoIndexSerialiser,Library
ProtoIndexSerialiser,ProtoIndex
ProtoIndexSerialiser,ProtoIndexComponentSerialiser
ProtoIndexSerialiser,IndexTranslator
ProtoIndexSerialiser,DataFormatException
ProtoIndexSerialiser,YamlReaderWriter
ProtoIndexSerialiser,Archiver
ProtoIndexSerialiser,Serialiser
ProtoIndexSerialiser,Translator
ProtoIndexSerialiser,Progress
ProtoIndexSerialiser,SimpleProgress
ProtoIndexSerialiser,TaskAbortException
IndexTranslator,Index
IndexTranslator,ProtoIndex
IndexTranslator,ProtoIndexComponentSerialiser
IndexTranslator,TermEntry
IndexTranslator,URIEntry
IndexTranslator,URIKey
IndexTranslator,DataFormatException
IndexTranslator,Serialiser
IndexTranslator,Translator
IndexTranslator,BTreeMap
IndexTranslator,SkeletonBTreeMap
IndexTranslator,Progress
IndexTranslator,SimpleProgress
TermEntryReaderWriter,TermEntry
TermEntryReaderWriter,TermIndexEntry
TermEntryReaderWriter,TermPageEntry
TermEntryReaderWriter,TermTermEntry
TermEntryReaderWriter,DataFormatException
TermIndexEntry,TermEntry
TermPageEntry,TermEntry
TermTermEntry,TermEntry
FindRequest,TermEntry
FindRequest,TermPageEntry
FindRequest,SubProgress
FindRequest,ChainedProgress
FindRequest,Execution
FindRequest,Progress
FindRequest,ProgressParts
FindRequest,TaskAbortException
LibrarianHandler,TermPageEntry
LibrarianHandler,FindRequest
LibrarianHandler,Builder
V1Handler,Version
V1Handler,Builder
XMLIndex,Index
XMLIndex,Library
XMLIndex,Version
XMLIndex,TermEntry
XMLIndex,URIEntry
XMLIndex,FindRequest
XMLIndex,MainIndexParser
XMLIndex,URLUpdateHook
XMLIndex,Util
XMLIndex,SubIndex
XMLIndex,InvalidSearchException
XMLIndex,Search
XMLIndex,Node
XMLIndex,TaskAbortException
SubIndex,Index
SubIndex,Library
SubIndex,TermPageEntry
SubIndex,FindRequest
SubIndex,Util
SubIndex,WordMatch
SubIndex,FileMatch
SubIndex,StageTwoHandler
SubIndex,StageThreeHandler
SubIndex,Builder
SubIndex,Node
SubIndex,TaskAbortException
YamlReaderWriter,TermEntry
YamlReaderWriter,TermIndexEntry
YamlReaderWriter,TermPageEntry
YamlReaderWriter,TermTermEntry
YamlReaderWriter,DataFormatException
YamlReaderWriter,ObjectStreamReader
YamlReaderWriter,ObjectStreamWriter
YamlReaderWriter,ExtendedRepresenter
YamlReaderWriter,ExtendedConstructor
YamlReaderWriter,ExtendedRepresenter
YamlReaderWriter,ExtendedConstructor
ExtendedRepresenter,TermEntry
ExtendedRepresenter,TermIndexEntry
ExtendedRepresenter,TermPageEntry
ExtendedRepresenter,TermTermEntry
ExtendedRepresenter,RepresentTermEntry
ExtendedRepresenter,Packer
ExtendedRepresenter,BinInfo
ExtendedRepresenter,Node
RepresentTermEntry,TermEntry
RepresentTermEntry,Node
ExtendedConstructor,TermEntry
ExtendedConstructor,ConstructTermEntry
ExtendedConstructor,ConstructorException
ExtendedConstructor,Packer
ExtendedConstructor,BinInfo
ExtendedConstructor,Node
ConstructTermEntry,TermEntry
ConstructTermEntry,ConstructorException
ConstructTermEntry,Node
FileArchiver,Builder
FileArchiver,ObjectStreamReader
FileArchiver,ObjectStreamWriter
FileArchiver,Archiver
FileArchiver,Progress
FileArchiver,SimpleProgress
FileArchiver,TaskAbortException
LiveArchiver,Progress
Packer,IDGenerator
Packer,Serialiser
Packer,TaskAbortException
Packer,TaskCompleteException
Bin,DummyBin
Bin,IdentityComparator
DummyBin,Bin
DummyBin,IdentityComparator
Scale,BinInfo
ParallelSerialiser,Serialiser
ParallelSerialiser,Task
ParallelSerialiser,TaskAbortExceptionConvertor
ParallelSerialiser,ExceptionConvertor
ParallelSerialiser,Executors
ParallelSerialiser,Progress
ParallelSerialiser,TaskAbortException
ParallelSerialiser,TaskCompleteException
ParallelSerialiser,TaskInProgressException
ParallelSerialiser,X2
ProgressTracker,Progress
ProgressTracker,TaskInProgressException
ScheduledSerialiser,TaskAbortException
PullTask,Task
PushTask,Task
Trackable,Progress
Translate,Translator
Composite,Serialiser
ResultSet,TermEntry
ResultSet,TermIndexEntry
ResultSet,TermPageEntry
ResultSet,TermTermEntry
ResultSet,ResultIterator
ResultSet,TaskAbortException
Search,Library
Search,TermEntry
Search,Util
Search,InvalidSearchException
Search,ResultSet
Search,SearchUtil
Search,ResultNodeGenerator
Search,Node
Search,CompositeProgress
Search,Progress
Search,TaskAbortException
SearchTokenizer,Builder
SearchUtil,Util
IndexQuery,Index
Interdex,Index
InterdexQuery,Index
InterdexQuery,TermEntry
InterdexQuery,TermIndexEntry
InterdexQuery,TermTermEntry
InterdexQuery,IndexQuery
InterdexQuery,TermResults
MainPageToadlet,Library
MainPageToadlet,L10nString
MainPageToadlet,MainPage
MainPageToadlet,Node
RelevanceComparator,TermEntry
ResultNodeGenerator,Version
ResultNodeGenerator,TermEntry
ResultNodeGenerator,TermIndexEntry
ResultNodeGenerator,TermPageEntry
ResultNodeGenerator,TermTermEntry
ResultNodeGenerator,RelevanceComparator
ResultNodeGenerator,TermPageGroupEntry
ResultNodeGenerator,Node
StaticToadlet,Library
TermPageGroupEntry,TermEntry
TermPageGroupEntry,TermPageEntry
TermPageGroupEntry,RelevanceComparator
TestInterface,Index
TestInterface,Library
TestInterface,Search
TestInterface,Execution
WebInterface,Library
WebInterface,MainPageToadlet
WebInterface,StaticToadlet
WebInterface,Node
BTreeMap,Node
BTreeMap,Sorted
Node,Builder
Node,BTreeMap
Node,Integers
Node,Sorted
BytePrefixKey,Builder
BytePrefixKey,PrefixKey
DataNotLoadedException,Skeleton
KeyEntry,Maps
PrefixTree,Index
PrefixTree,Node
PrefixTree,PrefixKey
Skeleton,Serialiser
SkeletonBTreeMap,Serialiser
SkeletonBTreeMap,BTreeMap
SkeletonBTreeMap,Node
SkeletonBTreeMap,SkeletonNode
SkeletonBTreeMap,GhostNode
SkeletonNode,DataFormatException
SkeletonNode,Serialiser
SkeletonNode,Task
SkeletonNode,PullTask
SkeletonNode,Node
SkeletonNode,Skeleton
SkeletonNode,GhostNode
SkeletonNode,TaskAbortException
SkeletonNode,TaskCompleteException
GhostNode,Library
GhostNode,SubProgress
GhostNode,DataFormatException
GhostNode,ProgressTracker
GhostNode,ScheduledSerialiser
GhostNode,Serialiser
GhostNode,Task
GhostNode,PullTask
GhostNode,PushTask
GhostNode,Trackable
GhostNode,Translator
GhostNode,BTreeMap
GhostNode,Node
GhostNode,DataNotLoadedException
GhostNode,Skeleton
GhostNode,SkeletonBTreeMap
GhostNode,SkeletonNode
GhostNode,DeflateNode
GhostNode,SplitNode
GhostNode,InflateChildNodes
GhostNode,NodeTranslator
GhostNode,SkeletonTreeMap
GhostNode,Sorted
GhostNode,TaskAbortExceptionConvertor
GhostNode,ExceptionConvertor
GhostNode,Executors
GhostNode,Notifier
GhostNode,ObjectProcessor
GhostNode,Sweeper
GhostNode,BaseCompositeProgress
GhostNode,CompositeProgress
GhostNode,Progress
GhostNode,ProgressParts
GhostNode,TaskAbortException
GhostNode,TaskCompleteException
GhostNode,TaskInProgressException
DeflateNode,DataFormatException
DeflateNode,Translator
DeflateNode,Node
DeflateNode,SkeletonNode
DeflateNode,GhostNode
DeflateNode,NodeTranslator
SplitNode,DataFormatException
SplitNode,Translator
SplitNode,BTreeMap
SplitNode,Node
SplitNode,SkeletonBTreeMap
SplitNode,SkeletonNode
SplitNode,NodeTranslator
SplitNode,TreeTranslator
SplitNode,TreeTranslator
SplitNode,TaskAbortException
SkeletonBTreeSet,Library
SkeletonBTreeSet,Serialiser
SkeletonBTreeSet,Translator
SkeletonBTreeSet,Node
SkeletonBTreeSet,BTreeSet
SkeletonBTreeSet,SkeletonNode
SkeletonBTreeSet,NodeTranslator
SkeletonBTreeSet,TaskAbortExceptionConvertor
SkeletonBTreeSet,ExceptionConvertor
SkeletonBTreeSet,BaseCompositeProgress
SkeletonBTreeSet,CompositeProgress
SkeletonBTreeSet,Progress
SkeletonBTreeSet,TaskAbortException
TreeTranslator,DataFormatException
TreeTranslator,Translator
TreeTranslator,BTreeMap
TreeTranslator,SkeletonBTreeMap
SkeletonMap,Serialiser
SkeletonTreeMap,DataFormatException
SkeletonTreeMap,Serialiser
SkeletonTreeMap,BTreeSet
SkeletonTreeMap,SkeletonBTreeSet
SkeletonTreeMap,TaskAbortException
SkeletonTreeMap,TaskCompleteException
TreeMapTranslator,DataFormatException
TreeMapTranslator,DataNotLoadedException
TreeMapTranslator,SkeletonTreeMap
TreeMapTranslator,UnwrappingIterator
TreeMapTranslator,UnwrappingSortedSubMap
TreeMapTranslator,UnwrappingEntrySet
UnwrappingIterator,DataNotLoadedException
UnwrappingIterator,SkeletonTreeMap
UnwrappingIterator,UnwrappingEntry
UnwrappingEntry,DataNotLoadedException
UnwrappingEntry,SkeletonTreeMap
UnwrappingSortedSubMap,UnwrappingEntrySet
UnwrappingEntrySet,DataNotLoadedException
UnwrappingEntrySet,SkeletonTreeMap
UnwrappingEntrySet,UnwrappingIterator
SortedKeySet,Integers
SortedArraySet,Search
SortedSetMap,Maps
TaskAbortExceptionConvertor,ExceptionConvertor
TaskAbortExceptionConvertor,TaskAbortException
ObjectProcessor,Notifier
ObjectProcessor,Scheduler
ObjectProcessor,X2
ObjectProcessor,X3
AbstractSweeper,Sweeper
CountingSweeper,Sweeper
TrackingSweeper,Sweeper
AbstractExecution,Execution
AbstractExecution,ProgressParts
AbstractExecution,TaskAbortException
BaseCompositeProgress,SubProgress
BaseCompositeProgress,CompositeProgress
BaseCompositeProgress,Progress
BaseCompositeProgress,ProgressParts
BaseCompositeProgress,TaskAbortException
ChainedProgress,Progress
ChainedProgress,ProgressParts
CompositeProgress,SubProgress
CompositeProgress,Progress
CompositeProgress,ProgressParts
Execution,Progress
ExecutionAcceptor,TaskAbortException
Progress,ProgressParts
ProgressParts,Progress
ProgressParts,TaskAbortException
SimpleProgress,Serialiser
SimpleProgress,Progress
SimpleProgress,ProgressParts
SimpleProgress,TaskAbortException
TaskCompleteException,TaskAbortException
TaskInProgressException,Progress
TaskInProgressException,TaskAbortException
TaskInProgressException,TaskCompleteException
X0,X1
X1,X0
X1,X2
X2,X3
X3,X4
X4,X0
X4,X1
X4,X2
X4,X3
Tester,Index
Tester,Library
Tester,FreenetArchiver
Tester,ProtoIndex
Tester,ProtoIndexComponentSerialiser
Tester,ProtoIndexSerialiser
Tester,TermEntry
Tester,Builder
Tester,YamlReaderWriter
Tester,Archiver
Tester,Serialiser
Tester,TaskAbortExceptionConvertor
Tester,ExceptionConvertor
Tester,Progress
Tester,ProgressParts
Tester,SimpleProgress
Tester,TaskAbortException
Tester,Generators
BIndexTest,Index
BIndexTest,Library
BIndexTest,ProtoIndex
BIndexTest,ProtoIndexComponentSerialiser
BIndexTest,ProtoIndexSerialiser
BIndexTest,TermEntry
BIndexTest,Archiver
BIndexTest,FileArchiver
BIndexTest,Serialiser
BIndexTest,Skeleton
BIndexTest,TaskAbortExceptionConvertor
BIndexTest,ExceptionConvertor
BIndexTest,Progress
BIndexTest,TaskAbortException
BIndexTest,Generators
TermEntryTest,TermEntry
TermEntryTest,TermEntryReaderWriter
TermEntryTest,TermIndexEntry
TermEntryTest,TermPageEntry
TermEntryTest,TermTermEntry
TermEntryTest,YamlReaderWriter
TermEntryTest,Packer
TermEntryTest,BinInfo
TermEntryTest,TaskAbortException
PackerTest,Packer
PackerTest,TaskAbortException
PackerTest,Generators
YamlMapTest,ExtendedRepresenter
YamlMapTest,ExtendedConstructor
YamlMapTest,Bean
YamlMapTest,Wrapper
YamlMapTest,Custom
YamlMapTest,ExtendedRepresenter
YamlMapTest,ExtendedConstructor
Wrapper,Custom
ExtendedRepresenter,Custom
ExtendedRepresenter,RepresentCustom
RepresentCustom,Node
RepresentCustom,Custom
ExtendedConstructor,Custom
ExtendedConstructor,ConstructCustom
ConstructCustom,Node
ConstructCustom,Custom
BTreeMapTest,Skeleton
BTreeMapTest,Generators
BTreeMapTest,SortedMapTestSkeleton
BytePrefixKeyTest,BytePrefixKey
BytePrefixKeyTest,PrefixKey
Generators,TermPageEntry
IntegersTest,Integers
SkeletonTreeMapTest,DataNotLoadedException
SkeletonTreeMapTest,Skeleton
SkeletonTreeMapTest,Generators
SkeletonTreeMapTest,SortedMapTestSkeleton
SortedMapTestSkeleton,Skeleton
SortedMapTestSkeleton,Generators
SortedTest,Sorted
SortedTest,Generators
SweepersTest,CountingSweeper
SweepersTest,Sweeper
SweepersTest,TrackingSweeper
