Axis,Unit
Axis,Fonts
Axis,Helper
Axis,Line
Axis,Helper
AxisBuilder,Axis
AxisBuilder,Unit
CircularPlot,ChartItemParameter
CircularPlot,Key
CircularPlot,Connection
CircularPlot,Item
CircularPlot,PlotItem
CircularPlot,ItemEvent
CircularPlot,ItemEventListener
CircularPlot,Fonts
CircularPlot,Helper
CircularPlot,Point
CircularPlot,Line
CircularPlot,Path
CircularPlot,Helper
CircularPlot,Point
CircularPlotBuilder,CircularPlot
CircularPlotBuilder,Item
CircularPlotBuilder,PlotItem
ComparisonRingChart,ChartItem
ComparisonRingChart,Item
ComparisonRingChart,ItemEventListener
ComparisonRingChart,SelectionEvent
ComparisonRingChart,SelectionEventListener
ComparisonRingChart,Fonts
ComparisonRingChart,InfoPopup
ComparisonRingChart,ChartItemSeries
ComparisonRingChart,Series
ComparisonRingChart,Helper
ComparisonRingChart,InfoPopup
ComparisonRingChart,Helper
ComparisonRingChart,Segment
ComparisonRingChartBuilder,ComparisonRingChart
ComparisonRingChartBuilder,ChartItem
ComparisonRingChartBuilder,Item
ConcentricRingChart,ChartItem
ConcentricRingChart,Item
ConcentricRingChart,ItemEventListener
ConcentricRingChart,SelectionEvent
ConcentricRingChart,SelectionEventListener
ConcentricRingChart,Fonts
ConcentricRingChart,InfoPopup
ConcentricRingChart,Helper
ConcentricRingChart,InfoPopup
ConcentricRingChart,Helper
ConcentricRingChart,Segment
ConcentricRingChartBuilder,ConcentricRingChart
ConcentricRingChartBuilder,ChartItem
ConcentricRingChartBuilder,Item
CoxcombChart,ChartItem
CoxcombChart,Item
CoxcombChart,ItemEvent
CoxcombChart,ItemEventListener
CoxcombChart,SelectionEvent
CoxcombChart,SelectionEventListener
CoxcombChart,InfoPopup
CoxcombChart,Helper
CoxcombChart,InfoPopup
CoxcombChart,Path
CoxcombChart,Helper
CoxcombChart,Segment
CoxcombChartBuilder,CoxcombChart
CoxcombChartBuilder,ChartItem
CoxcombChartBuilder,Item
Grid,Axis
Grid,Helper
Grid,Line
Grid,Helper
GridBuilder,Axis
GridBuilder,Grid
Launcher,Demo
Legend,LegendItem
Legend,Item
Legend,Series
LegendItem,Item
LegendItem,Fonts
LegendItem,CtxDimension
LegendItem,Helper
LegendItem,Line
LegendItem,Path
LegendItem,Helper
MatrixPane,ChartArea
MatrixPane,PixelMatrix
MatrixPane,PixelMatrixBuilder
MatrixPane,XYPane
MatrixPane,YPane
MatrixPane,Item
MatrixPane,MatrixItem
MatrixPane,SeriesEvent
MatrixPane,HeatMap
MatrixPane,Series
MatrixPane,Helper
MatrixPane,Shape
MatrixPane,Helper
NestedBarChart,ChartArea
NestedBarChart,ChartItem
NestedBarChart,Item
NestedBarChart,SelectionEvent
NestedBarChart,SelectionEventListener
NestedBarChart,InfoPopup
NestedBarChart,Series
NestedBarChart,Helper
NestedBarChart,InfoPopup
NestedBarChart,Rectangle
NestedBarChart,Helper
NestedBarChartBuilder,NestedBarChart
NestedBarChartBuilder,ChartItem
NestedBarChartBuilder,Item
NestedBarChartBuilder,Series
ParallelCoordinatesChart,Axis
ParallelCoordinatesChart,Category
ParallelCoordinatesChart,Key
ParallelCoordinatesChart,Unit
ParallelCoordinatesChart,ChartItem
ParallelCoordinatesChart,DataObject
ParallelCoordinatesChart,Item
ParallelCoordinatesChart,ChartEvent
ParallelCoordinatesChart,ChartEventListener
ParallelCoordinatesChart,ItemEvent
ParallelCoordinatesChart,ItemEventListener
ParallelCoordinatesChart,CtxBounds
ParallelCoordinatesChart,Helper
ParallelCoordinatesChart,Line
ParallelCoordinatesChart,Path
ParallelCoordinatesChart,Rectangle
ParallelCoordinatesChart,Helper
Key,Category
Key,DataObject
ParallelCoordinatesChartBuilder,ParallelCoordinatesChart
ParallelCoordinatesChartBuilder,DataObject
PixelMatrix,PixelMatrixEvent
PixelMatrix,PixelMatrixEventListener
PixelMatrix,CtxBounds
PixelMatrix,CtxCornerRadii
PixelMatrix,Helper
PixelMatrix,Rectangle
PixelMatrix,Shape
PixelMatrix,Helper
PixelMatrixBuilder,PixelMatrix
PixelMatrixBuilder,Shape
PolarChart,XYPane
PolarChart,YPane
PolarChart,Item
PolarChart,XYItem
PolarChart,YItem
SankeyPlot,PlotItemData
SankeyPlot,Item
SankeyPlot,PlotItem
SankeyPlot,ItemEvent
SankeyPlot,ItemEventListener
SankeyPlot,CtxBounds
SankeyPlot,Helper
SankeyPlot,Point
SankeyPlot,Path
SankeyPlot,Helper
SankeyPlot,Point
PlotItemData,Item
PlotItemData,PlotItem
PlotItemData,CtxBounds
PlotItemData,Point
PlotItemData,Point
SankeyPlotBuilder,SankeyPlot
SankeyPlotBuilder,Item
SankeyPlotBuilder,PlotItem
StreamChart,Category
StreamChart,Key
StreamChart,ChartItemData
StreamChart,ChartItem
StreamChart,Item
StreamChart,ItemEvent
StreamChart,ItemEventListener
StreamChart,CtxBounds
StreamChart,Helper
StreamChart,Point
StreamChart,Path
StreamChart,Helper
StreamChart,Point
ChartItemData,ChartItem
ChartItemData,Item
ChartItemData,CtxBounds
ChartItemData,Point
ChartItemData,Point
StreamChartBuilder,Category
StreamChartBuilder,StreamChart
StreamChartBuilder,ChartItem
StreamChartBuilder,Item
SunburstChart,Colors
SunburstChart,ChartItem
SunburstChart,Item
SunburstChart,TreeNode
SunburstChart,TreeNodeEvent
SunburstChart,Fonts
SunburstChart,Helper
SunburstChart,Line
SunburstChart,Path
SunburstChart,Helper
SunburstChart,Segment
SunburstChartBuilder,Key
SunburstChartBuilder,SunburstChart
SunburstChartBuilder,TreeNode
XYChart,Axis
XYChart,Grid
XYChart,PolarChart
XYChart,XYPane
XYChart,YChart
XYChart,YPane
XYChart,Item
XYChart,XYItem
XYChart,YItem
XYPane,ChartArea
XYPane,PolarChart
XYPane,YPane
XYPane,Colors
XYPane,Item
XYPane,XYItem
XYPane,YItem
XYPane,SeriesEvent
XYPane,Fonts
XYPane,Series
XYPane,Helper
XYPane,Point
XYPane,Line
XYPane,Path
XYPane,Helper
XYPane,Point
XYZPane,ChartArea
XYZPane,XYPane
XYZPane,YPane
XYZPane,Item
XYZPane,XYZItem
XYZPane,SeriesEvent
XYZPane,Series
YChart,YPane
YChart,Item
YChart,YItem
YChart,Series
YPane,Category
YPane,ChartArea
YPane,Item
YPane,YItem
YPane,SeriesEvent
YPane,Fonts
YPane,Series
YPane,Helper
YPane,Point
YPane,Line
YPane,Path
YPane,Helper
YPane,Point
AreaHeatMap,Colors
AreaHeatMap,DataPoint
AreaHeatMap,HeatMap
AreaHeatMap,Helper
AreaHeatMap,Point
AreaHeatMap,Helper
AreaHeatMap,Point
AreaHeatMapBuilder,AreaHeatMap
AreaHeatMapBuilder,Colors
AreaHeatMapBuilder,DataPoint
AreaHeatMapBuilder,HeatMap
AreaHeatMapBuilder,HeatMapBuilder
AreaHeatMapBuilder,Point
AreaHeatMapBuilder,Point
Converter,Category
Converter,Unit
Unit,Category
ChartItem,Unit
ChartItem,Item
ChartItem,ItemEvent
ChartItem,ItemEventListener
ChartItem,Helper
ChartItem,Helper
ChartItemBuilder,Unit
ChartItemBuilder,ChartItem
ChartItemBuilder,Item
Connection,Item
Connection,PlotItem
DataObject,ChartItem
DataObject,Item
DataPoint,Point
DataPoint,Point
MatrixChartItem,ChartItem
MatrixChartItem,Item
MatrixChartItem,MatrixItem
MatrixChartItem,ItemEvent
MatrixChartItem,ItemEventListener
MatrixItem,Item
PlotItem,Key
PlotItem,Item
PlotItem,ItemEvent
PlotItem,ItemEventListener
PlotItem,Helper
PlotItem,Helper
TreeNode,ChartItem
TreeNode,Item
TreeNode,TreeNodeEvent
TreeNode,TreeNodeEventListener
TYChartItem,ChartItem
TYChartItem,Item
TYChartItem,XYChartItem
TYChartItem,YChartItem
TYChartItem,Helper
TYChartItem,Helper
XYChartItem,ChartItem
XYChartItem,Item
XYChartItem,XYItem
XYChartItem,YChartItem
XYChartItem,YItem
XYChartItem,ItemEvent
XYChartItem,ItemEventListener
XYItem,Item
XYItem,YItem
XYZChartItem,ChartItem
XYZChartItem,Item
XYZChartItem,XYZItem
XYZChartItem,ItemEvent
XYZChartItem,ItemEventListener
XYZItem,Item
YChartItem,ChartItem
YChartItem,Item
YChartItem,YItem
YChartItem,ItemEvent
YChartItem,ItemEventListener
YItem,Item
ChartEventListener,ChartEvent
ItemEvent,Item
ItemEventListener,ItemEvent
LocationEvent,Location
LocationEventListener,LocationEvent
PixelMatrixEvent,Point
PixelMatrixEvent,Point
PixelMatrixEventListener,PixelMatrixEvent
SelectionEvent,ChartItem
SelectionEvent,Item
SelectionEvent,Series
SelectionEventListener,SelectionEvent
SeriesEvent,ChartItem
SeriesEvent,Item
SeriesEvent,Series
SeriesEventListener,SeriesEvent
TreeNodeEvent,TreeNode
TreeNodeEventListener,TreeNodeEvent
GraphCalculator,Key
GraphCalculator,GraphNode
GraphCalculator,NodeEdgeModel
GraphEdge,Key
GraphEdge,GraphNode
GraphEdge,NodeEdgeModel
GraphNode,Key
GraphNode,ChartItem
GraphNode,Connection
GraphNode,Item
GraphNode,NodeEdgeModel
GraphPanel,Key
GraphPanel,GraphCalculator
GraphPanel,GraphEdge
GraphPanel,GraphNode
GraphPanel,InfoPopup
GraphPanel,NodeEdgeModel
GraphPanel,Helper
GraphPanel,InfoPopup
GraphPanel,Point
GraphPanel,Line
GraphPanel,Helper
GraphPanel,Point
InfoPopup,Unit
InfoPopup,Fonts
InfoPopup,Helper
InfoPopup,Line
InfoPopup,Helper
NodeEdgeModel,Key
NodeEdgeModel,Colors
NodeEdgeModel,Connection
NodeEdgeModel,GraphEdge
NodeEdgeModel,GraphNode
HeatMap,Key
HeatMap,Colors
HeatMap,HeatMapSpot
HeatMap,Helper
HeatMap,Point
HeatMap,Helper
HeatMap,Point
HeatMapBuilder,Colors
HeatMapBuilder,HeatMap
ParetoInfoPopup,Unit
ParetoInfoPopup,Fonts
ParetoInfoPopup,InfoPopup
ParetoInfoPopup,Helper
ParetoInfoPopup,InfoPopup
ParetoInfoPopup,Line
ParetoInfoPopup,Helper
ParetoModel,ParetoBar
ParetoPanel,Axis
ParetoPanel,Colors
ParetoPanel,Unit
ParetoPanel,InfoPopup
ParetoPanel,ParetoBar
ParetoPanel,ParetoInfoPopup
ParetoPanel,ParetoModel
ParetoPanel,DataDot
ParetoPanel,Helper
ParetoPanel,InfoPopup
ParetoPanel,Point
ParetoPanel,Line
ParetoPanel,Iterator
ParetoPanel,Helper
ParetoPanel,Point
DataDot,Key
DataDot,Colors
DataDot,ParetoBar
DataDot,ParetoModel
DataDot,ParetoPanel
DataDot,Line
ChartItemSeries,ChartItem
ChartItemSeries,Item
ChartItemSeries,Series
ChartItemSeriesBuilder,ChartItem
ChartItemSeriesBuilder,Item
ChartItemSeriesBuilder,ChartItemSeries
ChartItemSeriesBuilder,Series
MatrixItemSeries,Item
MatrixItemSeries,MatrixItem
MatrixItemSeries,Series
MatrixItemSeriesBuilder,Item
MatrixItemSeriesBuilder,MatrixItem
MatrixItemSeriesBuilder,MatrixItemSeries
MatrixItemSeriesBuilder,Series
Series,Item
Series,SeriesEvent
Series,SeriesEventListener
Series,Helper
Series,Helper
XYSeries,Item
XYSeries,XYItem
XYSeries,YItem
XYSeries,Series
XYSeries,YSeries
XYSeriesBuilder,Item
XYSeriesBuilder,XYItem
XYSeriesBuilder,YItem
XYSeriesBuilder,Series
XYSeriesBuilder,XYSeries
XYSeriesBuilder,YSeries
XYSeriesBuilder,YSeriesBuilder
XYZSeries,Item
XYZSeries,XYZItem
XYZSeries,Series
XYZSeriesBuilder,Item
XYZSeriesBuilder,XYZItem
XYZSeriesBuilder,Series
XYZSeriesBuilder,XYZSeries
YSeries,Item
YSeries,YItem
YSeries,Series
YSeriesBuilder,Item
YSeriesBuilder,YItem
YSeriesBuilder,Series
YSeriesBuilder,YSeries
CatmullRom,CatmullRomSpline
CatmullRom,Point
CatmullRom,Point
CtxBounds,Helper
CtxBounds,Helper
CtxCornerRadii,Helper
CtxCornerRadii,Helper
GradientLookup,Helper
GradientLookup,Helper
Helper,Axis
Helper,AxisBuilder
Helper,Colors
Helper,Unit
Helper,ChartItem
Helper,DataPoint
Helper,Item
Helper,XYChartItem
Helper,YChartItem
Helper,CtxBounds
Helper,CtxCornerRadii
Helper,CtxDimension
Helper,Location
Helper,Point
Helper,Ellipse
Helper,Path
Helper,Rectangle
Helper,Point
Helper,Segment
InfoPopup,Unit
InfoPopup,ChartItem
InfoPopup,Item
InfoPopup,SelectionEvent
InfoPopup,Fonts
InfoPopup,ChartItemSeries
InfoPopup,Series
InfoPopup,Helper
InfoPopup,Line
InfoPopup,Helper
Location,LocationEvent
Location,LocationEventListener
Location,Helper
Location,Helper
LocationBuilder,Location
CountryPath,Path
CountryRegion,CRegion
World,Colors
World,HeatMap
World,HeatMapBuilder
World,Location
World,Point
World,CountryPath
World,CRegion
World,Circle
World,Path
World,Shape
World,Point
WorldBuilder,Key
WorldBuilder,Colors
WorldBuilder,Location
WorldBuilder,World
BaseBounds,Point
BaseBounds,Rectangle
BaseBounds,RectBounds
BaseBounds,Point
BezierCurve,Point
BezierCurve,BezierCurveIterator
BezierCurve,FlatteningPathIterator
BezierCurve,Line
BezierCurve,Iterator
BezierCurve,PathIterator
BezierCurve,QuadCurve
BezierCurve,RectBounds
BezierCurve,Shape
BezierCurve,Point
BezierCurve,BaseTransform
Circle,Ellipse
Ellipse,EllipseIterator
Ellipse,Iterator
Ellipse,PathIterator
Ellipse,RectangularShape
Ellipse,RectBounds
Ellipse,Shape
Ellipse,BaseTransform
FlatteningPathIterator,BezierCurve
FlatteningPathIterator,Iterator
FlatteningPathIterator,PathIterator
FlatteningPathIterator,QuadCurve
FlatteningPathIterator,Segment
Line,Point
Line,LineIterator
Line,Iterator
Line,PathIterator
Line,RectBounds
Line,Shape
Line,Point
Line,BaseTransform
Path,Point
Path,EllipseIterator
Path,FlatteningPathIterator
Path,Line
Path,CopyIterator
Path,TxIterator
Path,Iterator
Path,SVGParser
Path,PathIterator
Path,RectBounds
Path,Shape
Path,IllegalPathStateException
Path,Point
Path,Segment
Path,BaseTransform
Path,Identity
CopyIterator,Path
CopyIterator,Iterator
CopyIterator,Segment
TxIterator,Path
TxIterator,Iterator
TxIterator,Segment
TxIterator,BaseTransform
Iterator,Path
Iterator,PathIterator
SVGParser,Path
SVGParser,Iterator
SVGParser,PathIterator
SVGParser,Segment
SVGParser,Affine
PathIterator,Iterator
PathIterator,Segment
QuadCurve,Point
QuadCurve,BezierCurve
QuadCurve,FlatteningPathIterator
QuadCurve,Line
QuadCurve,Iterator
QuadCurve,PathIterator
QuadCurve,QuadIterator
QuadCurve,RectBounds
QuadCurve,Shape
QuadCurve,Point
QuadCurve,BaseTransform
Rectangle,BaseBounds
Rectangle,RectBounds
RectangularShape,Point
RectangularShape,FlatteningPathIterator
RectangularShape,Iterator
RectangularShape,PathIterator
RectangularShape,RectBounds
RectangularShape,Shape
RectangularShape,Point
RectangularShape,BaseTransform
RectBounds,Point
RectBounds,BaseBounds
RectBounds,Rectangle
RectBounds,Point
Shape,Point
Shape,Line
Shape,Path
Shape,Iterator
Shape,PathIterator
Shape,RectBounds
Shape,IllegalPathStateException
Shape,Point
Shape,Segment
Shape,BaseTransform
AbstractSegment,Point
AbstractSegment,Line
AbstractSegment,Point
AbstractSegment,Segment
AbstractSegment,SplitResults
GradientLookup,Key
GradientLookup,Helper
GradientLookup,Helper
PathTool,Point
PathTool,FlatteningPathIterator
PathTool,Path
PathTool,Iterator
PathTool,PathIterator
PathTool,Shape
PathTool,SingleSegmentPathIterator
PathTool,PathSegment
PathTool,Point
PathTool,Segment
PathTool,Affine
SingleSegmentPathIterator,Iterator
SingleSegmentPathIterator,PathIterator
SingleSegmentPathIterator,Segment
PathSegment,Segment
Segment,Point
Segment,Rectangle
Segment,Point
Segment,SplitResults
Affine,Point
Affine,NonInvertibleTransformException
Affine,Point
Affine,AffineBase
Affine,BaseTransform
Affine,Identity
AffineBase,Point
AffineBase,BaseBounds
AffineBase,Path
AffineBase,Rectangle
AffineBase,RectBounds
AffineBase,Shape
AffineBase,NonInvertibleTransformException
AffineBase,Point
AffineBase,Affine
AffineBase,BaseTransform
AffineBase,Identity
AffineBase,Translate
BaseTransform,Point
BaseTransform,BaseBounds
BaseTransform,Rectangle
BaseTransform,Shape
BaseTransform,Point
BaseTransform,Affine
BaseTransform,Identity
BaseTransform,Translate
Identity,Point
Identity,BaseBounds
Identity,Path
Identity,Rectangle
Identity,Shape
Identity,Point
Identity,BaseTransform
Identity,Translate
Translate,Point
Translate,BaseBounds
Translate,Path
Translate,Rectangle
Translate,Shape
Translate,Point
Translate,Affine
Translate,BaseTransform
Translate,Identity
AreaHeatMapTest,AreaHeatMap
AreaHeatMapTest,AreaHeatMapBuilder
AreaHeatMapTest,DataPoint
AreaHeatMapTest,HeatMap
AreaHeatMapTest,HeatMapBuilder
AreaHeatMapTest,Point
AreaHeatMapTest,Point
AreaHeatMapTest,HeatMapTest
AreaHeatMapTestLauncher,Launcher
AreaHeatMapTestLauncher,AreaHeatMapTest
AreaHeatMapTestLauncher,HeatMapTest
AreaHeatMapTestLauncher,HeatMapTestLauncher
AxisTest,Axis
AxisTest,Converter
AxisTest,Helper
AxisTest,Helper
AxisTestLauncher,Launcher
AxisTestLauncher,AxisTest
ChartTest,Axis
ChartTest,Grid
ChartTest,XYPane
ChartTest,XYZPane
ChartTest,YPane
ChartTest,Converter
ChartTest,ChartItem
ChartTest,Item
ChartTest,XYChartItem
ChartTest,XYZChartItem
ChartTest,YChartItem
ChartTest,Series
ChartTest,XYSeriesBuilder
ChartTest,XYZSeries
ChartTest,YSeries
ChartTest,YSeriesBuilder
ChartTest,Helper
ChartTest,Helper
ChartTestLauncher,Launcher
ChartTestLauncher,ChartTest
CircularPlotTest,CircularPlot
CircularPlotTest,CircularPlotBuilder
CircularPlotTest,Connection
CircularPlotTest,Item
CircularPlotTest,PlotItem
CircularPlotTest,ItemEventListener
CircularPlotTestLauncher,Launcher
CircularPlotTestLauncher,CircularPlotTest
ComparisonRingChartTest,ComparisonRingChart
ComparisonRingChartTest,ComparisonRingChartBuilder
ComparisonRingChartTest,ChartItem
ComparisonRingChartTest,Item
ComparisonRingChartTest,ChartItemSeriesBuilder
ComparisonRingChartTest,ChartTest
ComparisonRingChartTestLauncher,Launcher
ComparisonRingChartTestLauncher,ChartTest
ComparisonRingChartTestLauncher,ChartTestLauncher
ComparisonRingChartTestLauncher,ComparisonRingChartTest
ConcentricRingChartTest,ConcentricRingChart
ConcentricRingChartTest,ConcentricRingChartBuilder
ConcentricRingChartTest,ChartItem
ConcentricRingChartTest,ChartItemBuilder
ConcentricRingChartTest,Item
ConcentricRingChartTest,ChartTest
ConcentricRingChartTestLauncher,Launcher
ConcentricRingChartTestLauncher,ChartTest
ConcentricRingChartTestLauncher,ChartTestLauncher
ConcentricRingChartTestLauncher,ConcentricRingChartTest
CoxcombChartTest,CoxcombChart
CoxcombChartTest,CoxcombChartBuilder
CoxcombChartTest,ChartItem
CoxcombChartTest,Item
CoxcombChartTest,ChartTest
CoxcombChartTestLauncher,Launcher
CoxcombChartTestLauncher,ChartTest
CoxcombChartTestLauncher,ChartTestLauncher
CoxcombChartTestLauncher,CoxcombChartTest
ForceDirectedGraphTest,GraphPanel
ForceDirectedGraphTest,PresentationPanel
PresentationPanel,Key
PresentationPanel,Colors
PresentationPanel,GraphPanel
PresentationPanel,NodeEdgeModel
PresentationPanel,ColorPickerWithString
PresentationPanel,DataGenerator
ColorPickerWithString,Key
DataGenerator,Key
DataGenerator,GraphEdge
DataGenerator,GraphNode
DataGenerator,NodeEdgeModel
ForceDirectedGraphTestLauncher,Launcher
ForceDirectedGraphTestLauncher,ForceDirectedGraphTest
GridTest,Axis
GridTest,Grid
GridTestLauncher,Launcher
GridTestLauncher,GridTest
HeatMapTest,Colors
HeatMapTest,HeatMap
HeatMapTest,HeatMapBuilder
HeatMapTestLauncher,Launcher
HeatMapTestLauncher,HeatMapTest
HorizonChartTest,XYPane
HorizonChartTest,YPane
HorizonChartTest,ChartItem
HorizonChartTest,Item
HorizonChartTest,XYChartItem
HorizonChartTest,YChartItem
HorizonChartTest,Series
HorizonChartTest,ChartTest
HorizonChartTestLauncher,Launcher
HorizonChartTestLauncher,ChartTest
HorizonChartTestLauncher,ChartTestLauncher
HorizonChartTestLauncher,HorizonChartTest
LegendTest,Legend
LegendTest,LegendItem
LegendTest,Item
LegendTestLauncher,Launcher
LegendTestLauncher,LegendTest
LineChartTest,Axis
LineChartTest,AxisBuilder
LineChartTest,Grid
LineChartTest,GridBuilder
LineChartTest,XYPane
LineChartTest,YPane
LineChartTest,ChartItem
LineChartTest,Item
LineChartTest,XYChartItem
LineChartTest,YChartItem
LineChartTest,Series
LineChartTest,XYSeries
LineChartTest,XYSeriesBuilder
LineChartTest,YSeries
LineChartTest,YSeriesBuilder
LineChartTest,ChartTest
LineChartTestLauncher,Launcher
LineChartTestLauncher,ChartTest
LineChartTestLauncher,ChartTestLauncher
LineChartTestLauncher,LineChartTest
LogAxisTest,Axis
LogAxisTest,AxisTest
LogAxisTestLauncher,Launcher
LogAxisTestLauncher,AxisTest
LogAxisTestLauncher,AxisTestLauncher
LogAxisTestLauncher,LogAxisTest
LogChartTest,Axis
LogChartTest,Grid
LogChartTest,XYPane
LogChartTest,YPane
LogChartTest,ChartItem
LogChartTest,Item
LogChartTest,XYChartItem
LogChartTest,XYZChartItem
LogChartTest,YChartItem
LogChartTest,ChartTest
LogChartTestLauncher,Launcher
LogChartTestLauncher,ChartTest
LogChartTestLauncher,ChartTestLauncher
LogChartTestLauncher,LogChartTest
LogGridTest,Axis
LogGridTest,Grid
LogGridTest,GridTest
LogGridTestLauncher,Launcher
LogGridTestLauncher,GridTest
LogGridTestLauncher,GridTestLauncher
LogGridTestLauncher,LogGridTest
MatrixHeatmapTest,MatrixPane
MatrixHeatmapTest,ChartItem
MatrixHeatmapTest,Item
MatrixHeatmapTest,MatrixChartItem
MatrixHeatmapTest,MatrixItemSeries
MatrixHeatmapTest,Series
MatrixHeatmapTest,Helper
MatrixHeatmapTest,Helper
MatrixHeatmapTestLauncher,Launcher
MatrixHeatmapTestLauncher,MatrixHeatmapTest
MatrixPlotTest,PixelMatrix
MatrixPlotTest,PixelMatrixBuilder
MatrixPlotTest,Shape
MatrixPlotTestLauncher,Launcher
MatrixPlotTestLauncher,MatrixPlotTest
NestedBarChartTest,NestedBarChart
NestedBarChartTest,ChartItem
NestedBarChartTest,Item
NestedBarChartTest,SelectionEvent
NestedBarChartTest,ChartTest
NestedBarChartTestLauncher,Launcher
NestedBarChartTestLauncher,ChartTest
NestedBarChartTestLauncher,ChartTestLauncher
NestedBarChartTestLauncher,NestedBarChartTest
ParallelCoordinatesChartTest,ParallelCoordinatesChart
ParallelCoordinatesChartTest,ParallelCoordinatesChartBuilder
ParallelCoordinatesChartTest,Unit
ParallelCoordinatesChartTest,ChartEvent
ParallelCoordinatesChartTest,ChartTest
ParallelCoordinatesChartTest,Car
Car,ChartItem
Car,DataObject
Car,Item
Car,Helper
Car,Helper
ParallelCoordinatesChartTestLauncher,Launcher
ParallelCoordinatesChartTestLauncher,ChartTest
ParallelCoordinatesChartTestLauncher,ChartTestLauncher
ParallelCoordinatesChartTestLauncher,ParallelCoordinatesChartTest
ParetoTest,ParetoBar
ParetoTest,ParetoModel
ParetoTest,ParetoPanel
ParetoTest,PresentationPareto
PresentationPareto,Colors
PresentationPareto,ParetoBar
PresentationPareto,ParetoModel
PresentationPareto,ParetoPanel
ParetoTestLauncher,Launcher
ParetoTestLauncher,ParetoTest
PlayfairTest,Axis
PlayfairTest,Grid
PlayfairTest,XYPane
PlayfairTest,YPane
PlayfairTest,ChartItem
PlayfairTest,Item
PlayfairTest,XYChartItem
PlayfairTest,YChartItem
PlayfairTestLauncher,Launcher
PlayfairTestLauncher,PlayfairTest
PolarChartTest,XYPane
PolarChartTest,YPane
PolarChartTest,ChartItem
PolarChartTest,Item
PolarChartTest,XYChartItem
PolarChartTest,YChartItem
PolarChartTest,Series
PolarChartTest,XYSeries
PolarChartTest,YSeries
PolarChartTest,Helper
PolarChartTest,Helper
PolarChartTest,ChartTest
PolarChartTestLauncher,Launcher
PolarChartTestLauncher,ChartTest
PolarChartTestLauncher,ChartTestLauncher
PolarChartTestLauncher,PolarChartTest
RadarChartTest,Category
RadarChartTest,YChart
RadarChartTest,YPane
RadarChartTest,ChartItem
RadarChartTest,Item
RadarChartTest,YChartItem
RadarChartTest,Series
RadarChartTest,YSeries
RadarChartTest,Point
RadarChartTest,Point
RadarChartTest,ChartTest
RadarChartTestLauncher,Launcher
RadarChartTestLauncher,ChartTest
RadarChartTestLauncher,ChartTestLauncher
RadarChartTestLauncher,RadarChartTest
RidgeLineChartTest,Axis
RidgeLineChartTest,XYPane
RidgeLineChartTest,YPane
RidgeLineChartTest,ChartItem
RidgeLineChartTest,Item
RidgeLineChartTest,XYChartItem
RidgeLineChartTest,YChartItem
RidgeLineChartTest,Series
RidgeLineChartTest,XYSeries
RidgeLineChartTest,XYSeriesBuilder
RidgeLineChartTest,YSeries
RidgeLineChartTest,YSeriesBuilder
RidgeLineChartTest,ChartTest
RidgeLineChartTest,LineChartTest
RidgeLineChartTestLauncher,Launcher
RidgeLineChartTestLauncher,ChartTest
RidgeLineChartTestLauncher,ChartTestLauncher
RidgeLineChartTestLauncher,LineChartTest
RidgeLineChartTestLauncher,LineChartTestLauncher
RidgeLineChartTestLauncher,RidgeLineChartTest
SankeyPlotTest,SankeyPlot
SankeyPlotTest,SankeyPlotBuilder
SankeyPlotTest,Colors
SankeyPlotTest,Item
SankeyPlotTest,PlotItem
SankeyPlotTest,Helper
SankeyPlotTest,Helper
SankeyPlotTestLauncher,Launcher
SankeyPlotTestLauncher,SankeyPlotTest
SingleChartTest,Axis
SingleChartTest,XYPane
SingleChartTest,YChart
SingleChartTest,YPane
SingleChartTest,Converter
SingleChartTest,ChartItem
SingleChartTest,Item
SingleChartTest,XYChartItem
SingleChartTest,YChartItem
SingleChartTest,Series
SingleChartTest,XYSeries
SingleChartTest,YSeries
SingleChartTest,ChartTest
SingleChartTestLauncher,Launcher
SingleChartTestLauncher,ChartTest
SingleChartTestLauncher,ChartTestLauncher
SingleChartTestLauncher,SingleChartTest
StreamChartTest,Category
StreamChartTest,StreamChart
StreamChartTest,StreamChartBuilder
StreamChartTest,Colors
StreamChartTest,ChartItem
StreamChartTest,ChartItemBuilder
StreamChartTest,Item
StreamChartTest,Helper
StreamChartTest,Helper
StreamChartTest,ChartTest
StreamChartTestLauncher,Launcher
StreamChartTestLauncher,ChartTest
StreamChartTestLauncher,ChartTestLauncher
StreamChartTestLauncher,StreamChartTest
SunburstChartTest,SunburstChart
SunburstChartTest,SunburstChartBuilder
SunburstChartTest,ChartItem
SunburstChartTest,Item
SunburstChartTest,TreeNode
SunburstChartTest,TreeNodeEvent
SunburstChartTest,ChartTest
SunburstChartTestLauncher,Launcher
SunburstChartTestLauncher,ChartTest
SunburstChartTestLauncher,ChartTestLauncher
SunburstChartTestLauncher,SunburstChartTest
TimeAxisTest,Axis
TimeAxisTest,XYPane
TimeAxisTest,YPane
TimeAxisTest,Converter
TimeAxisTest,ChartItem
TimeAxisTest,Item
TimeAxisTest,TYChartItem
TimeAxisTest,YChartItem
TimeAxisTest,Series
TimeAxisTest,XYSeries
TimeAxisTest,YSeries
TimeAxisTest,AxisTest
TimeAxisTestLauncher,Launcher
TimeAxisTestLauncher,AxisTest
TimeAxisTestLauncher,AxisTestLauncher
TimeAxisTestLauncher,TimeAxisTest
WorldHeatMapTest,Colors
WorldHeatMapTest,HeatMap
WorldHeatMapTest,Point
WorldHeatMapTest,World
WorldHeatMapTest,WorldBuilder
WorldHeatMapTest,Point
WorldHeatMapTest,HeatMapTest
WorldHeatMapTestLauncher,Launcher
WorldHeatMapTestLauncher,HeatMapTest
WorldHeatMapTestLauncher,HeatMapTestLauncher
WorldHeatMapTestLauncher,WorldHeatMapTest
