Adapter,ItemCollection
Adapter,AdapterException
BPMNRuleEngine,RuleContext
BPMNRuleEngine,ItemCollection
BPMNRuleEngine,Model
BPMNRuleEngine,ModelManager
BPMNRuleEngine,RuleEngine
BPMNRuleEngine,WorkflowKernel
BPMNRuleEngine,ModelException
BPMNRuleEngine,PluginException
BPMNRuleEngine,RuleContext
RuleContext,ItemCollection
RuleContext,Model
RuleContext,ModelManager
RuleContext,WorkflowContext
RuleContext,ModelException
GenericAdapter,Adapter
ItemCollection,Adapter
ItemCollection,FileData
ItemCollection,ItemAdapter
ItemCollection,ItemListAdapter
ItemCollection,ItemListArrayAdapter
ItemCollection,WorkflowKernel
ItemCollection,InvalidAccessException
ItemAdapter,Adapter
ItemAdapter,ItemCollection
ItemListAdapter,Adapter
ItemListAdapter,ItemCollection
ItemListAdapter,ItemAdapter
ItemListArrayAdapter,Adapter
ItemListArrayAdapter,ItemCollection
ItemListArrayAdapter,ItemAdapter
ItemCollectionComparator,ItemCollection
Model,ItemCollection
ModelManager,ItemCollection
ModelManager,Model
Plugin,ItemCollection
Plugin,WorkflowContext
QuerySelector,ItemCollection
RuleEngine,ItemCollection
RuleEngine,RuleEngineNashornConverter
RuleEngine,PluginException
RuleEngineNashornConverter,ItemCollection
SignalAdapter,Adapter
WorkflowContext,ModelManager
WorkflowKernel,Adapter
WorkflowKernel,GenericAdapter
WorkflowKernel,ItemCollection
WorkflowKernel,Model
WorkflowKernel,ModelManager
WorkflowKernel,Plugin
WorkflowKernel,PluginDependency
WorkflowKernel,RuleEngine
WorkflowKernel,SignalAdapter
WorkflowKernel,WorkflowContext
WorkflowKernel,AdapterException
WorkflowKernel,ModelException
WorkflowKernel,PluginException
WorkflowKernel,ProcessingErrorException
WorkflowKernel,XMLParser
WorkflowManager,ItemCollection
WorkflowManager,AccessDeniedException
WorkflowManager,PluginException
WorkflowManager,ProcessingErrorException
BPMNModel,ItemCollection
BPMNModel,ItemCollectionComparator
BPMNModel,Model
BPMNModel,WorkflowKernel
BPMNModel,ModelException
BPMNModelHandler,ItemCollection
BPMNModelHandler,Model
BPMNModelHandler,WorkflowKernel
BPMNModelHandler,BPMNModel
BPMNModelHandler,SequenceFlow
BPMNModelHandler,ElementResolver
BPMNModelHandler,ModelException
BPMNModelHandler,SequenceFlow
ElementResolver,ItemCollection
ElementResolver,SequenceFlow
ElementResolver,SequenceFlow
BPMNParser,Model
BPMNParser,BPMNModel
BPMNParser,BPMNModelHandler
BPMNParser,ModelException
AccessDeniedException,InvalidAccessException
AdapterException,PluginException
AdapterException,WorkflowException
ImixsExceptionHandler,ItemCollection
ImixsExceptionHandler,InvalidAccessException
ImixsExceptionHandler,PluginException
ImixsExceptionHandler,WorkflowException
ModelException,WorkflowException
PluginException,AdapterException
PluginException,WorkflowException
ProcessingErrorException,InvalidAccessException
QueryException,WorkflowException
BasicAuthenticator,RequestFilter
FormAuthenticator,RequestFilter
JWTAuthenticator,RequestFilter
RestClient,RequestFilter
RestClient,RestAPIException
ImixsJSONBuilder,ItemCollection
ImixsJSONParser,ItemCollection
ImixsJSONParser,JSONParser
ImixsJSONParser,Document
JSONParser,ItemCollection
DocumentTable,Document
XMLDataCollection,Document
XMLDataCollectionAdapter,Adapter
XMLDataCollectionAdapter,ItemCollection
XMLDataCollectionAdapter,XMLDataCollection
XMLDataCollectionAdapter,XMLDocument
XMLDataCollectionAdapter,XMLDocumentAdapter
XMLDataCollectionAdapter,Document
XMLDocument,Document
XMLDocumentAdapter,Adapter
XMLDocumentAdapter,ItemCollection
XMLDocumentAdapter,XMLDocument
XMLDocumentAdapter,XMLItem
XMLDocumentAdapter,XMLItemComparator
XMLDocumentAdapter,Document
XMLItemComparator,XMLItem
XSLHandler,Adapter
XSLHandler,ItemCollection
XSLHandler,XMLDataCollection
XSLHandler,XMLDataCollectionAdapter
XSLHandler,XMLDocument
XSLHandler,XMLDocumentAdapter
XSLHandler,Document
MokModel,ItemCollection
MokModel,Model
MokModel,WorkflowKernel
MokModel,InvalidAccessException
MokModelManager,ItemCollection
MokModelManager,Model
MokModelManager,ModelManager
MokModelManager,BPMNParser
MokModelManager,ModelException
MokModelManager,MokModel
MokPlugin,ItemCollection
MokPlugin,Plugin
MokPlugin,WorkflowContext
MokPlugin,PluginException
MokPluginNull,ItemCollection
MokPluginNull,Plugin
MokPluginNull,WorkflowContext
MokPluginNull,PluginException
TestItemCollection,Adapter
TestItemCollection,FileData
TestItemCollection,ItemCollection
TestItemCollection,WorkflowKernel
TestItemCollection,XMLDocument
TestItemCollection,XMLDocumentAdapter
TestItemCollection,Document
TestRuleEngine,ItemCollection
TestRuleEngine,RuleEngine
TestRuleEngine,PluginException
TestRuleEngineBPMN,BPMNRuleEngine
TestRuleEngineBPMN,ItemCollection
TestRuleEngineBPMN,Model
TestRuleEngineBPMN,RuleEngine
TestRuleEngineBPMN,BPMNModel
TestRuleEngineBPMN,BPMNParser
TestRuleEngineBPMN,ModelException
TestRuleEngineBPMN,PluginException
TestRuleEngineGraalJS,ItemCollection
TestRuleEngineGraalJS,RuleEngine
TestRuleEngineGraalJS,PluginException
TestRuleEngineGraalJSDeprecatedScripts,ItemCollection
TestRuleEngineGraalJSDeprecatedScripts,RuleEngine
TestRuleEngineGraalJSDeprecatedScripts,PluginException
TestWorkflowKernel,ItemCollection
TestWorkflowKernel,Model
TestWorkflowKernel,ModelManager
TestWorkflowKernel,Plugin
TestWorkflowKernel,WorkflowContext
TestWorkflowKernel,WorkflowKernel
TestWorkflowKernel,ModelException
TestWorkflowKernel,PluginException
TestWorkflowKernel,ProcessingErrorException
TestWorkflowKernel,WorkflowException
TestWorkflowKernel,MokModel
TestWorkflowKernel,MokModelManager
TestWorkflowKernel,MokPlugin
TestWorkflowKernel,MokPluginNull
TestWorkflowKernelEval,RuleContext
TestWorkflowKernelEval,ItemCollection
TestWorkflowKernelEval,Model
TestWorkflowKernelEval,ModelManager
TestWorkflowKernelEval,WorkflowContext
TestWorkflowKernelEval,WorkflowKernel
TestWorkflowKernelEval,BPMNModel
TestWorkflowKernelEval,BPMNParser
TestWorkflowKernelEval,ModelException
TestWorkflowKernelEval,PluginException
TestWorkflowKernelEval,RuleContext
TestWorkflowKernelModels,ItemCollection
TestWorkflowKernelModels,Model
TestWorkflowKernelModels,ModelManager
TestWorkflowKernelModels,Plugin
TestWorkflowKernelModels,WorkflowContext
TestWorkflowKernelModels,WorkflowKernel
TestWorkflowKernelModels,ModelException
TestWorkflowKernelModels,PluginException
TestWorkflowKernelModels,MokModel
TestWorkflowKernelModels,MokModelManager
TestWorkflowKernelModels,MokPlugin
TestWorkflowKernelPluginRegistration,ModelManager
TestWorkflowKernelPluginRegistration,Plugin
TestWorkflowKernelPluginRegistration,WorkflowContext
TestWorkflowKernelPluginRegistration,WorkflowKernel
TestWorkflowKernelPluginRegistration,PluginException
TestWorkflowKernelPluginRegistration,ProcessingErrorException
TestWorkflowKernelPluginRegistration,MokModelManager
TestWorkflowKernelPluginRegistration,MokPlugin
MigrateImixsModelToBPMN,Adapter
MigrateImixsModelToBPMN,ItemCollection
MigrateImixsModelToBPMN,Model
MigrateImixsModelToBPMN,SequenceFlow
MigrateImixsModelToBPMN,XMLDataCollectionAdapter
MigrateImixsModelToBPMN,SequenceFlow
TestBPMNModelProperties,ItemCollection
TestBPMNModelProperties,Model
TestBPMNModelProperties,BPMNModel
TestBPMNModelProperties,BPMNParser
TestBPMNModelProperties,ModelException
TestBPMNModelSimple,ItemCollection
TestBPMNModelSimple,Model
TestBPMNModelSimple,BPMNModel
TestBPMNModelSimple,BPMNParser
TestBPMNModelSimple,ModelException
TestBPMNParserAdapter,Adapter
TestBPMNParserAdapter,ItemCollection
TestBPMNParserAdapter,Model
TestBPMNParserAdapter,BPMNModel
TestBPMNParserAdapter,BPMNParser
TestBPMNParserAdapter,ModelException
TestBPMNParserAsyncEvent,ItemCollection
TestBPMNParserAsyncEvent,Model
TestBPMNParserAsyncEvent,BPMNModel
TestBPMNParserAsyncEvent,BPMNParser
TestBPMNParserAsyncEvent,ModelException
TestBPMNParserCollaboration,ItemCollection
TestBPMNParserCollaboration,Model
TestBPMNParserCollaboration,BPMNParser
TestBPMNParserCollaboration,ModelException
TestBPMNParserCollaborationMessageFlow,ItemCollection
TestBPMNParserCollaborationMessageFlow,Model
TestBPMNParserCollaborationMessageFlow,BPMNParser
TestBPMNParserCollaborationMessageFlow,ModelException
TestBPMNParserCollaborationMinutes,ItemCollection
TestBPMNParserCollaborationMinutes,Model
TestBPMNParserCollaborationMinutes,BPMNModel
TestBPMNParserCollaborationMinutes,BPMNParser
TestBPMNParserCollaborationMinutes,ModelException
TestBPMNParserConditionalEvents,ItemCollection
TestBPMNParserConditionalEvents,Model
TestBPMNParserConditionalEvents,BPMNModel
TestBPMNParserConditionalEvents,BPMNParser
TestBPMNParserConditionalEvents,ModelException
TestBPMNParserDataObject,ItemCollection
TestBPMNParserDataObject,Model
TestBPMNParserDataObject,BPMNModel
TestBPMNParserDataObject,BPMNParser
TestBPMNParserDataObject,ModelException
TestBPMNParserDataObject,PluginException
TestBPMNParserGroups,ItemCollection
TestBPMNParserGroups,Model
TestBPMNParserGroups,BPMNModel
TestBPMNParserGroups,BPMNParser
TestBPMNParserGroups,ModelException
TestBPMNParserLinkEvent,ItemCollection
TestBPMNParserLinkEvent,Model
TestBPMNParserLinkEvent,BPMNModel
TestBPMNParserLinkEvent,BPMNParser
TestBPMNParserLinkEvent,ModelException
TestBPMNParserMessageText,ItemCollection
TestBPMNParserMessageText,Model
TestBPMNParserMessageText,BPMNModel
TestBPMNParserMessageText,BPMNParser
TestBPMNParserMessageText,ModelException
TestBPMNParserRuleEvents,ItemCollection
TestBPMNParserRuleEvents,Model
TestBPMNParserRuleEvents,BPMNModel
TestBPMNParserRuleEvents,BPMNParser
TestBPMNParserRuleEvents,ModelException
TestBPMNParserSharedEvent,ItemCollection
TestBPMNParserSharedEvent,Model
TestBPMNParserSharedEvent,BPMNModel
TestBPMNParserSharedEvent,BPMNParser
TestBPMNParserSharedEvent,ModelException
TestBPMNParserSharedLinkEvent,ItemCollection
TestBPMNParserSharedLinkEvent,Model
TestBPMNParserSharedLinkEvent,BPMNModel
TestBPMNParserSharedLinkEvent,BPMNParser
TestBPMNParserSharedLinkEvent,ModelException
TestBPMNParserSimple,ItemCollection
TestBPMNParserSimple,Model
TestBPMNParserSimple,BPMNModel
TestBPMNParserSimple,BPMNParser
TestBPMNParserSimple,ModelException
TestBPMNParserSplitEvents,ItemCollection
TestBPMNParserSplitEvents,Model
TestBPMNParserSplitEvents,BPMNModel
TestBPMNParserSplitEvents,BPMNParser
TestBPMNParserSplitEvents,ModelException
TestBPMNParserStartEvent,ItemCollection
TestBPMNParserStartEvent,Model
TestBPMNParserStartEvent,BPMNModel
TestBPMNParserStartEvent,BPMNParser
TestBPMNParserStartEvent,ModelException
TestBPMNParserStartEventFollowUp,ItemCollection
TestBPMNParserStartEventFollowUp,Model
TestBPMNParserStartEventFollowUp,BPMNModel
TestBPMNParserStartEventFollowUp,BPMNParser
TestBPMNParserStartEventFollowUp,ModelException
TestBPMNParserTaskAnnotation,ItemCollection
TestBPMNParserTaskAnnotation,Model
TestBPMNParserTaskAnnotation,BPMNModel
TestBPMNParserTaskAnnotation,BPMNParser
TestBPMNParserTaskAnnotation,ModelException
TestBPMNParserTicket,ItemCollection
TestBPMNParserTicket,Model
TestBPMNParserTicket,BPMNModel
TestBPMNParserTicket,BPMNParser
TestBPMNParserTicket,ModelException
TestImixsJSONParser,ItemCollection
TestImixsJSONParser,ImixsJSONParser
TestImixsJSONParser,JSONParser
TestJSONBuilder,ItemCollection
TestJSONBuilder,ImixsJSONBuilder
TestJSONBuilder,ImixsJSONParser
TestJSONBuilder,JSONParser
TestJSONParserSimple,ItemCollection
TestJSONParserSimple,ImixsJSONParser
TestJSONParserSimple,JSONParser
TestJSONParserWorkitem,ItemCollection
TestJSONParserWorkitem,ImixsJSONParser
TestJSONParserWorkitem,JSONParser
TestReadWriteByteArray,Adapter
TestReadWriteByteArray,FileData
TestReadWriteByteArray,ItemCollection
TestReadWriteByteArray,XMLDocumentAdapter
TestReadWriteXMLData,Adapter
TestReadWriteXMLData,ItemCollection
TestReadWriteXMLData,XMLDataCollection
TestReadWriteXMLData,XMLDataCollectionAdapter
TestWriteXMLData,Adapter
TestWriteXMLData,FileData
TestWriteXMLData,ItemCollection
TestWriteXMLData,XMLDocument
TestWriteXMLData,XMLDocumentAdapter
TestWriteXMLData,Document
TestXMLItem,Adapter
TestXMLItem,FileData
TestXMLItem,ItemCollection
TestXMLItem,RuleEngine
TestXMLItem,XMLDocument
TestXMLItem,XMLDocumentAdapter
TestXMLItem,XMLItem
TestXMLItem,Document
TestXMLItemCollectionAdapter,Adapter
TestXMLItemCollectionAdapter,FileData
TestXMLItemCollectionAdapter,ItemCollection
TestXMLItemCollectionAdapter,XMLDocument
TestXMLItemCollectionAdapter,XMLDocumentAdapter
TestXMLItemCollectionAdapter,XMLItem
TestXMLItemCollectionAdapter,Document
TestXMLParser,ItemCollection
TestXMLParser,PluginException
TestXMLParser,XMLParser
AsyncEventScheduler,AsyncEventService
AsyncEventScheduler,EventLogService
AsyncEventScheduler,EventLog
AsyncEventScheduler,Scheduler
AsyncEventService,ItemCollection
AsyncEventService,Model
AsyncEventService,WorkflowKernel
AsyncEventService,InvalidAccessException
AsyncEventService,ModelException
AsyncEventService,WorkflowException
AsyncEventService,AsyncEventScheduler
AsyncEventService,EventLogService
AsyncEventService,ModelService
AsyncEventService,ProcessingEvent
AsyncEventService,WorkflowService
AsyncEventService,Document
AsyncEventService,EventLog
AsyncEventService,Scheduler
DocumentEvent,ItemCollection
DocumentEvent,Document
DocumentService,ItemCollection
DocumentService,WorkflowKernel
DocumentService,AccessDeniedException
DocumentService,InvalidAccessException
DocumentService,QueryException
DocumentService,DocumentEvent
DocumentService,EventLogService
DocumentService,UserGroupEvent
DocumentService,SearchService
DocumentService,SortOrder
DocumentService,UpdateService
DocumentService,Document
EventLogService,ItemCollection
EventLogService,EventLog
HealthCheckService,SetupService
MetricService,WorkflowKernel
MetricService,AccessDeniedException
MetricService,DocumentEvent
MetricService,ProcessingEvent
MetricService,Document
ModelService,FileData
ModelService,ItemCollection
ModelService,Model
ModelService,ModelManager
ModelService,WorkflowKernel
ModelService,BPMNModel
ModelService,BPMNParser
ModelService,AccessDeniedException
ModelService,InvalidAccessException
ModelService,ModelException
ModelService,DocumentService
ProcessingEvent,ItemCollection
ProcessingEvent,Document
ReportService,FileData
ReportService,ItemCollection
ReportService,ItemCollectionComparator
ReportService,Plugin
ReportService,AccessDeniedException
ReportService,PluginException
ReportService,QueryException
ReportService,XMLParser
ReportService,XSLHandler
ReportService,DocumentService
ReportService,WorkflowService
ReportService,AbstractPlugin
SetupService,Adapter
SetupService,ItemCollection
SetupService,Model
SetupService,WorkflowKernel
SetupService,BPMNModel
SetupService,BPMNParser
SetupService,InvalidAccessException
SetupService,ModelException
SetupService,QueryException
SetupService,XMLDataCollection
SetupService,XMLDocument
SetupService,XMLDocumentAdapter
SetupService,DocumentService
SetupService,ModelService
SetupService,SetupEvent
SetupService,WorkflowScheduler
SetupService,SearchService
SetupService,Document
SetupService,Scheduler
SetupService,SchedulerService
SimulationService,ItemCollection
SimulationService,ModelManager
SimulationService,Plugin
SimulationService,WorkflowContext
SimulationService,WorkflowKernel
SimulationService,AccessDeniedException
SimulationService,ModelException
SimulationService,PluginException
SimulationService,ProcessingErrorException
SimulationService,ModelService
SimulationService,ProcessingEvent
TextEvent,ItemCollection
TextEvent,Document
TextForEachAdapter,Adapter
TextForEachAdapter,ItemCollection
TextForEachAdapter,Plugin
TextForEachAdapter,XMLParser
TextForEachAdapter,TextEvent
TextForEachAdapter,TextItemValueAdapter
TextForEachAdapter,Document
TextForEachAdapter,AbstractPlugin
TextItemValueAdapter,Adapter
TextItemValueAdapter,ItemCollection
TextItemValueAdapter,Plugin
TextItemValueAdapter,XMLParser
TextItemValueAdapter,TextEvent
TextItemValueAdapter,Document
TextItemValueAdapter,AbstractPlugin
TextPropertyValueAdapter,Adapter
TextPropertyValueAdapter,Plugin
TextPropertyValueAdapter,XMLParser
TextPropertyValueAdapter,TextEvent
TextPropertyValueAdapter,AbstractPlugin
WorkflowScheduler,ItemCollection
WorkflowScheduler,Model
WorkflowScheduler,QuerySelector
WorkflowScheduler,WorkflowKernel
WorkflowScheduler,ModelException
WorkflowScheduler,QueryException
WorkflowScheduler,DocumentService
WorkflowScheduler,ModelService
WorkflowScheduler,WorkflowService
WorkflowScheduler,Scheduler
WorkflowScheduler,SchedulerException
WorkflowScheduler,SchedulerService
WorkflowSchedulerController,WorkflowScheduler
WorkflowSchedulerController,Scheduler
WorkflowSchedulerController,SchedulerController
WorkflowService,Adapter
WorkflowService,ItemCollection
WorkflowService,Model
WorkflowService,ModelManager
WorkflowService,Plugin
WorkflowService,WorkflowContext
WorkflowService,WorkflowKernel
WorkflowService,WorkflowManager
WorkflowService,AccessDeniedException
WorkflowService,InvalidAccessException
WorkflowService,ModelException
WorkflowService,PluginException
WorkflowService,ProcessingErrorException
WorkflowService,QueryException
WorkflowService,DocumentService
WorkflowService,ModelService
WorkflowService,ProcessingEvent
WorkflowService,ReportService
WorkflowService,TextEvent
WorkflowService,ResultPlugin
AccessAdapter,Adapter
AccessAdapter,GenericAdapter
AccessAdapter,ItemCollection
AccessAdapter,AdapterException
AccessAdapter,ModelException
AccessAdapter,PluginException
AccessAdapter,WorkflowService
AdminPException,InvalidAccessException
AdminPService,ItemCollection
AdminPService,Plugin
AdminPService,WorkflowKernel
AdminPService,AccessDeniedException
AdminPService,DocumentService
AdminPService,AdminPException
AdminPService,JobHandler
AdminPService,JobHandlerRebuildIndex
AdminPService,JobHandlerRenameUser
AdminPService,JobHandlerUpgradeWorkitems
JobHandler,ItemCollection
JobHandlerRebuildIndex,ItemCollection
JobHandlerRebuildIndex,InvalidAccessException
JobHandlerRebuildIndex,AdminPException
JobHandlerRebuildIndex,AdminPService
JobHandlerRebuildIndex,JobHandler
JobHandlerRebuildIndex,UpdateService
JobHandlerRebuildIndex,Document
JobHandlerRenameUser,ItemCollection
JobHandlerRenameUser,Plugin
JobHandlerRenameUser,WorkflowKernel
JobHandlerRenameUser,AccessDeniedException
JobHandlerRenameUser,InvalidAccessException
JobHandlerRenameUser,QueryException
JobHandlerRenameUser,DocumentService
JobHandlerRenameUser,WorkflowService
JobHandlerRenameUser,AdminPException
JobHandlerRenameUser,AdminPService
JobHandlerRenameUser,JobHandler
JobHandlerRenameUser,OwnerPlugin
JobHandlerUpgradeWorkitems,ItemCollection
JobHandlerUpgradeWorkitems,Plugin
JobHandlerUpgradeWorkitems,WorkflowKernel
JobHandlerUpgradeWorkitems,DocumentService
JobHandlerUpgradeWorkitems,AdminPException
JobHandlerUpgradeWorkitems,AdminPService
JobHandlerUpgradeWorkitems,JobHandler
JobHandlerUpgradeWorkitems,OwnerPlugin
IndexEvent,ItemCollection
IndexEvent,Document
SchemaService,ItemCollection
SchemaService,WorkflowKernel
SchemaService,QueryException
SchemaService,DocumentService
SearchService,ItemCollection
SearchService,SortOrder
UpdateService,ItemCollection
Document,WorkflowKernel
EventLog,WorkflowKernel
AbstractPlugin,ItemCollection
AbstractPlugin,Plugin
AbstractPlugin,WorkflowContext
AbstractPlugin,PluginException
AbstractPlugin,WorkflowService
AccessPlugin,ItemCollection
AccessPlugin,Plugin
AccessPlugin,PluginException
AccessPlugin,AbstractPlugin
AnalysisPlugin,ItemCollection
AnalysisPlugin,Plugin
AnalysisPlugin,PluginException
AnalysisPlugin,AbstractPlugin
AnalysisPlugin,MeasurePoint
AnalysisPlugin,ResultPlugin
ApplicationPlugin,ItemCollection
ApplicationPlugin,Plugin
ApplicationPlugin,ModelException
ApplicationPlugin,PluginException
ApplicationPlugin,WorkflowService
ApplicationPlugin,AbstractPlugin
ApproverPlugin,ItemCollection
ApproverPlugin,Plugin
ApproverPlugin,PluginException
ApproverPlugin,WorkflowService
ApproverPlugin,AbstractPlugin
DocumentComposerPlugin,Adapter
DocumentComposerPlugin,ItemCollection
DocumentComposerPlugin,Plugin
DocumentComposerPlugin,WorkflowContext
DocumentComposerPlugin,ModelException
DocumentComposerPlugin,PluginException
DocumentComposerPlugin,XMLDocument
DocumentComposerPlugin,XMLDocumentAdapter
DocumentComposerPlugin,XSLHandler
DocumentComposerPlugin,WorkflowService
DocumentComposerPlugin,Document
DocumentComposerPlugin,AbstractPlugin
HistoryPlugin,ItemCollection
HistoryPlugin,Plugin
HistoryPlugin,WorkflowKernel
HistoryPlugin,PluginException
HistoryPlugin,WorkflowService
HistoryPlugin,AbstractPlugin
IntervalPlugin,ItemCollection
IntervalPlugin,Plugin
IntervalPlugin,PluginException
IntervalPlugin,XMLParser
IntervalPlugin,WorkflowService
IntervalPlugin,AbstractPlugin
LogPlugin,ItemCollection
LogPlugin,Plugin
LogPlugin,PluginException
LogPlugin,AbstractPlugin
MailPlugin,Adapter
MailPlugin,ItemCollection
MailPlugin,Plugin
MailPlugin,PluginException
MailPlugin,XMLDocument
MailPlugin,XMLDocumentAdapter
MailPlugin,XSLHandler
MailPlugin,WorkflowService
MailPlugin,Document
MailPlugin,AbstractPlugin
OwnerPlugin,ItemCollection
OwnerPlugin,Plugin
OwnerPlugin,ModelException
OwnerPlugin,PluginException
OwnerPlugin,WorkflowService
OwnerPlugin,AbstractPlugin
ReportPlugin,Adapter
ReportPlugin,FileData
ReportPlugin,ItemCollection
ReportPlugin,Plugin
ReportPlugin,PluginException
ReportPlugin,XMLDataCollection
ReportPlugin,XMLDocument
ReportPlugin,XMLDocumentAdapter
ReportPlugin,XSLHandler
ReportPlugin,ReportService
ReportPlugin,WorkflowService
ReportPlugin,Document
ReportPlugin,AbstractPlugin
ResultPlugin,ItemCollection
ResultPlugin,Plugin
ResultPlugin,PluginException
ResultPlugin,WorkflowService
ResultPlugin,AbstractPlugin
RulePlugin,ItemCollection
RulePlugin,Plugin
RulePlugin,RuleEngine
RulePlugin,PluginException
RulePlugin,AbstractPlugin
SplitAndJoinPlugin,ItemCollection
SplitAndJoinPlugin,Plugin
SplitAndJoinPlugin,WorkflowKernel
SplitAndJoinPlugin,AccessDeniedException
SplitAndJoinPlugin,ModelException
SplitAndJoinPlugin,PluginException
SplitAndJoinPlugin,ProcessingErrorException
SplitAndJoinPlugin,XMLParser
SplitAndJoinPlugin,WorkflowService
SplitAndJoinPlugin,AbstractPlugin
VersionPlugin,ItemCollection
VersionPlugin,Plugin
VersionPlugin,AccessDeniedException
VersionPlugin,ModelException
VersionPlugin,PluginException
VersionPlugin,ProcessingErrorException
VersionPlugin,QueryException
VersionPlugin,DocumentService
VersionPlugin,WorkflowService
VersionPlugin,AbstractPlugin
Scheduler,ItemCollection
SchedulerConfigurationService,ItemCollection
SchedulerConfigurationService,DocumentService
SchedulerController,ItemCollection
SchedulerController,AccessDeniedException
SchedulerController,Scheduler
SchedulerController,SchedulerService
SchedulerException,WorkflowException
SchedulerService,ItemCollection
SchedulerService,AccessDeniedException
SchedulerService,InvalidAccessException
SchedulerService,QueryException
SchedulerService,DocumentService
SchedulerService,Scheduler
SchedulerService,SchedulerConfigurationService
SchedulerService,SchedulerException
ModelPluginMock,ItemCollection
ModelPluginMock,Model
ModelPluginMock,Plugin
ModelPluginMock,BPMNModel
ModelPluginMock,ModelException
TestAdaptForEach,ItemCollection
TestAdaptForEach,ModelException
TestAdaptForEach,PluginException
TestAdaptForEach,WorkflowService
TestAdaptForEach,WorkflowMockEnvironment
TestAdaptForEach,WorkflowMockEnvironment
TestAdaptText,ItemCollection
TestAdaptText,Plugin
TestAdaptText,ModelException
TestAdaptText,PluginException
TestAdaptText,WorkflowService
TestAdaptText,AbstractPlugin
TestAdaptText,TestPlugin
TestAdaptText,WorkflowMockEnvironment
TestAdaptText,TestPlugin
TestAdaptText,WorkflowMockEnvironment
TestEvaluateWorkflowResult,ItemCollection
TestEvaluateWorkflowResult,ModelException
TestEvaluateWorkflowResult,PluginException
TestEvaluateWorkflowResult,WorkflowService
TestEvaluateWorkflowResult,WorkflowMockEnvironment
TestEvaluateWorkflowResult,WorkflowMockEnvironment
TestModelService,ItemCollection
TestModelService,Model
TestModelService,ModelException
TestModelService,PluginException
TestModelService,ModelService
TestModelService,WorkflowMockEnvironment
TestModelService,WorkflowMockEnvironment
TestReportService,ReportService
TestSimulationService,ItemCollection
TestSimulationService,Model
TestSimulationService,WorkflowKernel
TestSimulationService,AccessDeniedException
TestSimulationService,ModelException
TestSimulationService,PluginException
TestSimulationService,ProcessingErrorException
TestSimulationService,SimulationService
TestSimulationService,WorkflowSimulationEnvironment
TestSimulationService,WorkflowSimulationEnvironment
TestWorkflowScheduler,ItemCollection
TestWorkflowScheduler,AccessDeniedException
TestWorkflowScheduler,PluginException
TestWorkflowScheduler,ProcessingErrorException
TestWorkflowScheduler,WorkflowScheduler
TestWorkflowScheduler,Scheduler
TestWorkflowService,ItemCollection
TestWorkflowService,Model
TestWorkflowService,WorkflowKernel
TestWorkflowService,AccessDeniedException
TestWorkflowService,ModelException
TestWorkflowService,PluginException
TestWorkflowService,ProcessingErrorException
TestWorkflowService,WorkflowService
TestWorkflowService,WorkflowMockEnvironment
TestWorkflowService,WorkflowMockEnvironment
TestWorkflowServiceGateways,ItemCollection
TestWorkflowServiceGateways,Model
TestWorkflowServiceGateways,WorkflowKernel
TestWorkflowServiceGateways,AccessDeniedException
TestWorkflowServiceGateways,ModelException
TestWorkflowServiceGateways,PluginException
TestWorkflowServiceGateways,ProcessingErrorException
TestWorkflowServiceGateways,WorkflowMockEnvironment
TestWorkflowServiceGateways,WorkflowMockEnvironment
WorkflowMockEnvironment,Adapter
WorkflowMockEnvironment,ItemCollection
WorkflowMockEnvironment,Model
WorkflowMockEnvironment,ModelManager
WorkflowMockEnvironment,WorkflowContext
WorkflowMockEnvironment,WorkflowKernel
WorkflowMockEnvironment,BPMNModel
WorkflowMockEnvironment,BPMNParser
WorkflowMockEnvironment,AccessDeniedException
WorkflowMockEnvironment,ModelException
WorkflowMockEnvironment,PluginException
WorkflowMockEnvironment,ProcessingErrorException
WorkflowMockEnvironment,DocumentService
WorkflowMockEnvironment,ModelService
WorkflowMockEnvironment,TextEvent
WorkflowMockEnvironment,TextForEachAdapter
WorkflowMockEnvironment,TextItemValueAdapter
WorkflowMockEnvironment,WorkflowService
WorkflowMockEnvironment,AccessAdapter
WorkflowSimulationEnvironment,ItemCollection
WorkflowSimulationEnvironment,Model
WorkflowSimulationEnvironment,ModelManager
WorkflowSimulationEnvironment,WorkflowContext
WorkflowSimulationEnvironment,BPMNModel
WorkflowSimulationEnvironment,BPMNParser
WorkflowSimulationEnvironment,AccessDeniedException
WorkflowSimulationEnvironment,ModelException
WorkflowSimulationEnvironment,PluginException
WorkflowSimulationEnvironment,ProcessingErrorException
WorkflowSimulationEnvironment,ModelService
WorkflowSimulationEnvironment,SimulationService
TestAccessAdapter,Adapter
TestAccessAdapter,ItemCollection
TestAccessAdapter,Model
TestAccessAdapter,AdapterException
TestAccessAdapter,ModelException
TestAccessAdapter,PluginException
TestAccessAdapter,WorkflowService
TestAccessAdapter,AccessAdapter
TestAccessAdapter,WorkflowMockEnvironment
TestAccessAdapter,WorkflowMockEnvironment
TestAccessAdapterProcessEntity,Adapter
TestAccessAdapterProcessEntity,ItemCollection
TestAccessAdapterProcessEntity,Model
TestAccessAdapterProcessEntity,Plugin
TestAccessAdapterProcessEntity,AdapterException
TestAccessAdapterProcessEntity,ModelException
TestAccessAdapterProcessEntity,PluginException
TestAccessAdapterProcessEntity,WorkflowService
TestAccessAdapterProcessEntity,AccessAdapter
TestAccessAdapterProcessEntity,OwnerPlugin
TestAccessAdapterProcessEntity,WorkflowMockEnvironment
TestAccessAdapterProcessEntity,WorkflowMockEnvironment
TestNormalizePhrase,ModelException
TestNormalizePhrase,PluginException
TestNormalizePhrase,SchemaService
TestAnalysisPlugin,ItemCollection
TestAnalysisPlugin,Plugin
TestAnalysisPlugin,PluginException
TestAnalysisPlugin,AnalysisPlugin
TestApplicationPlugin,ItemCollection
TestApplicationPlugin,Model
TestApplicationPlugin,Plugin
TestApplicationPlugin,ModelException
TestApplicationPlugin,PluginException
TestApplicationPlugin,WorkflowService
TestApplicationPlugin,ApplicationPlugin
TestApplicationPlugin,WorkflowMockEnvironment
TestApplicationPlugin,WorkflowMockEnvironment
TestApproverPlugin,ItemCollection
TestApproverPlugin,Model
TestApproverPlugin,Plugin
TestApproverPlugin,AdapterException
TestApproverPlugin,ModelException
TestApproverPlugin,PluginException
TestApproverPlugin,WorkflowService
TestApproverPlugin,ApproverPlugin
TestApproverPlugin,WorkflowMockEnvironment
TestApproverPlugin,WorkflowMockEnvironment
TestApproverResetPlugin,ItemCollection
TestApproverResetPlugin,Model
TestApproverResetPlugin,Plugin
TestApproverResetPlugin,AdapterException
TestApproverResetPlugin,ModelException
TestApproverResetPlugin,PluginException
TestApproverResetPlugin,WorkflowService
TestApproverResetPlugin,ApproverPlugin
TestApproverResetPlugin,WorkflowMockEnvironment
TestApproverResetPlugin,WorkflowMockEnvironment
TestIntervalPlugin,ItemCollection
TestIntervalPlugin,Model
TestIntervalPlugin,Plugin
TestIntervalPlugin,BPMNModel
TestIntervalPlugin,AdapterException
TestIntervalPlugin,ModelException
TestIntervalPlugin,PluginException
TestIntervalPlugin,DocumentService
TestIntervalPlugin,WorkflowService
TestIntervalPlugin,IntervalPlugin
TestIntervalPlugin,WorkflowMockEnvironment
TestIntervalPlugin,WorkflowMockEnvironment
TestMailPlugin,ItemCollection
TestMailPlugin,Plugin
TestMailPlugin,ModelException
TestMailPlugin,PluginException
TestMailPlugin,WorkflowService
TestMailPlugin,MailPlugin
TestMailPlugin,WorkflowMockEnvironment
TestMailPlugin,WorkflowMockEnvironment
TestOwnerPlugin,ItemCollection
TestOwnerPlugin,Model
TestOwnerPlugin,Plugin
TestOwnerPlugin,ModelException
TestOwnerPlugin,PluginException
TestOwnerPlugin,WorkflowService
TestOwnerPlugin,OwnerPlugin
TestOwnerPlugin,WorkflowMockEnvironment
TestOwnerPlugin,WorkflowMockEnvironment
TestOwnerPluginProcessEntity,ItemCollection
TestOwnerPluginProcessEntity,Model
TestOwnerPluginProcessEntity,Plugin
TestOwnerPluginProcessEntity,ModelException
TestOwnerPluginProcessEntity,PluginException
TestOwnerPluginProcessEntity,WorkflowService
TestOwnerPluginProcessEntity,OwnerPlugin
TestOwnerPluginProcessEntity,WorkflowMockEnvironment
TestOwnerPluginProcessEntity,WorkflowMockEnvironment
TestResultPlugin,ItemCollection
TestResultPlugin,Plugin
TestResultPlugin,ModelException
TestResultPlugin,PluginException
TestResultPlugin,WorkflowService
TestResultPlugin,ResultPlugin
TestResultPlugin,WorkflowMockEnvironment
TestResultPlugin,WorkflowMockEnvironment
TestRulePlugin,ItemCollection
TestRulePlugin,Plugin
TestRulePlugin,PluginException
TestRulePlugin,RulePlugin
TestRulePluginConditions,ItemCollection
TestRulePluginConditions,Model
TestRulePluginConditions,Plugin
TestRulePluginConditions,AccessDeniedException
TestRulePluginConditions,ModelException
TestRulePluginConditions,PluginException
TestRulePluginConditions,ProcessingErrorException
TestRulePluginConditions,ModelService
TestRulePluginConditions,WorkflowService
TestRulePluginConditions,ResultPlugin
TestRulePluginConditions,ModelPluginMock
TestRulePluginConditions,WorkflowMockEnvironment
TestRulePluginConditions,ModelPluginMock
TestRulePluginConditions,WorkflowMockEnvironment
TestScheduler,Scheduler
TestSplitAndJoinPlugin,FileData
TestSplitAndJoinPlugin,ItemCollection
TestSplitAndJoinPlugin,Model
TestSplitAndJoinPlugin,Plugin
TestSplitAndJoinPlugin,WorkflowContext
TestSplitAndJoinPlugin,WorkflowKernel
TestSplitAndJoinPlugin,ModelException
TestSplitAndJoinPlugin,PluginException
TestSplitAndJoinPlugin,DocumentService
TestSplitAndJoinPlugin,WorkflowService
TestSplitAndJoinPlugin,SplitAndJoinPlugin
TestSplitAndJoinPlugin,WorkflowMockEnvironment
TestSplitAndJoinPlugin,WorkflowMockEnvironment
ModelPluginMock,ItemCollection
ModelPluginMock,Model
ModelPluginMock,Plugin
ModelPluginMock,BPMNModel
ModelPluginMock,ModelException
TestAdaptForEach,ItemCollection
TestAdaptForEach,ModelException
TestAdaptForEach,PluginException
TestAdaptForEach,WorkflowService
TestAdaptForEach,WorkflowMockEnvironment
TestAdaptForEach,WorkflowMockEnvironment
TestAdaptText,ItemCollection
TestAdaptText,Plugin
TestAdaptText,ModelException
TestAdaptText,PluginException
TestAdaptText,WorkflowService
TestAdaptText,AbstractPlugin
TestAdaptText,TestPlugin
TestAdaptText,WorkflowMockEnvironment
TestAdaptText,TestPlugin
TestAdaptText,WorkflowMockEnvironment
TestEvaluateWorkflowResult,ItemCollection
TestEvaluateWorkflowResult,ModelException
TestEvaluateWorkflowResult,PluginException
TestEvaluateWorkflowResult,WorkflowService
TestEvaluateWorkflowResult,WorkflowMockEnvironment
TestEvaluateWorkflowResult,WorkflowMockEnvironment
TestModelService,ItemCollection
TestModelService,Model
TestModelService,ModelException
TestModelService,PluginException
TestModelService,ModelService
TestModelService,WorkflowMockEnvironment
TestModelService,WorkflowMockEnvironment
TestReportService,ReportService
TestSimulationService,ItemCollection
TestSimulationService,Model
TestSimulationService,WorkflowKernel
TestSimulationService,AccessDeniedException
TestSimulationService,ModelException
TestSimulationService,PluginException
TestSimulationService,ProcessingErrorException
TestSimulationService,SimulationService
TestSimulationService,WorkflowSimulationEnvironment
TestSimulationService,WorkflowSimulationEnvironment
TestWorkflowScheduler,ItemCollection
TestWorkflowScheduler,AccessDeniedException
TestWorkflowScheduler,PluginException
TestWorkflowScheduler,ProcessingErrorException
TestWorkflowScheduler,WorkflowScheduler
TestWorkflowScheduler,Scheduler
TestWorkflowService,ItemCollection
TestWorkflowService,Model
TestWorkflowService,WorkflowKernel
TestWorkflowService,AccessDeniedException
TestWorkflowService,ModelException
TestWorkflowService,PluginException
TestWorkflowService,ProcessingErrorException
TestWorkflowService,WorkflowService
TestWorkflowService,WorkflowMockEnvironment
TestWorkflowService,WorkflowMockEnvironment
TestWorkflowServiceGateways,ItemCollection
TestWorkflowServiceGateways,Model
TestWorkflowServiceGateways,WorkflowKernel
TestWorkflowServiceGateways,AccessDeniedException
TestWorkflowServiceGateways,ModelException
TestWorkflowServiceGateways,PluginException
TestWorkflowServiceGateways,ProcessingErrorException
TestWorkflowServiceGateways,WorkflowMockEnvironment
TestWorkflowServiceGateways,WorkflowMockEnvironment
WorkflowMockEnvironment,Adapter
WorkflowMockEnvironment,ItemCollection
WorkflowMockEnvironment,Model
WorkflowMockEnvironment,ModelManager
WorkflowMockEnvironment,WorkflowContext
WorkflowMockEnvironment,WorkflowKernel
WorkflowMockEnvironment,BPMNModel
WorkflowMockEnvironment,BPMNParser
WorkflowMockEnvironment,AccessDeniedException
WorkflowMockEnvironment,ModelException
WorkflowMockEnvironment,PluginException
WorkflowMockEnvironment,ProcessingErrorException
WorkflowMockEnvironment,DocumentService
WorkflowMockEnvironment,ModelService
WorkflowMockEnvironment,TextEvent
WorkflowMockEnvironment,TextForEachAdapter
WorkflowMockEnvironment,TextItemValueAdapter
WorkflowMockEnvironment,WorkflowService
WorkflowMockEnvironment,AccessAdapter
WorkflowSimulationEnvironment,ItemCollection
WorkflowSimulationEnvironment,Model
WorkflowSimulationEnvironment,ModelManager
WorkflowSimulationEnvironment,WorkflowContext
WorkflowSimulationEnvironment,BPMNModel
WorkflowSimulationEnvironment,BPMNParser
WorkflowSimulationEnvironment,AccessDeniedException
WorkflowSimulationEnvironment,ModelException
WorkflowSimulationEnvironment,PluginException
WorkflowSimulationEnvironment,ProcessingErrorException
WorkflowSimulationEnvironment,ModelService
WorkflowSimulationEnvironment,SimulationService
TestAccessAdapter,Adapter
TestAccessAdapter,ItemCollection
TestAccessAdapter,Model
TestAccessAdapter,AdapterException
TestAccessAdapter,ModelException
TestAccessAdapter,PluginException
TestAccessAdapter,WorkflowService
TestAccessAdapter,AccessAdapter
TestAccessAdapter,WorkflowMockEnvironment
TestAccessAdapter,WorkflowMockEnvironment
TestAccessAdapterProcessEntity,Adapter
TestAccessAdapterProcessEntity,ItemCollection
TestAccessAdapterProcessEntity,Model
TestAccessAdapterProcessEntity,Plugin
TestAccessAdapterProcessEntity,AdapterException
TestAccessAdapterProcessEntity,ModelException
TestAccessAdapterProcessEntity,PluginException
TestAccessAdapterProcessEntity,WorkflowService
TestAccessAdapterProcessEntity,AccessAdapter
TestAccessAdapterProcessEntity,OwnerPlugin
TestAccessAdapterProcessEntity,WorkflowMockEnvironment
TestAccessAdapterProcessEntity,WorkflowMockEnvironment
TestNormalizePhrase,ModelException
TestNormalizePhrase,PluginException
TestNormalizePhrase,SchemaService
TestAnalysisPlugin,ItemCollection
TestAnalysisPlugin,Plugin
TestAnalysisPlugin,PluginException
TestAnalysisPlugin,AnalysisPlugin
TestApplicationPlugin,ItemCollection
TestApplicationPlugin,Model
TestApplicationPlugin,Plugin
TestApplicationPlugin,ModelException
TestApplicationPlugin,PluginException
TestApplicationPlugin,WorkflowService
TestApplicationPlugin,ApplicationPlugin
TestApplicationPlugin,WorkflowMockEnvironment
TestApplicationPlugin,WorkflowMockEnvironment
TestApproverPlugin,ItemCollection
TestApproverPlugin,Model
TestApproverPlugin,Plugin
TestApproverPlugin,AdapterException
TestApproverPlugin,ModelException
TestApproverPlugin,PluginException
TestApproverPlugin,WorkflowService
TestApproverPlugin,ApproverPlugin
TestApproverPlugin,WorkflowMockEnvironment
TestApproverPlugin,WorkflowMockEnvironment
TestApproverResetPlugin,ItemCollection
TestApproverResetPlugin,Model
TestApproverResetPlugin,Plugin
TestApproverResetPlugin,AdapterException
TestApproverResetPlugin,ModelException
TestApproverResetPlugin,PluginException
TestApproverResetPlugin,WorkflowService
TestApproverResetPlugin,ApproverPlugin
TestApproverResetPlugin,WorkflowMockEnvironment
TestApproverResetPlugin,WorkflowMockEnvironment
TestIntervalPlugin,ItemCollection
TestIntervalPlugin,Model
TestIntervalPlugin,Plugin
TestIntervalPlugin,BPMNModel
TestIntervalPlugin,AdapterException
TestIntervalPlugin,ModelException
TestIntervalPlugin,PluginException
TestIntervalPlugin,DocumentService
TestIntervalPlugin,WorkflowService
TestIntervalPlugin,IntervalPlugin
TestIntervalPlugin,WorkflowMockEnvironment
TestIntervalPlugin,WorkflowMockEnvironment
TestMailPlugin,ItemCollection
TestMailPlugin,Plugin
TestMailPlugin,ModelException
TestMailPlugin,PluginException
TestMailPlugin,WorkflowService
TestMailPlugin,MailPlugin
TestMailPlugin,WorkflowMockEnvironment
TestMailPlugin,WorkflowMockEnvironment
TestOwnerPlugin,ItemCollection
TestOwnerPlugin,Model
TestOwnerPlugin,Plugin
TestOwnerPlugin,ModelException
TestOwnerPlugin,PluginException
TestOwnerPlugin,WorkflowService
TestOwnerPlugin,OwnerPlugin
TestOwnerPlugin,WorkflowMockEnvironment
TestOwnerPlugin,WorkflowMockEnvironment
TestOwnerPluginProcessEntity,ItemCollection
TestOwnerPluginProcessEntity,Model
TestOwnerPluginProcessEntity,Plugin
TestOwnerPluginProcessEntity,ModelException
TestOwnerPluginProcessEntity,PluginException
TestOwnerPluginProcessEntity,WorkflowService
TestOwnerPluginProcessEntity,OwnerPlugin
TestOwnerPluginProcessEntity,WorkflowMockEnvironment
TestOwnerPluginProcessEntity,WorkflowMockEnvironment
TestResultPlugin,ItemCollection
TestResultPlugin,Plugin
TestResultPlugin,ModelException
TestResultPlugin,PluginException
TestResultPlugin,WorkflowService
TestResultPlugin,ResultPlugin
TestResultPlugin,WorkflowMockEnvironment
TestResultPlugin,WorkflowMockEnvironment
TestRulePlugin,ItemCollection
TestRulePlugin,Plugin
TestRulePlugin,PluginException
TestRulePlugin,RulePlugin
TestRulePluginConditions,ItemCollection
TestRulePluginConditions,Model
TestRulePluginConditions,Plugin
TestRulePluginConditions,AccessDeniedException
TestRulePluginConditions,ModelException
TestRulePluginConditions,PluginException
TestRulePluginConditions,ProcessingErrorException
TestRulePluginConditions,ModelService
TestRulePluginConditions,WorkflowService
TestRulePluginConditions,ResultPlugin
TestRulePluginConditions,ModelPluginMock
TestRulePluginConditions,WorkflowMockEnvironment
TestRulePluginConditions,ModelPluginMock
TestRulePluginConditions,WorkflowMockEnvironment
TestScheduler,Scheduler
TestSplitAndJoinPlugin,ItemCollection
TestSplitAndJoinPlugin,Model
TestSplitAndJoinPlugin,Plugin
TestSplitAndJoinPlugin,WorkflowContext
TestSplitAndJoinPlugin,WorkflowKernel
TestSplitAndJoinPlugin,ModelException
TestSplitAndJoinPlugin,PluginException
TestSplitAndJoinPlugin,DocumentService
TestSplitAndJoinPlugin,WorkflowService
TestSplitAndJoinPlugin,SplitAndJoinPlugin
TestSplitAndJoinPlugin,WorkflowMockEnvironment
TestSplitAndJoinPlugin,WorkflowMockEnvironment
AbstractDataController,ItemCollection
AbstractDataController,DocumentService
DocumentController,ItemCollection
DocumentController,AccessDeniedException
DocumentController,DocumentService
DocumentController,Document
DocumentController,AbstractDataController
DocumentController,WorkflowEvent
ViewController,ItemCollection
ViewController,QueryException
ViewController,DocumentService
ViewHandler,ItemCollection
ViewHandler,QueryException
ViewHandler,ViewController
WorkflowController,ItemCollection
WorkflowController,Plugin
WorkflowController,WorkflowKernel
WorkflowController,InvalidAccessException
WorkflowController,ModelException
WorkflowController,PluginException
WorkflowController,ModelService
WorkflowController,WorkflowService
WorkflowController,OwnerPlugin
WorkflowController,AbstractDataController
WorkflowController,WorkflowEvent
WorkflowController,ErrorHandler
WorkflowController,LoginController
WorkflowController,ValidationException
WorkflowEvent,ItemCollection
FileUploadController,FileData
FileUploadController,ItemCollection
FileUploadController,WorkflowEvent
ErrorHandler,Plugin
ErrorHandler,ModelException
ErrorHandler,PluginException
ErrorHandler,WorkflowException
ErrorHandler,RulePlugin
ErrorHandler,ValidationException
LoginController,DocumentService
ValidationException,WorkflowException
ViewExpiredExceptionHandlerFactory,ViewExpiredExceptionHandler
DataControllerTest,ItemCollection
DataControllerTest,Document
DataControllerTest,DocumentController
LuceneIndexService,Adapter
LuceneIndexService,ItemCollection
LuceneIndexService,ItemAdapter
LuceneIndexService,WorkflowKernel
LuceneIndexService,IndexException
LuceneIndexService,DocumentService
LuceneIndexService,EventLogService
LuceneIndexService,AdminPService
LuceneIndexService,IndexEvent
LuceneIndexService,SchemaService
LuceneIndexService,Document
LuceneIndexService,EventLog
LuceneIndexService,LuceneItemAdapter
LuceneItemAdapter,Adapter
LuceneItemAdapter,ItemAdapter
LuceneItemAdapter,UpdateService
LuceneSearchService,ItemCollection
LuceneSearchService,WorkflowKernel
LuceneSearchService,InvalidAccessException
LuceneSearchService,QueryException
LuceneSearchService,DocumentService
LuceneSearchService,SchemaService
LuceneSearchService,SearchService
LuceneSearchService,SortOrder
LuceneSearchService,Document
LuceneSearchService,LuceneIndexService
LuceneUpdateService,ItemCollection
LuceneUpdateService,UpdateService
LuceneUpdateService,EventLog
LuceneUpdateService,LuceneIndexService
SolrAutoFlushScheduler,UpdateService
SolrAutoFlushScheduler,Scheduler
SolrAutoFlushScheduler,SolrUpdateService
SolrIndexService,ItemCollection
SolrIndexService,WorkflowKernel
SolrIndexService,IndexException
SolrIndexService,QueryException
SolrIndexService,BasicAuthenticator
SolrIndexService,RequestFilter
SolrIndexService,RestAPIException
SolrIndexService,RestClient
SolrIndexService,DocumentService
SolrIndexService,EventLogService
SolrIndexService,SetupEvent
SolrIndexService,AdminPService
SolrIndexService,IndexEvent
SolrIndexService,SchemaService
SolrIndexService,SortOrder
SolrIndexService,Document
SolrIndexService,EventLog
SolrSearchService,ItemCollection
SolrSearchService,QueryException
SolrSearchService,JSONParser
SolrSearchService,DocumentService
SolrSearchService,SchemaService
SolrSearchService,SearchService
SolrSearchService,SortOrder
SolrSearchService,SolrIndexService
SolrUpdateService,ItemCollection
SolrUpdateService,IndexException
SolrUpdateService,RestAPIException
SolrUpdateService,UpdateService
SolrUpdateService,EventLog
SolrUpdateService,SolrIndexService
TestParseSolrJSONResult,ItemCollection
TestParseSolrJSONResult,ModelException
TestParseSolrJSONResult,PluginException
TestParseSolrJSONResult,SearchService
TestParseSolrJSONResult,SolrSearchService
TestStripInvalidCharacters,ModelException
TestStripInvalidCharacters,PluginException
TestStripInvalidCharacters,SolrIndexService
AdminPRestService,Adapter
AdminPRestService,ItemCollection
AdminPRestService,AccessDeniedException
AdminPRestService,ImixsExceptionHandler
AdminPRestService,XMLDataCollection
AdminPRestService,XMLDataCollectionAdapter
AdminPRestService,XMLDocument
AdminPRestService,XMLDocumentAdapter
AdminPRestService,DocumentService
AdminPRestService,AdminPService
AdminPRestService,Document
BPMNUnmarshaller,Model
BPMNUnmarshaller,BPMNModel
BPMNUnmarshaller,BPMNParser
BPMNUnmarshaller,ModelException
DocumentCollectionWriter,XMLDataCollection
DocumentCollectionWriter,XMLDocument
DocumentCollectionWriter,Document
DocumentCollectionWriter,XMLItemCollectionWriter
DocumentRestService,Adapter
DocumentRestService,ItemCollection
DocumentRestService,WorkflowKernel
DocumentRestService,AccessDeniedException
DocumentRestService,ImixsExceptionHandler
DocumentRestService,QueryException
DocumentRestService,XMLCount
DocumentRestService,XMLDataCollectionAdapter
DocumentRestService,XMLDocument
DocumentRestService,XMLDocumentAdapter
DocumentRestService,DocumentService
DocumentRestService,SchemaService
DocumentRestService,SearchService
DocumentRestService,Document
DocumentTableWriter,Adapter
DocumentTableWriter,ItemCollection
DocumentTableWriter,DocumentTable
DocumentTableWriter,XMLDocument
DocumentTableWriter,XMLDocumentAdapter
DocumentTableWriter,Document
DocumentTableWriter,XMLItemCollectionWriter
EventLogRestService,Adapter
EventLogRestService,ItemCollection
EventLogRestService,XMLDataCollection
EventLogRestService,XMLDataCollectionAdapter
EventLogRestService,EventLogService
EventLogRestService,SearchService
EventLogRestService,EventLog
ModelRestService,Adapter
ModelRestService,ItemCollection
ModelRestService,Model
ModelRestService,BPMNModel
ModelRestService,ModelException
ModelRestService,XMLDataCollection
ModelRestService,XMLDocument
ModelRestService,XMLDocumentAdapter
ModelRestService,DocumentService
ModelRestService,ModelService
ModelRestService,Document
ModelRestService,DocumentRestService
ModelRestService,WorkflowRestService
ReportRestService,Adapter
ReportRestService,ItemCollection
ReportRestService,DocumentTable
ReportRestService,XMLDataCollection
ReportRestService,XMLDataCollectionAdapter
ReportRestService,XMLDocument
ReportRestService,XMLDocumentAdapter
ReportRestService,XSLHandler
ReportRestService,DocumentService
ReportRestService,ReportService
ReportRestService,Document
WorkflowRestService,Adapter
WorkflowRestService,FileData
WorkflowRestService,ItemCollection
WorkflowRestService,WorkflowKernel
WorkflowRestService,AccessDeniedException
WorkflowRestService,ImixsExceptionHandler
WorkflowRestService,ModelException
WorkflowRestService,PluginException
WorkflowRestService,ImixsJSONParser
WorkflowRestService,JSONParser
WorkflowRestService,XMLDataCollection
WorkflowRestService,XMLDataCollectionAdapter
WorkflowRestService,XMLDocument
WorkflowRestService,XMLDocumentAdapter
WorkflowRestService,DocumentService
WorkflowRestService,WorkflowService
WorkflowRestService,Document
WorkflowRestService,DocumentRestService
XMLItemCollectionWriter,Adapter
XMLItemCollectionWriter,ItemCollection
XMLItemCollectionWriter,XMLDocument
XMLItemCollectionWriter,XMLDocumentAdapter
XMLItemCollectionWriter,Document
TestReportService,PluginException
TestReportService,ReportService
