LocalCacheContainerProvider,CacheContainerProvider
LocalCacheContainerProvider,CacheContainerProvider
LocalStatisticsProvider,LocalCacheContainerProvider
LocalStatisticsProvider,CacheContainerProvider
LocalStatisticsProvider,CarManager
LocalStatisticsProvider,StatisticsProvider
LocalStatisticsProvider,CarManager
LocalStatisticsProvider,CacheContainerProvider
LocalStatisticsProvider,StatisticsProvider
LocalStatisticsProvider,CarManager
PopulateCache,Car
PopulateCache,CacheContainerProvider
PopulateCache,CarManager
PopulateCache,CarManager
PopulateCache,Car
PopulateCache,CacheContainerProvider
PopulateCache,CarManager
CarManager,Car
CarManager,CacheContainerProvider
CarManager,Car
CarManager,CacheContainerProvider
RemoteCacheContainerProvider,CacheContainerProvider
RemoteCacheContainerProvider,CacheContainerProvider
RemoteStatisticsProvider,CacheContainerProvider
RemoteStatisticsProvider,CarManager
RemoteStatisticsProvider,StatisticsProvider
RemoteStatisticsProvider,CarManager
RemoteStatisticsProvider,CacheContainerProvider
RemoteStatisticsProvider,StatisticsProvider
RemoteStatisticsProvider,CarManager
PopulateCache,Car
PopulateCache,CacheContainerProvider
PopulateCache,CarManager
PopulateCache,CarManager
PopulateCache,Car
PopulateCache,CacheContainerProvider
PopulateCache,CarManager
CarManager,Car
CarManager,CacheContainerProvider
CarManager,Car
CarManager,CacheContainerProvider
JBossASCacheContainerProvider,CacheContainerProvider
JBossASCacheContainerProvider,CacheContainerProvider
LocalStatisticsProvider,CacheContainerProvider
LocalStatisticsProvider,CarManager
LocalStatisticsProvider,StatisticsProvider
LocalStatisticsProvider,CarManager
LocalStatisticsProvider,CacheContainerProvider
LocalStatisticsProvider,StatisticsProvider
LocalStatisticsProvider,CarManager
PopulateCache,Car
PopulateCache,CacheContainerProvider
PopulateCache,CarManager
PopulateCache,CarManager
PopulateCache,Car
PopulateCache,CacheContainerProvider
PopulateCache,CarManager
CarManager,Car
CarManager,CacheContainerProvider
CarManager,Car
CarManager,CacheContainerProvider
TomcatCacheContainerProvider,CacheContainerProvider
TomcatCacheContainerProvider,CacheContainerProvider
Resources,MyCacheManagerProvider
FootballManager,Team
FootballManager,Team
FootballManager,Team
Base64,InputStream
Base64,OutputStream
Base64,InputStream
Base64,OutputStream
OutputStream,Base64
OutputStream,Base64
FootballManager,Team
FootballManager,MemcachedCache
FootballManager,Team
FootballManager,Team
Base64,InputStream
Base64,OutputStream
Base64,InputStream
Base64,OutputStream
OutputStream,Base64
OutputStream,Base64
FootballManager,Team
FootballManager,Team
FootballManager,Team
