BaseCredentials,Credentials
BaseCredentials,CredentialsDescriptor
ContextInPath,HandlerImpl
ContextInPath,CredentialsDescriptor
Credentials,CredentialsDescriptor
CredentialsDescriptor,ContextInPath
CredentialsDescriptor,Credentials
CredentialsDescriptor,EnhancedCheckMethod
CredentialsDescriptor,CredentialsProvider
CredentialsDescriptor,CredentialsSelectHelper
CredentialsDescriptor,WrappedCredentialsStore
CredentialsDescriptor,ContextResolver
CredentialsDescriptor,CredentialsStore
CredentialsDescriptor,CredentialsStoreAction
CredentialsDescriptor,DomainWrapper
CredentialsDescriptor,CredentialsWrapper
EnhancedCheckMethod,CredentialsSelectHelper
EnhancedCheckMethod,ContextResolver
EnhancedCheckMethod,CredentialsStore
CredentialsMatcher,Credentials
CQL,CredentialsMatcher
CredentialsMatchers,Credentials
CredentialsMatchers,CredentialsMatcher
CredentialsMatchers,CQL
CredentialsMatchers,MatcherBuildingListener
CredentialsMatchers,CQLSyntaxError
CredentialsMatchers,None
CredentialsMatchers,None
CredentialsMatchers,AllOfMatcher
CredentialsMatchers,AnyOfMatcher
CredentialsMatchers,ConstantMatcher
CredentialsMatchers,CQLSyntaxException
CredentialsMatchers,IdMatcher
CredentialsMatchers,InstanceOfMatcher
CredentialsMatchers,NotMatcher
CredentialsMatchers,ScopeMatcher
CredentialsMatchers,UsernameMatcher
MatcherBuildingListener,CredentialsMatcher
MatcherBuildingListener,CredentialsMatchers
MatcherBuildingListener,CQLSyntaxError
MatcherBuildingListener,ConstantMatcher
MatcherBuildingListener,InstanceOfMatcher
MatcherBuildingListener,NotMatcher
CredentialsNameComparator,Credentials
CredentialsNameComparator,CredentialsNameProvider
CredentialsNameComparator,NameProvider
CredentialsNameComparator,NameProvider
CredentialsNameComparator,NameProvider
CredentialsNameComparator,NameProvider
CredentialsNameComparator,NameProvider
CredentialsNameComparator,NameProvider
CredentialsNameProvider,Credentials
CredentialsNameProvider,Result
CredentialsNameProvider,NameWith
CredentialsNameProvider,IdCredentials
CredentialsNameProvider,NameProvider
CredentialsNameProvider,NameProvider
CredentialsNameProvider,NameProvider
CredentialsNameProvider,NameProvider
CredentialsNameProvider,NameProvider
CredentialsNameProvider,NameProvider
CredentialsParameterDefinition,CredentialsParameterValue
DescriptorImpl,Credentials
DescriptorImpl,CredentialsDescriptor
DescriptorImpl,CredentialsProvider
DescriptorImpl,StandardCredentials
DescriptorImpl,StandardListBoxModel
DescriptorImpl,DomainRequirement
CredentialsParameterValue,Credentials
CredentialsParameterValue,CredentialsMatchers
CredentialsParameterValue,CredentialsNameProvider
CredentialsParameterValue,CredentialsProvider
CredentialsParameterValue,CredentialsStore
CredentialsParameterValue,IdCredentials
CredentialsParameterValue,NameProvider
CredentialsParameterValue,StandardCredentials
CredentialsParameterValue,NameProvider
CredentialsParameterValue,NameProvider
CredentialsParameterValue,NameProvider
CredentialsParameterValue,NameProvider
CredentialsParameterValue,NameProvider
CredentialsParameterValue,Domain
CredentialsParameterValue,DomainRequirement
CredentialsProvider,Credentials
CredentialsProvider,CredentialsDescriptor
CredentialsProvider,CredentialsMatcher
CredentialsProvider,CredentialsMatchers
CredentialsProvider,CredentialsNameComparator
CredentialsProvider,CredentialsNameProvider
CredentialsProvider,ListBoxModelOptionComparator
CredentialsProvider,CredentialsProviderManager
CredentialsProvider,CredentialsResolver
CredentialsProvider,CredentialsSnapshotTaker
CredentialsProvider,CredentialsStore
CredentialsProvider,CredentialsParameterBinder
CredentialsProvider,CredentialsParameterBinding
CredentialsProvider,CredentialsId
CredentialsProvider,IdCredentials
CredentialsProvider,NameProvider
CredentialsProvider,NameProvider
CredentialsProvider,NameProvider
CredentialsProvider,NameProvider
CredentialsProvider,NameProvider
CredentialsProvider,NameProvider
CredentialsProvider,DomainRequirement
CredentialsProvider,ItemCredentialsFingerprintFacet
CredentialsProvider,NodeCredentialsFingerprintFacet
CredentialsProviderFilter,CredentialsProvider
CredentialsProviderFilter,CredentialsProviderFilterDescriptor
None,CredentialsProvider
None,CredentialsProviderFilter
DescriptorImpl,CredentialsProviderFilterDescriptor
Includes,CredentialsProvider
Includes,CredentialsProviderFilter
DescriptorImpl,CredentialsProvider
DescriptorImpl,CredentialsProviderFilterDescriptor
Excludes,CredentialsProvider
Excludes,CredentialsProviderFilter
DescriptorImpl,CredentialsProvider
DescriptorImpl,CredentialsProviderFilterDescriptor
CredentialsProviderFilterDescriptor,CredentialsProvider
CredentialsProviderFilterDescriptor,CredentialsProviderFilter
CredentialsProviderFilterDescriptor,CredentialsProviderManager
CredentialsProviderManager,CredentialsDescriptor
CredentialsProviderManager,CredentialsProvider
CredentialsProviderManager,CredentialsProviderFilter
CredentialsProviderManager,None
CredentialsProviderManager,CredentialsProviderTypeRestriction
CredentialsProviderManager,CredentialsProviderTypeRestrictionDescriptor
CredentialsProviderManager,CredentialsStore
CredentialsProviderManager,CredentialsStoreAction
CredentialsProviderManager,DomainWrapper
CredentialsProviderManager,CredentialsWrapper
CredentialsProviderManager,CredentialsTypeFilter
CredentialsProviderManager,None
Configuration,CredentialsProviderFilter
Configuration,None
Configuration,CredentialsProviderManager
Configuration,CredentialsProviderTypeRestriction
Configuration,CredentialsTypeFilter
Configuration,None
Configuration,GlobalCredentialsConfiguration
Configuration,Category
CredentialsProviderTypeRestriction,CredentialsDescriptor
CredentialsProviderTypeRestriction,CredentialsProvider
CredentialsProviderTypeRestriction,CredentialsProviderTypeRestrictionDescriptor
Includes,CredentialsDescriptor
Includes,CredentialsProvider
Includes,CredentialsProviderTypeRestriction
DescriptorImpl,CredentialsDescriptor
DescriptorImpl,CredentialsProvider
DescriptorImpl,Includes
DescriptorImpl,CredentialsProviderTypeRestriction
DescriptorImpl,Includes
DescriptorImpl,CredentialsProviderTypeRestrictionDescriptor
DescriptorImpl,Includes
Excludes,CredentialsDescriptor
Excludes,CredentialsProvider
Excludes,CredentialsProviderTypeRestriction
DescriptorImpl,CredentialsDescriptor
DescriptorImpl,CredentialsProvider
DescriptorImpl,CredentialsProviderTypeRestriction
DescriptorImpl,CredentialsProviderTypeRestrictionDescriptor
CredentialsProviderTypeRestrictionDescriptor,CredentialsDescriptor
CredentialsProviderTypeRestrictionDescriptor,CredentialsProvider
CredentialsProviderTypeRestrictionDescriptor,CredentialsProviderTypeRestriction
CredentialsResolver,Credentials
CredentialsResolver,ResolveWith
CredentialsSelectHelper,CredentialsProvider
CredentialsSelectHelper,StoreItem
CredentialsSelectHelper,WrappedContextResolver
CredentialsSelectHelper,ContextResolver
CredentialsSelectHelper,CredentialsStore
StoreItem,CredentialsSelectHelper
StoreItem,ContextResolver
StoreItem,CredentialsStore
WrappedContextResolver,CredentialsProvider
WrappedContextResolver,WrappedContextResolverCredentialsProvider
WrappedContextResolver,ContextResolver
WrappedContextResolverCredentialsProvider,CredentialsProvider
WrappedContextResolverCredentialsProvider,WrappedCredentialsStore
WrappedContextResolverCredentialsProvider,ContextResolver
WrappedContextResolverCredentialsProvider,CredentialsStore
WrappedCredentialsStore,Credentials
WrappedCredentialsStore,CredentialsDescriptor
WrappedCredentialsStore,CredentialsProvider
WrappedCredentialsStore,CredentialsSelectHelper
WrappedCredentialsStore,ContextResolver
WrappedCredentialsStore,CredentialsStore
WrappedCredentialsStore,CredentialsStoreAction
WrappedCredentialsStore,DomainWrapper
WrappedCredentialsStore,Domain
SystemContextResolver,ContextResolver
ItemContextResolver,ContextResolver
UserContextResolver,ContextResolver
CredentialsSnapshotTaker,Credentials
CredentialsStore,Credentials
CredentialsStore,CredentialsDescriptor
CredentialsStore,CredentialsProvider
CredentialsStore,CredentialsStoreAction
CredentialsStore,Domain
CredentialsStoreAction,ContextMenuIconUtils
CredentialsStoreAction,Credentials
CredentialsStoreAction,Result
CredentialsStoreAction,DescriptorImpl
CredentialsStoreAction,CredentialsProvider
CredentialsStoreAction,DescriptorImpl
CredentialsStoreAction,DescriptorImpl
CredentialsStoreAction,DescriptorImpl
CredentialsStoreAction,DescriptorImpl
CredentialsStoreAction,DescriptorImpl
CredentialsStoreAction,CredentialsStore
CredentialsStoreAction,DomainWrapper
CredentialsStoreAction,DescriptorImpl
CredentialsStoreAction,DescriptorImpl
CredentialsStoreAction,DescriptorImpl
CredentialsStoreAction,DescriptorImpl
CredentialsStoreAction,DescriptorImpl
CredentialsStoreAction,DescriptorImpl
CredentialsStoreAction,SecretBytes
CredentialsStoreAction,DescriptorImpl
CredentialsStoreAction,DescriptorImpl
CredentialsStoreAction,StandardCredentials
CredentialsStoreAction,Domain
CredentialsStoreAction,DomainSpecification
CredentialsStoreAction,DescriptorImpl
CredentialsStoreAction,DescriptorImpl
CredentialsStoreAction,DescriptorImpl
CredentialsStoreAction,DescriptorImpl
CredentialsStoreAction,BaseStandardCredentials
CredentialsStoreAction,DescriptorImpl
CredentialsStoreAction,DescriptorImpl
CredentialsStoreAction,DescriptorImpl
CredentialsStoreAction,DescriptorImpl
CredentialsStoreAction,DescriptorImpl
CredentialsStoreAction,DescriptorImpl
CredentialsStoreAction,DescriptorImpl
CredentialsStoreAction,DescriptorImpl
CredentialsStoreAction,DescriptorImpl
DomainWrapper,ContextMenuIconUtils
DomainWrapper,Credentials
DomainWrapper,Result
DomainWrapper,DescriptorImpl
DomainWrapper,CredentialsProvider
DomainWrapper,DescriptorImpl
DomainWrapper,DescriptorImpl
DomainWrapper,DescriptorImpl
DomainWrapper,DescriptorImpl
DomainWrapper,DescriptorImpl
DomainWrapper,CredentialsStore
DomainWrapper,CredentialsStoreAction
DomainWrapper,DescriptorImpl
DomainWrapper,CredentialsWrapper
DomainWrapper,DescriptorImpl
DomainWrapper,DescriptorImpl
DomainWrapper,DescriptorImpl
DomainWrapper,DescriptorImpl
DomainWrapper,DescriptorImpl
DomainWrapper,DescriptorImpl
DomainWrapper,DescriptorImpl
DomainWrapper,IdCredentials
DomainWrapper,Domain
DomainWrapper,DescriptorImpl
DomainWrapper,DescriptorImpl
DomainWrapper,DescriptorImpl
DomainWrapper,DescriptorImpl
DomainWrapper,DescriptorImpl
DomainWrapper,DescriptorImpl
DomainWrapper,DescriptorImpl
DomainWrapper,DescriptorImpl
DomainWrapper,DescriptorImpl
DomainWrapper,DescriptorImpl
DomainWrapper,DescriptorImpl
DomainWrapper,DescriptorImpl
DomainWrapper,DescriptorImpl
DescriptorImpl,CredentialsStoreAction
DescriptorImpl,DomainWrapper
DescriptorImpl,Domain
CredentialsWrapper,ContextMenuIconUtils
CredentialsWrapper,Credentials
CredentialsWrapper,CredentialsNameProvider
CredentialsWrapper,Result
CredentialsWrapper,CredentialsProvider
CredentialsWrapper,CredentialsStore
CredentialsWrapper,DomainWrapper
CredentialsWrapper,NameProvider
CredentialsWrapper,StandardCredentials
CredentialsWrapper,NameProvider
CredentialsWrapper,NameProvider
CredentialsWrapper,NameProvider
CredentialsWrapper,NameProvider
CredentialsWrapper,NameProvider
CredentialsWrapper,Domain
DescriptorImpl,Credentials
DescriptorImpl,CredentialsDescriptor
DescriptorImpl,CredentialsProvider
DescriptorImpl,CredentialsWrapper
CredentialsTypeFilter,CredentialsDescriptor
CredentialsTypeFilter,CredentialsTypeFilterDescriptor
None,CredentialsDescriptor
None,CredentialsTypeFilter
DescriptorImpl,CredentialsTypeFilterDescriptor
Includes,CredentialsDescriptor
Includes,CredentialsTypeFilter
DescriptorImpl,CredentialsDescriptor
DescriptorImpl,CredentialsTypeFilterDescriptor
Excludes,CredentialsDescriptor
Excludes,CredentialsTypeFilter
DescriptorImpl,CredentialsDescriptor
DescriptorImpl,CredentialsTypeFilterDescriptor
CredentialsTypeFilterDescriptor,CredentialsDescriptor
CredentialsTypeFilterDescriptor,CredentialsProviderManager
CredentialsTypeFilterDescriptor,CredentialsTypeFilter
GlobalCredentialsConfiguration,CredentialsDescriptor
GlobalCredentialsConfiguration,Configuration
GlobalCredentialsConfiguration,Category
DescriptorImpl,Configuration
DescriptorImpl,GlobalCredentialsConfiguration
ManageCredentialsConfiguration,CredentialsProvider
ManageCredentialsConfiguration,Configuration
SecretBytes,CredentialsConfidentialKey
ConverterImpl,SecretBytes
StaplerConverterImpl,SecretBytes
StaplerConverterImpl,ConverterImpl
SystemCredentialsProvider,Credentials
SystemCredentialsProvider,CredentialsProvider
SystemCredentialsProvider,StoreImpl
SystemCredentialsProvider,StoreImpl
SystemCredentialsProvider,Domain
SystemCredentialsProvider,DomainCredentials
SystemCredentialsProvider,StoreImpl
DescriptorImpl,CredentialsProvider
DescriptorImpl,SystemCredentialsProvider
ProviderImpl,Credentials
ProviderImpl,CredentialsMatcher
ProviderImpl,CredentialsProvider
ProviderImpl,CredentialsStore
ProviderImpl,SystemCredentialsProvider
ProviderImpl,DomainCredentials
ProviderImpl,DomainRequirement
StoreImpl,Credentials
StoreImpl,CredentialsProvider
StoreImpl,CredentialsStore
StoreImpl,CredentialsStoreAction
StoreImpl,SystemCredentialsProvider
StoreImpl,ProviderImpl
StoreImpl,UserFacingAction
StoreImpl,UserFacingAction
StoreImpl,Domain
UserFacingAction,CredentialsProvider
UserFacingAction,CredentialsStore
UserFacingAction,CredentialsStoreAction
UserFacingAction,SystemCredentialsProvider
UserCredentialsProvider,Credentials
UserCredentialsProvider,CredentialsProvider
UserCredentialsProvider,CredentialsStore
UserCredentialsProvider,StoreImpl
UserCredentialsProvider,UserCredentialsProperty
UserCredentialsProvider,StoreImpl
UserCredentialsProvider,DomainCredentials
UserCredentialsProvider,DomainRequirement
UserCredentialsProvider,StoreImpl
UserCredentialsProperty,Credentials
UserCredentialsProperty,CredentialsProvider
UserCredentialsProperty,Domain
UserCredentialsProperty,DomainCredentials
DescriptorImpl,Credentials
DescriptorImpl,CredentialsDescriptor
DescriptorImpl,CredentialsProvider
DescriptorImpl,UserCredentialsProperty
DescriptorImpl,DomainSpecification
UserFacingAction,CredentialsStore
UserFacingAction,CredentialsStoreAction
UserFacingAction,StoreImpl
UserFacingAction,StoreImpl
UserFacingAction,StoreImpl
StoreImpl,Credentials
StoreImpl,CredentialsStore
StoreImpl,CredentialsStoreAction
StoreImpl,UserFacingAction
StoreImpl,UserCredentialsProperty
StoreImpl,UserFacingAction
StoreImpl,Domain
ViewCredentialsAction,ContextMenuIconUtils
ViewCredentialsAction,Credentials
ViewCredentialsAction,CredentialsProvider
ViewCredentialsAction,CredentialsStore
ViewCredentialsAction,CredentialsStoreAction
ViewCredentialsAction,TableEntry
ViewCredentialsAction,IdCredentials
ViewCredentialsAction,Domain
TransientTopLevelItemActionFactoryImpl,ViewCredentialsAction
TransientUserActionFactoryImpl,ViewCredentialsAction
RootActionImpl,ViewCredentialsAction
TableEntry,Credentials
TableEntry,CredentialsNameProvider
TableEntry,CredentialsProvider
TableEntry,CredentialsStore
TableEntry,IdCredentials
TableEntry,NameProvider
TableEntry,StandardCredentials
TableEntry,NameProvider
TableEntry,NameProvider
TableEntry,NameProvider
TableEntry,NameProvider
TableEntry,NameProvider
TableEntry,Domain
CredentialsParameterBinder,Credentials
CredentialsParameterBinder,CredentialsParameterValue
CredentialsParameterBinder,CredentialsParameterBinding
CredentialsParameterBinding,CredentialsParameterValue
CredentialsParameterBinding,CredentialsId
CredentialsRootConfigurator,CredentialsProvider
CredentialsRootConfigurator,Configuration
CredentialsRootConfigurator,GlobalCredentialsConfiguration
CredentialsRootConfigurator,SystemCredentialsProvider
SystemCredentialsProviderConfigurator,Credentials
SystemCredentialsProviderConfigurator,CredentialsProvider
SystemCredentialsProviderConfigurator,SystemCredentialsProvider
SystemCredentialsProviderConfigurator,DomainCredentials
BaseCredentialsCLICommand,Credentials
BaseCredentialsCLICommand,Result
BaseCredentialsCLICommand,CredentialsStore
BaseCredentialsCLICommand,IdCredentials
BaseCredentialsCLICommand,Domain
CreateCredentialsByXmlCommand,Credentials
CreateCredentialsByXmlCommand,CredentialsProvider
CreateCredentialsByXmlCommand,CredentialsStore
CreateCredentialsByXmlCommand,BaseCredentialsCLICommand
CreateCredentialsByXmlCommand,Domain
CreateCredentialsDomainByXmlCommand,CredentialsProvider
CreateCredentialsDomainByXmlCommand,CredentialsStore
CreateCredentialsDomainByXmlCommand,BaseCredentialsCLICommand
CreateCredentialsDomainByXmlCommand,Domain
CredentialsStoreOptionHandler,CredentialsSelectHelper
CredentialsStoreOptionHandler,CredentialsStore
DeleteCredentialsCommand,Credentials
DeleteCredentialsCommand,CredentialsProvider
DeleteCredentialsCommand,CredentialsStore
DeleteCredentialsCommand,BaseCredentialsCLICommand
DeleteCredentialsCommand,Domain
DeleteCredentialsDomainCommand,CredentialsProvider
DeleteCredentialsDomainCommand,CredentialsStore
DeleteCredentialsDomainCommand,BaseCredentialsCLICommand
DeleteCredentialsDomainCommand,Domain
GetCredentialsAsXmlCommand,Credentials
GetCredentialsAsXmlCommand,CredentialsProvider
GetCredentialsAsXmlCommand,CredentialsStore
GetCredentialsAsXmlCommand,CredentialsStoreAction
GetCredentialsAsXmlCommand,BaseCredentialsCLICommand
GetCredentialsAsXmlCommand,Domain
GetCredentialsDomainAsXmlCommand,CredentialsProvider
GetCredentialsDomainAsXmlCommand,CredentialsStore
GetCredentialsDomainAsXmlCommand,BaseCredentialsCLICommand
GetCredentialsDomainAsXmlCommand,Domain
ImportCredentialsAsXmlCommand,Credentials
ImportCredentialsAsXmlCommand,CredentialsProvider
ImportCredentialsAsXmlCommand,CredentialsStore
ImportCredentialsAsXmlCommand,BaseCredentialsCLICommand
ImportCredentialsAsXmlCommand,Domain
ImportCredentialsAsXmlCommand,DomainCredentials
ListCredentialsAsXmlCommand,Credentials
ListCredentialsAsXmlCommand,CredentialsProvider
ListCredentialsAsXmlCommand,CredentialsStore
ListCredentialsAsXmlCommand,CredentialsStoreAction
ListCredentialsAsXmlCommand,BaseCredentialsCLICommand
ListCredentialsAsXmlCommand,Domain
ListCredentialsAsXmlCommand,DomainCredentials
ListCredentialsCommand,Credentials
ListCredentialsCommand,CredentialsNameProvider
ListCredentialsCommand,CredentialsProvider
ListCredentialsCommand,CredentialsStore
ListCredentialsCommand,BaseCredentialsCLICommand
ListCredentialsCommand,IdCredentials
ListCredentialsCommand,NameProvider
ListCredentialsCommand,NameProvider
ListCredentialsCommand,NameProvider
ListCredentialsCommand,NameProvider
ListCredentialsCommand,NameProvider
ListCredentialsCommand,NameProvider
ListCredentialsCommand,Domain
ListCredentialsContextResolversCommand,CredentialsSelectHelper
ListCredentialsContextResolversCommand,ContextResolver
ListCredentialsContextResolversCommand,BaseCredentialsCLICommand
ListCredentialsProvidersCommand,CredentialsProvider
ListCredentialsProvidersCommand,CredentialsSelectHelper
ListCredentialsProvidersCommand,BaseCredentialsCLICommand
UpdateCredentialsByXmlCommand,Credentials
UpdateCredentialsByXmlCommand,CredentialsProvider
UpdateCredentialsByXmlCommand,CredentialsStore
UpdateCredentialsByXmlCommand,BaseCredentialsCLICommand
UpdateCredentialsByXmlCommand,Domain
UpdateCredentialsDomainByXmlCommand,CredentialsProvider
UpdateCredentialsDomainByXmlCommand,CredentialsStore
UpdateCredentialsDomainByXmlCommand,BaseCredentialsCLICommand
UpdateCredentialsDomainByXmlCommand,Domain
AbstractIdCredentialsListBoxModel,Credentials
AbstractIdCredentialsListBoxModel,CredentialsMatcher
AbstractIdCredentialsListBoxModel,CredentialsMatchers
AbstractIdCredentialsListBoxModel,CredentialsProvider
AbstractIdCredentialsListBoxModel,IdCredentials
AbstractIdCredentialsListBoxModel,DomainRequirement
CertificateCredentials,Credentials
CertificateCredentials,PasswordCredentials
IdCredentials,Credentials
Helpers,Credentials
Helpers,IdCredentials
PasswordCredentials,Credentials
StandardCertificateCredentials,Credentials
StandardCertificateCredentials,CertificateCredentials
StandardCertificateCredentials,StandardCredentials
NameProvider,Credentials
NameProvider,CertificateCredentials
NameProvider,StandardCertificateCredentials
StandardCredentials,Credentials
StandardCredentials,IdCredentials
NameProvider,Credentials
NameProvider,StandardCredentials
StandardListBoxModel,Credentials
StandardListBoxModel,CredentialsNameProvider
StandardListBoxModel,NameProvider
StandardListBoxModel,StandardCredentials
StandardListBoxModel,NameProvider
StandardListBoxModel,NameProvider
StandardListBoxModel,NameProvider
StandardListBoxModel,NameProvider
StandardListBoxModel,NameProvider
StandardUsernameCredentials,Credentials
StandardUsernameCredentials,StandardCredentials
StandardUsernameCredentials,UsernameCredentials
NameProvider,Credentials
NameProvider,StandardUsernameCredentials
NameProvider,UsernameCredentials
StandardUsernameListBoxModel,Credentials
StandardUsernameListBoxModel,CredentialsNameProvider
StandardUsernameListBoxModel,NameProvider
StandardUsernameListBoxModel,NameProvider
StandardUsernameListBoxModel,StandardUsernameCredentials
StandardUsernameListBoxModel,NameProvider
StandardUsernameListBoxModel,NameProvider
StandardUsernameListBoxModel,UsernameCredentials
StandardUsernameListBoxModel,NameProvider
StandardUsernameListBoxModel,NameProvider
StandardUsernamePasswordCredentials,Credentials
StandardUsernamePasswordCredentials,PasswordCredentials
StandardUsernamePasswordCredentials,StandardUsernameCredentials
StandardUsernamePasswordCredentials,UsernameCredentials
StandardUsernamePasswordCredentials,UsernamePasswordCredentials
NameProvider,Credentials
NameProvider,StandardUsernameCredentials
NameProvider,UsernameCredentials
UsernameCredentials,Credentials
NameProvider,Credentials
NameProvider,UsernameCredentials
UsernamePasswordCredentials,Credentials
UsernamePasswordCredentials,PasswordCredentials
UsernamePasswordCredentials,UsernameCredentials
NameProvider,Credentials
NameProvider,PasswordCredentials
NameProvider,UsernamePasswordCredentials
Domain,Result
Domain,ResourceHolder
Domain,DomainRequirement
Domain,DomainSpecification
ResourceHolder,Domain
DomainCredentials,Credentials
DomainCredentials,CredentialsMatcher
DomainCredentials,Domain
DomainCredentials,DomainRequirement
DomainCredentials,DomainRestrictedCredentials
DomainRestrictedCredentials,Credentials
DomainRestrictedCredentials,DomainRequirement
DomainSpecification,Result
DomainSpecification,DomainRequirement
DomainSpecificationDescriptor,DomainSpecification
HostnamePortRequirement,HostnameRequirement
HostnamePortSpecification,Result
HostnamePortSpecification,Includes
HostnamePortSpecification,Excludes
HostnamePortSpecification,Includes
HostnamePortSpecification,Excludes
HostnamePortSpecification,Includes
HostnamePortSpecification,Excludes
HostnamePortSpecification,DomainRequirement
HostnamePortSpecification,DomainSpecification
HostnamePortSpecification,HostnamePortRequirement
HostnamePortSpecification,HostnameRequirement
DescriptorImpl,DomainSpecificationDescriptor
HostnameRequirement,DomainRequirement
HostnameSpecification,Result
HostnameSpecification,Includes
HostnameSpecification,Excludes
HostnameSpecification,Includes
HostnameSpecification,Excludes
HostnameSpecification,Includes
HostnameSpecification,Excludes
HostnameSpecification,DomainRequirement
HostnameSpecification,DomainSpecification
HostnameSpecification,HostnameRequirement
DescriptorImpl,DomainSpecificationDescriptor
PathRequirement,DomainRequirement
PathSpecification,Result
PathSpecification,Includes
PathSpecification,Excludes
PathSpecification,Includes
PathSpecification,Excludes
PathSpecification,Includes
PathSpecification,Excludes
PathSpecification,AntPathMatcher
PathSpecification,DomainRequirement
PathSpecification,DomainSpecification
PathSpecification,PathRequirement
DescriptorImpl,DomainSpecificationDescriptor
SchemeRequirement,DomainRequirement
SchemeSpecification,Result
SchemeSpecification,DomainRequirement
SchemeSpecification,DomainSpecification
SchemeSpecification,SchemeRequirement
DescriptorImpl,DomainSpecificationDescriptor
URIRequirementBuilder,DomainRequirement
URIRequirementBuilder,HostnamePortRequirement
URIRequirementBuilder,HostnameRequirement
URIRequirementBuilder,PathRequirement
URIRequirementBuilder,SchemeRequirement
ItemCredentialsFingerprintFacet,AbstractCredentialsFingerprintFacet
NodeCredentialsFingerprintFacet,AbstractCredentialsFingerprintFacet
BaseStandardCredentials,BaseCredentials
BaseStandardCredentials,Credentials
BaseStandardCredentials,IdCredentials
BaseStandardCredentials,Helpers
BaseStandardCredentials,StandardCredentials
BaseStandardCredentialsDescriptor,ContextInPath
BaseStandardCredentialsDescriptor,Credentials
BaseStandardCredentialsDescriptor,CredentialsDescriptor
BaseStandardCredentialsDescriptor,CredentialsMatcher
BaseStandardCredentialsDescriptor,CredentialsMatchers
BaseStandardCredentialsDescriptor,CredentialsProvider
BaseStandardCredentialsDescriptor,ContextResolver
BaseStandardCredentialsDescriptor,CredentialsStore
BaseStandardCredentialsDescriptor,StandardCredentials
BaseStandardCredentialsDescriptor,Domain
BaseStandardCredentialsDescriptor,BaseStandardCredentials
CertificateCredentialsImpl,Credentials
CertificateCredentialsImpl,CertificateCredentials
CertificateCredentialsImpl,StandardCertificateCredentials
CertificateCredentialsImpl,StandardCredentials
CertificateCredentialsImpl,BaseStandardCredentials
CertificateCredentialsImpl,KeyStoreSource
DescriptorImpl,CredentialsDescriptor
DescriptorImpl,BaseStandardCredentialsDescriptor
KeyStoreSourceDescriptor,Credentials
KeyStoreSourceDescriptor,CertificateCredentials
KeyStoreSourceDescriptor,StandardCertificateCredentials
KeyStoreSourceDescriptor,NameProvider
KeyStoreSourceDescriptor,NameProvider
KeyStoreSourceDescriptor,NameProvider
KeyStoreSourceDescriptor,NameProvider
KeyStoreSourceDescriptor,NameProvider
KeyStoreSourceDescriptor,NameProvider
KeyStoreSourceDescriptor,KeyStoreSource
FileOnMasterKeyStoreSource,SecretBytes
FileOnMasterKeyStoreSource,KeyStoreSource
FileOnMasterKeyStoreSource,UploadedKeyStoreSource
UploadedKeyStoreSource,DescriptorImpl
UploadedKeyStoreSource,DescriptorImpl
UploadedKeyStoreSource,DescriptorImpl
UploadedKeyStoreSource,DescriptorImpl
UploadedKeyStoreSource,DescriptorImpl
UploadedKeyStoreSource,DescriptorImpl
UploadedKeyStoreSource,DescriptorImpl
UploadedKeyStoreSource,DescriptorImpl
UploadedKeyStoreSource,DescriptorImpl
UploadedKeyStoreSource,DescriptorImpl
UploadedKeyStoreSource,DescriptorImpl
UploadedKeyStoreSource,DescriptorImpl
UploadedKeyStoreSource,SecretBytes
UploadedKeyStoreSource,DescriptorImpl
UploadedKeyStoreSource,DescriptorImpl
UploadedKeyStoreSource,DescriptorImpl
UploadedKeyStoreSource,DescriptorImpl
UploadedKeyStoreSource,DescriptorImpl
UploadedKeyStoreSource,DescriptorImpl
UploadedKeyStoreSource,DescriptorImpl
UploadedKeyStoreSource,KeyStoreSource
UploadedKeyStoreSource,DescriptorImpl
UploadedKeyStoreSource,DescriptorImpl
UploadedKeyStoreSource,DescriptorImpl
UploadedKeyStoreSource,DescriptorImpl
UploadedKeyStoreSource,DescriptorImpl
UploadedKeyStoreSource,DescriptorImpl
UploadedKeyStoreSource,DescriptorImpl
UploadedKeyStoreSource,DescriptorImpl
DescriptorImpl,SecretBytes
DescriptorImpl,KeyStoreSource
DescriptorImpl,KeyStoreSourceDescriptor
DescriptorImpl,UploadedKeyStoreSource
DescriptorImpl,Upload
Upload,SecretBytes
Upload,CertificateCredentialsImpl
UsernamePasswordCredentialsImpl,Credentials
UsernamePasswordCredentialsImpl,PasswordCredentials
UsernamePasswordCredentialsImpl,StandardCredentials
UsernamePasswordCredentialsImpl,StandardUsernamePasswordCredentials
UsernamePasswordCredentialsImpl,UsernamePasswordCredentials
UsernamePasswordCredentialsImpl,BaseStandardCredentials
DescriptorImpl,CredentialsDescriptor
DescriptorImpl,BaseStandardCredentialsDescriptor
AllOfMatcher,Credentials
AllOfMatcher,CredentialsMatcher
AllOfMatcher,CQL
AnyOfMatcher,Credentials
AnyOfMatcher,CredentialsMatcher
AnyOfMatcher,CQL
BeanPropertyMatcher,Credentials
BeanPropertyMatcher,CredentialsMatcher
BeanPropertyMatcher,CQL
ConstantMatcher,Credentials
ConstantMatcher,CredentialsMatcher
ConstantMatcher,CQL
IdMatcher,Credentials
IdMatcher,CredentialsMatcher
IdMatcher,CQL
IdMatcher,IdCredentials
InstanceOfMatcher,Credentials
InstanceOfMatcher,CredentialsMatcher
InstanceOfMatcher,CQL
NotMatcher,Credentials
NotMatcher,CredentialsMatcher
NotMatcher,CQL
ScopeMatcher,Credentials
ScopeMatcher,CredentialsMatcher
ScopeMatcher,CQL
UsernameMatcher,Credentials
UsernameMatcher,CredentialsMatcher
UsernameMatcher,CQL
UsernameMatcher,UsernameCredentials
CredentialsMatchersTest,Credentials
CredentialsMatchersTest,CredentialsMatcher
CredentialsMatchersTest,CredentialsMatchers
CredentialsMatchersTest,StandardCredentials
CredentialsMatchersTest,UsernameCredentials
CredentialsMatchersTest,BaseStandardCredentials
CredentialsMatchersTest,CQLSyntaxException
CredentialsMatchersTest,MyBaseStandardCredentials
MyBaseStandardCredentials,Credentials
MyBaseStandardCredentials,StandardCredentials
MyBaseStandardCredentials,BaseStandardCredentials
CredentialsNameProviderTest,CredentialsNameProvider
CredentialsNameProviderTest,NameProvider
CredentialsNameProviderTest,NameProvider
CredentialsNameProviderTest,NameProvider
CredentialsNameProviderTest,NameProvider
CredentialsNameProviderTest,NameProvider
CredentialsNameProviderTest,NameProvider
CredentialsNameProviderTest,C0
C0,Credentials
C0,CredentialsNameProvider
C0,NameWith
C0,NameProvider
C0,NameProvider
C0,NameProvider
C0,NameProvider
C0,NameProvider
C0,NameProvider
C0,C1
C0,C1N
C0,TestCredentials
C1,Credentials
C1,TestCredentials
C1N,CredentialsNameProvider
C1N,NameWith
C1N,NameProvider
C1N,NameProvider
C1N,NameProvider
C1N,NameProvider
C1N,NameProvider
C1N,NameProvider
C1N,C2N
C1N,C3
C1N,TestCredentialsNameProvider
C2,Credentials
C2,TestCredentials
C2N,CredentialsNameProvider
C2N,NameProvider
C2N,NameProvider
C2N,NameProvider
C2N,NameProvider
C2N,NameProvider
C2N,NameProvider
C2N,TestCredentialsNameProvider
C3,CredentialsNameProvider
C3,NameWith
C3,NameProvider
C3,NameProvider
C3,NameProvider
C3,NameProvider
C3,NameProvider
C3,NameProvider
C3,C2
C3,I1N
C3,C4
I1,Credentials
I1N,CredentialsNameProvider
I1N,NameProvider
I1N,NameProvider
I1N,NameProvider
I1N,NameProvider
I1N,NameProvider
I1N,NameProvider
I1N,TestCredentialsNameProvider
C4,Credentials
C4,CredentialsNameProvider
C4,NameWith
C4,NameProvider
C4,NameProvider
C4,NameProvider
C4,NameProvider
C4,NameProvider
C4,NameProvider
C4,I1
C4,I2N
C4,C5
C4,TestCredentials
I2,Credentials
I2N,CredentialsNameProvider
I2N,NameProvider
I2N,NameProvider
I2N,NameProvider
I2N,NameProvider
I2N,NameProvider
I2N,NameProvider
I2N,TestCredentialsNameProvider
I3,I2
C5,Credentials
C5,CredentialsNameProvider
C5,NameWith
C5,NameProvider
C5,NameProvider
C5,NameProvider
C5,NameProvider
C5,NameProvider
C5,NameProvider
C5,I3
C5,I4N
C5,C7
C5,TestCredentials
I4,Credentials
I4N,CredentialsNameProvider
I4N,NameProvider
I4N,NameProvider
I4N,NameProvider
I4N,NameProvider
I4N,NameProvider
I4N,NameProvider
I4N,TestCredentialsNameProvider
C6,Credentials
C6,I4
C6,TestCredentials
C7,CredentialsNameProvider
C7,NameWith
C7,NameProvider
C7,NameProvider
C7,NameProvider
C7,NameProvider
C7,NameProvider
C7,NameProvider
C7,C6
C7,C8N
C7,C9
C8,Credentials
C8,TestCredentials
C8N,CredentialsNameProvider
C8N,NameWith
C8N,NameProvider
C8N,NameProvider
C8N,NameProvider
C8N,NameProvider
C8N,NameProvider
C8N,NameProvider
C8N,C9N
C8N,TestCredentialsNameProvider
C9,C8
C9N,CredentialsNameProvider
C9N,NameWith
C9N,NameProvider
C9N,NameProvider
C9N,NameProvider
C9N,NameProvider
C9N,NameProvider
C9N,NameProvider
C9N,I5N
C9N,C10
C9N,TestCredentialsNameProvider
I5,Credentials
I5N,CredentialsNameProvider
I5N,NameWith
I5N,NameProvider
I5N,NameProvider
I5N,NameProvider
I5N,NameProvider
I5N,NameProvider
I5N,NameProvider
I5N,C10N
I5N,TestCredentialsNameProvider
C10,Credentials
C10,I5
C10,TestCredentials
C10N,CredentialsNameProvider
C10N,NameWith
C10N,NameProvider
C10N,NameProvider
C10N,NameProvider
C10N,NameProvider
C10N,NameProvider
C10N,NameProvider
C10N,I6N
C10N,C11
C10N,C12
C10N,TestCredentialsNameProvider
I6,Credentials
I6N,CredentialsNameProvider
I6N,NameWith
I6N,NameProvider
I6N,NameProvider
I6N,NameProvider
I6N,NameProvider
I6N,NameProvider
I6N,NameProvider
I6N,I7N
I6N,TestCredentialsNameProvider
I7,Credentials
I7N,CredentialsNameProvider
I7N,NameProvider
I7N,NameProvider
I7N,NameProvider
I7N,NameProvider
I7N,NameProvider
I7N,NameProvider
I7N,TestCredentialsNameProvider
C11,Credentials
C11,I6
C11,I7
C11,TestCredentials
C12,Credentials
C12,CredentialsNameProvider
C12,NameWith
C12,NameProvider
C12,NameProvider
C12,NameProvider
C12,NameProvider
C12,NameProvider
C12,NameProvider
C12,I6
C12,I7
C12,I8N
C12,C14
C12,TestCredentials
I8,Credentials
I8N,CredentialsNameProvider
I8N,NameProvider
I8N,NameProvider
I8N,NameProvider
I8N,NameProvider
I8N,NameProvider
I8N,NameProvider
I8N,TestCredentialsNameProvider
C13,Credentials
C13,NameWith
C13,I8
C13,I9N
C13,TestCredentials
I9,Credentials
I9N,CredentialsNameProvider
I9N,NameProvider
I9N,NameProvider
I9N,NameProvider
I9N,NameProvider
I9N,NameProvider
I9N,NameProvider
I9N,TestCredentialsNameProvider
I10,I9
C14,C13
C14,I10
TestCredentials,Credentials
TestCredentials,CredentialsDescriptor
TestCredentialsNameProvider,Credentials
TestCredentialsNameProvider,CredentialsNameProvider
TestCredentialsNameProvider,NameProvider
TestCredentialsNameProvider,NameProvider
TestCredentialsNameProvider,NameProvider
TestCredentialsNameProvider,NameProvider
TestCredentialsNameProvider,NameProvider
TestCredentialsNameProvider,NameProvider
CredentialsParameterDefinitionTest,Credentials
CredentialsParameterDefinitionTest,CredentialsParameterDefinition
CredentialsParameterDefinitionTest,CredentialsProvider
CredentialsParameterDefinitionTest,CredentialsStore
CredentialsParameterDefinitionTest,Domain
CredentialsParameterDefinitionTest,UsernamePasswordCredentialsImpl
CredentialsParameterDefinitionTest,ParamCheckBuilder
ParamCheckBuilder,Credentials
ParamCheckBuilder,CredentialsParameterDefinition
ParamCheckBuilder,CredentialsParameterValue
ParamCheckBuilder,CredentialsProvider
ParamCheckBuilder,Domain
ParamCheckBuilder,UsernamePasswordCredentialsImpl
CredentialsProviderTest,Credentials
CredentialsProviderTest,CredentialsMatchers
CredentialsProviderTest,DescriptorImpl
CredentialsProviderTest,CredentialsProvider
CredentialsProviderTest,DescriptorImpl
CredentialsProviderTest,DescriptorImpl
CredentialsProviderTest,DescriptorImpl
CredentialsProviderTest,CredentialsProviderManager
CredentialsProviderTest,Configuration
CredentialsProviderTest,DescriptorImpl
CredentialsProviderTest,DescriptorImpl
CredentialsProviderTest,CredentialsStore
CredentialsProviderTest,DescriptorImpl
CredentialsProviderTest,DescriptorImpl
CredentialsProviderTest,DescriptorImpl
CredentialsProviderTest,DescriptorImpl
CredentialsProviderTest,DescriptorImpl
CredentialsProviderTest,DescriptorImpl
CredentialsProviderTest,SystemCredentialsProvider
CredentialsProviderTest,DescriptorImpl
CredentialsProviderTest,DescriptorImpl
CredentialsProviderTest,IdCredentials
CredentialsProviderTest,PasswordCredentials
CredentialsProviderTest,UsernamePasswordCredentials
CredentialsProviderTest,Domain
CredentialsProviderTest,DescriptorImpl
CredentialsProviderTest,DescriptorImpl
CredentialsProviderTest,DescriptorImpl
CredentialsProviderTest,DescriptorImpl
CredentialsProviderTest,DescriptorImpl
CredentialsProviderTest,DescriptorImpl
CredentialsProviderTest,DescriptorImpl
CredentialsProviderTest,DescriptorImpl
CredentialsProviderTest,DescriptorImpl
CredentialsProviderTest,DescriptorImpl
CredentialsProviderTest,DescriptorImpl
CredentialsProviderTest,DummyCredentials
CredentialsProviderTest,DescriptorImpl
CredentialsProviderTest,DummyIdCredentials
CredentialsProviderTest,DescriptorImpl
CredentialsProviderTest,DummyLegacyCredentials
CredentialsProviderTypeRestrictionTest,Includes
CredentialsProviderTypeRestrictionTest,Excludes
CredentialsProviderTypeRestrictionTest,CredentialsProviderManager
CredentialsProviderTypeRestrictionTest,CredentialsProviderTypeRestriction
CredentialsProviderTypeRestrictionTest,Includes
CredentialsProviderTypeRestrictionTest,Excludes
CredentialsProviderTypeRestrictionTest,Includes
CredentialsProviderTypeRestrictionTest,Excludes
CredentialsStoreActionTest,Credentials
CredentialsStoreActionTest,CredentialsProvider
CredentialsStoreActionTest,CredentialsStore
CredentialsStoreActionTest,SystemCredentialsProvider
CredentialsStoreActionTest,ProviderImpl
CredentialsStoreActionTest,Domain
CredentialsStoreActionTest,UsernamePasswordCredentialsImpl
CredentialsUnavailableExceptionTest,Credentials
CredentialsUnavailableExceptionTest,Result
CredentialsUnavailableExceptionTest,CredentialsProvider
CredentialsUnavailableExceptionTest,CredentialsStore
CredentialsUnavailableExceptionTest,SystemCredentialsProvider
CredentialsUnavailableExceptionTest,ProviderImpl
CredentialsUnavailableExceptionTest,Domain
CredentialsUnavailableExceptionTest,UsernamePasswordCredentialsImpl
CredentialsUnavailableExceptionTest,PasswordSCM
CredentialsUnavailableExceptionTest,PasswordBuildStep
CredentialsUnavailableExceptionTest,UsernameUnavailablePasswordImpl
PasswordSCM,Credentials
PasswordSCM,CredentialsMatchers
PasswordSCM,Result
PasswordSCM,CredentialsProvider
PasswordSCM,PasswordCredentials
PasswordSCM,StandardUsernamePasswordCredentials
PasswordSCM,UsernamePasswordCredentials
DescriptorImpl,PasswordSCM
PasswordBuildStep,Credentials
PasswordBuildStep,Result
PasswordBuildStep,CredentialsProvider
PasswordBuildStep,PasswordCredentials
PasswordBuildStep,StandardUsernamePasswordCredentials
PasswordBuildStep,UsernamePasswordCredentials
UsernameUnavailablePasswordImpl,Credentials
UsernameUnavailablePasswordImpl,CredentialsUnavailableException
UsernameUnavailablePasswordImpl,PasswordCredentials
UsernameUnavailablePasswordImpl,StandardCredentials
UsernameUnavailablePasswordImpl,StandardUsernamePasswordCredentials
UsernameUnavailablePasswordImpl,UsernamePasswordCredentials
UsernameUnavailablePasswordImpl,BaseStandardCredentials
DescriptorImpl,CredentialsDescriptor
DescriptorImpl,BaseStandardCredentialsDescriptor
MockFolderCredentialsProvider,Credentials
MockFolderCredentialsProvider,CredentialsMatchers
MockFolderCredentialsProvider,CredentialsProvider
MockFolderCredentialsProvider,CredentialsStore
MockFolderCredentialsProvider,DomainCredentials
MockFolderCredentialsProvider,DomainRequirement
MockFolderCredentialsProvider,FolderCredentialsProperty
FolderCredentialsProperty,Credentials
FolderCredentialsProperty,CredentialsProvider
FolderCredentialsProperty,CredentialsStore
FolderCredentialsProperty,StoreImpl
FolderCredentialsProperty,StoreImpl
FolderCredentialsProperty,Domain
FolderCredentialsProperty,DomainCredentials
FolderCredentialsProperty,StoreImpl
StoreImpl,Credentials
StoreImpl,CredentialsStore
StoreImpl,Domain
StoreImpl,FolderCredentialsProperty
SecretBytesTest,SecretBytes
SecretBytesTest,ConfidentialStoreRule
Foo,SecretBytes
SystemCredentialsProviderTest,Credentials
SystemCredentialsProviderTest,Result
SystemCredentialsProviderTest,CredentialsProvider
SystemCredentialsProviderTest,Configuration
SystemCredentialsProviderTest,SystemCredentialsProvider
SystemCredentialsProviderTest,IdCredentials
SystemCredentialsProviderTest,CredentialsProviderTest
SystemCredentialsProviderTest,HasCredentialBuilder
SystemCredentialsProviderTest,CredentialsProviderTest
SystemCredentialsProviderTest,DummyCredentials
SystemCredentialsProviderTest,DummyIdCredentials
HasCredentialBuilder,Credentials
HasCredentialBuilder,CredentialsNameProvider
HasCredentialBuilder,Result
HasCredentialBuilder,CredentialsProvider
HasCredentialBuilder,IdCredentials
HasCredentialBuilder,NameProvider
HasCredentialBuilder,NameProvider
HasCredentialBuilder,NameProvider
HasCredentialBuilder,NameProvider
HasCredentialBuilder,NameProvider
HasCredentialBuilder,NameProvider
ViewCredentialsActionTest,Credentials
ViewCredentialsActionTest,CredentialsProvider
ViewCredentialsActionTest,CredentialsStore
ViewCredentialsActionTest,SystemCredentialsProvider
ViewCredentialsActionTest,ProviderImpl
ViewCredentialsActionTest,Domain
ViewCredentialsActionTest,UsernamePasswordCredentialsImpl
CredentialsParameterBinderReplayActionIntegrationTest,Credentials
CredentialsParameterBinderReplayActionIntegrationTest,CredentialsParameterDefinition
CredentialsParameterBinderReplayActionIntegrationTest,CredentialsParameterValue
CredentialsParameterBinderReplayActionIntegrationTest,CredentialsProvider
CredentialsParameterBinderReplayActionIntegrationTest,CredentialsParameterBinder
CredentialsParameterBinderReplayActionIntegrationTest,CredentialsParameterBinding
CredentialsParameterBinderReplayActionIntegrationTest,IdCredentials
CredentialsParameterBinderReplayActionIntegrationTest,Domain
CredentialsParameterBinderReplayActionIntegrationTest,UsernamePasswordCredentialsImpl
CredentialsParameterBinderTest,Credentials
CredentialsParameterBinderTest,CredentialsParameterDefinition
CredentialsParameterBinderTest,CredentialsParameterValue
CredentialsParameterBinderTest,CredentialsProvider
CredentialsParameterBinderTest,CredentialsParameterBinder
CredentialsParameterBinderTest,CredentialsParameterBinding
CredentialsParameterBinderTest,CredentialsId
CredentialsParameterBinderTest,IdCredentials
CredentialsParameterBinderTest,Domain
CredentialsParameterBinderTest,UsernamePasswordCredentialsImpl
ConfigurationAsCodeCategoryRoot,Configuration
ConfigurationAsCodeCategoryRoot,GlobalCredentialsConfiguration
ConfigurationAsCodeCategoryRoot,Category
CredentialsCategoryTest,Configuration
CredentialsCategoryTest,ConfigurationAsCodeCategoryRoot
CredentialsCategoryTest,TestGlobalConfiguration
TestGlobalConfiguration,Credentials
TestGlobalConfiguration,CredentialsProvider
TestGlobalConfiguration,Configuration
TestGlobalConfiguration,GlobalCredentialsConfiguration
TestGlobalConfiguration,Category
TestGlobalConfiguration,SecretBytes
TestGlobalConfiguration,SystemCredentialsProvider
TestGlobalConfiguration,PasswordCredentials
TestGlobalConfiguration,CertificateCredentialsImpl
TestGlobalConfiguration,KeyStoreSource
TestGlobalConfiguration,UploadedKeyStoreSource
TestGlobalConfiguration,UsernamePasswordCredentialsImpl
CredentialsProviderManagerTest,CredentialsProviderFilter
CredentialsProviderManagerTest,Includes
CredentialsProviderManagerTest,Excludes
CredentialsProviderManagerTest,CredentialsProviderManager
CredentialsProviderManagerTest,Configuration
CredentialsProviderManagerTest,CredentialsProviderTypeRestriction
CredentialsProviderManagerTest,Includes
CredentialsProviderManagerTest,Excludes
CredentialsProviderManagerTest,CredentialsTypeFilter
CredentialsProviderManagerTest,Includes
CredentialsProviderManagerTest,Excludes
CredentialsProviderManagerTest,ConfigurationAsCodeCategoryRoot
CredentialsProviderTest,Credentials
CredentialsProviderTest,CredentialsProvider
CredentialsProviderTest,PasswordCredentials
CredentialsProviderTest,UsernamePasswordCredentials
CredentialsProviderTest,HostnameRequirement
CredentialsProviderTest,DummyCredentials
TestCredentialsProvider,Credentials
TestCredentialsProvider,CredentialsProvider
TestCredentialsProvider,DummyCredentials
TestCredentialsProviderConfigurator,Credentials
TestCredentialsProviderConfigurator,CredentialsProvider
TestCredentialsProviderConfigurator,TestCredentialsProvider
TestCredentialsProviderConfigurator,DummyCredentials
SystemCredentialsTest,Credentials
SystemCredentialsTest,CredentialsProvider
SystemCredentialsTest,CredentialsRootConfigurator
SystemCredentialsTest,PasswordCredentials
SystemCredentialsTest,UsernamePasswordCredentials
SystemCredentialsTest,HostnameRequirement
CLICommandsTest,Credentials
CLICommandsTest,Result
CLICommandsTest,CredentialsProvider
CLICommandsTest,CredentialsSelectHelper
CLICommandsTest,ContextResolver
CLICommandsTest,SystemContextResolver
CLICommandsTest,CredentialsStore
CLICommandsTest,SystemCredentialsProvider
CLICommandsTest,ProviderImpl
CLICommandsTest,CreateCredentialsByXmlCommand
CLICommandsTest,CreateCredentialsDomainByXmlCommand
CLICommandsTest,DeleteCredentialsCommand
CLICommandsTest,DeleteCredentialsDomainCommand
CLICommandsTest,GetCredentialsAsXmlCommand
CLICommandsTest,GetCredentialsDomainAsXmlCommand
CLICommandsTest,ImportCredentialsAsXmlCommand
CLICommandsTest,ListCredentialsAsXmlCommand
CLICommandsTest,ListCredentialsCommand
CLICommandsTest,ListCredentialsContextResolversCommand
CLICommandsTest,ListCredentialsProvidersCommand
CLICommandsTest,UpdateCredentialsByXmlCommand
CLICommandsTest,UpdateCredentialsDomainByXmlCommand
CLICommandsTest,Domain
CLICommandsTest,HostnameSpecification
CLICommandsTest,UsernamePasswordCredentialsImpl
TestRestrictedCredentials,BaseCredentials
TestRestrictedCredentials,Credentials
TestRestrictedCredentials,CredentialsProvider
TestRestrictedCredentials,SystemCredentialsProvider
TestRestrictedCredentials,DomainRequirement
TestRestrictedCredentials,DomainRestrictedCredentials
DomainTest,Credentials
DomainTest,CredentialsProvider
DomainTest,CredentialsStore
DomainTest,Domain
DomainTest,DomainRequirement
DomainTest,HostnamePortRequirement
DomainTest,HostnameRequirement
DomainTest,HostnameSpecification
DomainTest,PathSpecification
DomainTest,SchemeRequirement
DomainTest,SchemeSpecification
DomainTest,URIRequirementBuilder
DomainTest,Foo
DomainTest,DummyCredentials
FingerprintTest,Credentials
FingerprintTest,CredentialsParameterDefinition
FingerprintTest,CredentialsParameterValue
FingerprintTest,CredentialsProvider
FingerprintTest,CredentialsStore
FingerprintTest,SystemCredentialsProvider
FingerprintTest,ProviderImpl
FingerprintTest,Domain
FingerprintTest,UsernamePasswordCredentialsImpl
BaseStandardCredentialsTest,Credentials
BaseStandardCredentialsTest,Result
BaseStandardCredentialsTest,DescriptorImpl
BaseStandardCredentialsTest,CredentialsProvider
BaseStandardCredentialsTest,DescriptorImpl
BaseStandardCredentialsTest,DescriptorImpl
BaseStandardCredentialsTest,DescriptorImpl
BaseStandardCredentialsTest,DescriptorImpl
BaseStandardCredentialsTest,DescriptorImpl
BaseStandardCredentialsTest,CredentialsStore
BaseStandardCredentialsTest,DescriptorImpl
BaseStandardCredentialsTest,DescriptorImpl
BaseStandardCredentialsTest,DescriptorImpl
BaseStandardCredentialsTest,DescriptorImpl
BaseStandardCredentialsTest,DescriptorImpl
BaseStandardCredentialsTest,DescriptorImpl
BaseStandardCredentialsTest,DescriptorImpl
BaseStandardCredentialsTest,DescriptorImpl
BaseStandardCredentialsTest,IdCredentials
BaseStandardCredentialsTest,Helpers
BaseStandardCredentialsTest,Domain
BaseStandardCredentialsTest,DescriptorImpl
BaseStandardCredentialsTest,DescriptorImpl
BaseStandardCredentialsTest,DescriptorImpl
BaseStandardCredentialsTest,DescriptorImpl
BaseStandardCredentialsTest,DescriptorImpl
BaseStandardCredentialsTest,DescriptorImpl
BaseStandardCredentialsTest,UsernamePasswordCredentialsImpl
BaseStandardCredentialsTest,DescriptorImpl
BaseStandardCredentialsTest,DescriptorImpl
BaseStandardCredentialsTest,DescriptorImpl
BaseStandardCredentialsTest,DescriptorImpl
BaseStandardCredentialsTest,DescriptorImpl
BaseStandardCredentialsTest,DescriptorImpl
BaseStandardCredentialsTest,DescriptorImpl
CertificateCredentialsImplTest,Credentials
CertificateCredentialsImplTest,CredentialsNameProvider
CertificateCredentialsImplTest,Result
CertificateCredentialsImplTest,DescriptorImpl
CertificateCredentialsImplTest,CredentialsProvider
CertificateCredentialsImplTest,DescriptorImpl
CertificateCredentialsImplTest,DescriptorImpl
CertificateCredentialsImplTest,DescriptorImpl
CertificateCredentialsImplTest,DescriptorImpl
CertificateCredentialsImplTest,DescriptorImpl
CertificateCredentialsImplTest,CredentialsStore
CertificateCredentialsImplTest,DescriptorImpl
CertificateCredentialsImplTest,DescriptorImpl
CertificateCredentialsImplTest,DescriptorImpl
CertificateCredentialsImplTest,DescriptorImpl
CertificateCredentialsImplTest,DescriptorImpl
CertificateCredentialsImplTest,DescriptorImpl
CertificateCredentialsImplTest,SecretBytes
CertificateCredentialsImplTest,SystemCredentialsProvider
CertificateCredentialsImplTest,DescriptorImpl
CertificateCredentialsImplTest,DescriptorImpl
CertificateCredentialsImplTest,CertificateCredentials
CertificateCredentialsImplTest,StandardCertificateCredentials
CertificateCredentialsImplTest,NameProvider
CertificateCredentialsImplTest,NameProvider
CertificateCredentialsImplTest,NameProvider
CertificateCredentialsImplTest,NameProvider
CertificateCredentialsImplTest,NameProvider
CertificateCredentialsImplTest,NameProvider
CertificateCredentialsImplTest,Domain
CertificateCredentialsImplTest,DescriptorImpl
CertificateCredentialsImplTest,DescriptorImpl
CertificateCredentialsImplTest,DescriptorImpl
CertificateCredentialsImplTest,DescriptorImpl
CertificateCredentialsImplTest,CertificateCredentialsImpl
CertificateCredentialsImplTest,DescriptorImpl
CertificateCredentialsImplTest,KeyStoreSource
CertificateCredentialsImplTest,FileOnMasterKeyStoreSource
CertificateCredentialsImplTest,UploadedKeyStoreSource
CertificateCredentialsImplTest,DescriptorImpl
CertificateCredentialsImplTest,DescriptorImpl
CertificateCredentialsImplTest,DescriptorImpl
CertificateCredentialsImplTest,DescriptorImpl
CertificateCredentialsImplTest,DescriptorImpl
CertificateCredentialsImplTest,DescriptorImpl
CertificateCredentialsImplTest,DescriptorImpl
CertificateCredentialsImplTest,DescriptorImpl
DummyCredentials,BaseCredentials
DummyCredentials,Credentials
DummyCredentials,PasswordCredentials
DummyCredentials,UsernamePasswordCredentials
DescriptorImpl,CredentialsDescriptor
DummyIdCredentials,Credentials
DummyIdCredentials,IdCredentials
DummyIdCredentials,PasswordCredentials
DummyIdCredentials,StandardCredentials
DummyIdCredentials,UsernamePasswordCredentials
DummyIdCredentials,BaseStandardCredentials
DescriptorImpl,CredentialsDescriptor
DummyLegacyCredentials,BaseCredentials
DummyLegacyCredentials,Credentials
DummyLegacyCredentials,PasswordCredentials
DummyLegacyCredentials,UsernamePasswordCredentials
DummyLegacyCredentials,DummyCredentials
ResolverImpl,Credentials
ResolverImpl,PasswordCredentials
ResolverImpl,UsernamePasswordCredentials
ResolverImpl,DummyLegacyCredentials
UsernamePasswordCredentialsImplTest,CredentialsNameProvider
UsernamePasswordCredentialsImplTest,NameProvider
UsernamePasswordCredentialsImplTest,NameProvider
UsernamePasswordCredentialsImplTest,NameProvider
UsernamePasswordCredentialsImplTest,NameProvider
UsernamePasswordCredentialsImplTest,NameProvider
UsernamePasswordCredentialsImplTest,NameProvider
UsernamePasswordCredentialsImplTest,UsernamePasswordCredentialsImpl
