AnimationUtil,CountdownBar
AnimationUtil,Common
AnimationUtil,PlayerUtil
AnimationUtil,SimpleScoreboard
AnimationUtil,SimplePlugin
AnimationUtil,Remain
AnimationUtil,Player
ASCIIUtil,RandomUtil
ASCIIUtil,Builder
ASCIIUtil,Position
ASCIIUtil,Metrics
BlockUtil,VectorHelper
BlockUtil,EntityUtil
BlockUtil,MathUtil
BlockUtil,MinecraftVersion
BlockUtil,RandomUtil
BlockUtil,Valid
BlockUtil,Tool
BlockUtil,Remain
BlockUtil,Tool
BungeeUtil,Common
BungeeUtil,Valid
BungeeUtil,BungeeAction
BungeeUtil,BungeeListener
BungeeUtil,Message
BungeeUtil,SerializedMap
BungeeUtil,Debugger
BungeeUtil,FoException
BungeeUtil,SimplePlugin
BungeeUtil,Remain
BungeeUtil,Player
ChatUtil,Common
ChatUtil,MathUtil
ChatUtil,MinecraftVersion
ChatUtil,RandomUtil
ChatUtil,Message
ChatUtil,Builder
ChatUtil,Whiteblacklist
ChatUtil,SimplePlugin
ChatUtil,CompChatColor
Common,ChatUtil
Common,TimedCharSequence
Common,MathUtil
Common,Messenger
Common,MinecraftVersion
Common,PlayerUtil
Common,ReflectionUtil
Common,TimeUtil
Common,Valid
Common,Message
Common,SerializedMap
Common,Builder
Common,Permission
Common,Debugger
Common,FoException
Common,RegexTimeoutException
Common,DiscordSender
Common,HookManager
Common,Replacer
Common,Variable
Common,SimplePlugin
Common,CompChatColor
Common,Data
Common,Remain
Common,SimpleLocalization
Common,Player
Common,Pages
Common,SimpleSettings
TimedCharSequence,SimpleSettings
EntityUtil,Common
EntityUtil,HitTracking
EntityUtil,Valid
EntityUtil,ExpiringMap
EntityUtil,FoException
EntityUtil,HookManager
EntityUtil,Remain
EntityUtil,Player
FileUtil,Common
FileUtil,CompressUtil
FileUtil,TimeUtil
FileUtil,Valid
FileUtil,File
FileUtil,FoException
FileUtil,Variables
FileUtil,SimplePlugin
FileUtil,Data
GeoAPI,GeoResponse
GeoAPI,ExpiringMap
HealthBarUtil,Common
HealthBarUtil,ItemUtil
HealthBarUtil,Message
HealthBarUtil,Remain
HealthBarUtil,Player
ItemUtil,Common
ItemUtil,MinecraftVersion
ItemUtil,SimplePlugin
ItemUtil,CompChatColor
ItemUtil,Data
ItemUtil,NBTItem
MathUtil,Parser
MathUtil,CalculatorException
MathUtil,Valid
MathUtil,Builder
Parser,CalculatorException
Messenger,ChatUtil
Messenger,Common
Messenger,Replacer
Messenger,Remain
Messenger,Player
Messenger,SimpleSettings
MinecraftVersion,Common
MinecraftVersion,Valid
MinecraftVersion,FoException
PlayerUtil,Common
PlayerUtil,EntityUtil
PlayerUtil,ItemUtil
PlayerUtil,Parser
PlayerUtil,MinecraftVersion
PlayerUtil,Valid
PlayerUtil,Permission
PlayerUtil,File
PlayerUtil,FoException
PlayerUtil,JSONObject
PlayerUtil,JSONParser
PlayerUtil,Menu
PlayerUtil,HookManager
PlayerUtil,SimplePlugin
PlayerUtil,Remain
PlayerUtil,Player
PlayerUtil,Menu
RandomUtil,Common
RandomUtil,Valid
ReflectionUtil,Common
ReflectionUtil,MinecraftVersion
ReflectionUtil,ReflectionException
ReflectionUtil,MissingEnumException
ReflectionUtil,Valid
ReflectionUtil,Message
ReflectionUtil,Builder
ReflectionUtil,File
ReflectionUtil,FoException
ReflectionUtil,SimplePlugin
ReflectionUtil,Remain
ReflectionData,Valid
ReflectionData,Data
SerializeUtil,Common
SerializeUtil,MinecraftVersion
SerializeUtil,ReflectionUtil
SerializeUtil,ReflectionException
SerializeUtil,SerializeFailedException
SerializeUtil,Valid
SerializeUtil,SerializedMap
SerializeUtil,StrictCollection
SerializeUtil,StrictMap
SerializeUtil,FoException
SerializeUtil,InvalidWorldException
SerializeUtil,ItemCreator
SerializeUtil,ConfigSerializable
SerializeUtil,IsInList
SerializeUtil,RangedSimpleTime
SerializeUtil,RangedValue
SerializeUtil,SimpleSound
SerializeUtil,SimpleTime
SerializeUtil,CompChatColor
SerializeUtil,Data
SerializeUtil,Remain
SerializeUtil,YamlConfig
SerializeFailedException,Common
SerializeFailedException,ItemUtil
TabUtil,SerializeUtil
TimeUtil,Valid
Valid,Common
Valid,PlayerUtil
Valid,Message
Valid,SerializedMap
Valid,Permission
Valid,FoException
Valid,RangedValue
Valid,SimpleLocalization
BungeeAction,BungeeListener
BungeeListener,Common
BungeeListener,Valid
BungeeListener,BungeeAction
BungeeListener,IncomingMessage
BungeeListener,Message
BungeeListener,Player
IncomingMessage,ReflectionUtil
IncomingMessage,BungeeListener
IncomingMessage,Message
IncomingMessage,SerializedMap
IncomingMessage,Debugger
IncomingMessage,SimplePlugin
IncomingMessage,Player
Message,Valid
Message,BungeeAction
Message,BungeeListener
OutgoingMessage,Valid
OutgoingMessage,BungeeAction
OutgoingMessage,BungeeListener
OutgoingMessage,Message
OutgoingMessage,Debugger
OutgoingMessage,FoException
OutgoingMessage,SimplePlugin
OutgoingMessage,Data
OutgoingMessage,Remain
OutgoingMessage,Player
SerializedMap,Common
SerializedMap,Parser
SerializedMap,ReflectionUtil
SerializedMap,SerializeUtil
SerializedMap,Valid
SerializedMap,StrictCollection
SerializedMap,StrictMap
SerializedMap,Builder
SerializedMap,FoException
SerializedMap,JSONObject
SerializedMap,JSONParser
SerializedMap,IsInList
SerializedMap,Tuple
SerializedMap,SimplePlugin
SerializedMap,Data
SerializedMap,Remain
StrictList,Common
StrictList,SerializeUtil
StrictList,Valid
StrictList,Message
StrictList,StrictCollection
StrictMap,SerializeUtil
StrictMap,Valid
StrictMap,Message
StrictMap,StrictCollection
StrictSet,Common
StrictSet,SerializeUtil
StrictSet,Valid
StrictSet,Message
StrictSet,StrictCollection
StrictSet,FoException
ExpirationListener,EntryLoader
ExpirationListener,ExpiringMap
ExpirationListener,NamedThreadFactory
Builder,Valid
Builder,EntryLoader
Builder,ExpirationListener
KeyIterator,AbstractHashIterator
KeyIterator,AbstractHashIterator
ValueIterator,AbstractHashIterator
ValueIterator,AbstractHashIterator
EntryIterator,AbstractHashIterator
EntryIterator,AbstractHashIterator
EntryTreeHashMap,EntryIterator
EntryTreeHashMap,ExpiringEntryIterator
EntryTreeHashMap,EntryIterator
AbstractHashIterator,EntryTreeHashMap
ExpiringEntryIterator,AbstractHashIterator
ExpiringEntryIterator,EntryIterator
ExpiringEntryIterator,AbstractHashIterator
ExpiringEntryIterator,EntryIterator
KeyIterator,AbstractHashIterator
KeyIterator,AbstractHashIterator
ValueIterator,AbstractHashIterator
ValueIterator,AbstractHashIterator
EntryIterator,AbstractHashIterator
EntryIterator,AbstractHashIterator
ExpiringEntry,Valid
ExpiringEntry,EntryLoader
ExpiringEntry,ExpiringMap
ExpiringEntry,ExpirationListener
ExpiringEntry,EntryLinkedHashMap
ExpiringEntry,KeyIterator
ExpiringEntry,ValueIterator
ExpiringEntry,EntryIterator
ExpiringEntry,KeyIterator
ExpiringEntry,ValueIterator
ExpiringEntry,EntryIterator
ConversationCommand,Common
ConversationCommand,SimpleSubCommand
ConversationCommand,SimpleLocalization
ConversationCommand,Conversation
ConversationCommand,Player
DebugCommand,Common
DebugCommand,FileUtil
DebugCommand,MinecraftVersion
DebugCommand,TimeUtil
DebugCommand,SimpleSubCommand
DebugCommand,Permission
DebugCommand,File
DebugCommand,SimplePlugin
DebugCommand,Data
DebugCommand,Remain
DebugCommand,SimpleLocalization
DebugCommand,Commands
DebugCommand,SimpleYaml
PermsCommand,Common
PermsCommand,SerializedMap
PermsCommand,MainCommand
PermsCommand,SimpleSubCommand
PermsCommand,Permission
PermsCommand,PermissionGroup
PermsCommand,Header
PermsCommand,FoException
PermsCommand,ChatPaginator
PermsCommand,Replacer
PermsCommand,SimpleComponent
PermsCommand,Variables
PermsCommand,SimplePlugin
PermsCommand,Commands
PermsCommand,Pages
PermsCommand,SimpleSettings
ReloadCommand,Message
ReloadCommand,SimpleSubCommand
ReloadCommand,Permission
ReloadCommand,File
ReloadCommand,SimplePlugin
ReloadCommand,Data
ReloadCommand,SimpleLocalization
ReloadCommand,Commands
ReloadCommand,SimpleYaml
SimpleCommand,Common
SimpleCommand,Messenger
SimpleCommand,PlayerUtil
SimpleCommand,ReflectionUtil
SimpleCommand,TabUtil
SimpleCommand,Valid
SimpleCommand,Message
SimpleCommand,ExpiringMap
SimpleCommand,MainCommand
SimpleCommand,SimpleSubCommand
SimpleCommand,Permission
SimpleCommand,Header
SimpleCommand,Debugger
SimpleCommand,LagCatcher
SimpleCommand,CommandException
SimpleCommand,EventHandledException
SimpleCommand,InvalidCommandArgException
SimpleCommand,ChatPaginator
SimpleCommand,Replacer
SimpleCommand,SimpleComponent
SimpleCommand,Part
SimpleCommand,SimpleTime
SimpleCommand,SimplePlugin
SimpleCommand,Remain
SimpleCommand,SimpleLocalization
SimpleCommand,Commands
SimpleCommand,Player
SimpleCommand,Pages
SimpleCommandGroup,Common
SimpleCommandGroup,Valid
SimpleCommandGroup,SimpleCommand
SimpleCommandGroup,MainCommand
SimpleCommandGroup,FillerSubCommand
SimpleCommandGroup,SimpleSubCommand
SimpleCommandGroup,Header
SimpleCommandGroup,SimpleComponent
SimpleCommandGroup,SimplePlugin
SimpleCommandGroup,SimpleLocalization
SimpleCommandGroup,Commands
SimpleCommandGroup,SimpleSettings
MainCommand,Common
MainCommand,MathUtil
MainCommand,MinecraftVersion
MainCommand,Valid
MainCommand,Message
MainCommand,SimpleCommand
MainCommand,FillerSubCommand
MainCommand,SimpleSubCommand
MainCommand,Permission
MainCommand,Header
MainCommand,ChatPaginator
MainCommand,Replacer
MainCommand,SimpleComponent
MainCommand,SimpleLocalization
MainCommand,Commands
MainCommand,Pages
FillerSubCommand,RandomUtil
FillerSubCommand,SimpleCommandGroup
FillerSubCommand,SimpleSubCommand
FillerSubCommand,FoException
SimpleSubCommand,Valid
SimpleSubCommand,SimpleCommand
SimpleSubCommand,SimpleCommandGroup
SimpleSubCommand,MainCommand
SimpleSubCommand,Permission
SimpleSubCommand,SimplePlugin
Header,Common
Header,TimeUtil
Header,SimplePlugin
NBT,SimplePlugin
SimpleCanceller,Valid
SimpleCanceller,Conversation
SimpleConversation,Common
SimpleConversation,Valid
SimpleConversation,Message
SimpleConversation,SimpleCanceller
SimpleConversation,CustomCanceller
SimpleConversation,CustomConversation
SimpleConversation,SimplePrefix
SimpleConversation,SimplePrompt
SimpleConversation,Menu
SimpleConversation,BoxedMessage
SimpleConversation,Variables
SimpleConversation,Data
SimpleConversation,Conversation
SimpleConversation,Player
SimpleConversation,Menu
CustomCanceller,SimplePlugin
CustomCanceller,Data
CustomCanceller,Conversation
CustomConversation,Messenger
CustomConversation,Message
CustomConversation,ExpiringMap
CustomConversation,SimpleConversation
CustomConversation,SimplePrompt
CustomConversation,SimplePlugin
CustomConversation,Data
CustomConversation,SimpleLocalization
CustomConversation,Conversation
SimpleDecimalPrompt,Valid
SimpleDecimalPrompt,SimplePrompt
SimpleDecimalPrompt,SimpleLocalization
SimpleDecimalPrompt,Commands
SimpleDecimalPrompt,Player
SimplePrefix,Common
SimplePrompt,Common
SimplePrompt,Messenger
SimplePrompt,Valid
SimplePrompt,SimpleConversation
SimplePrompt,SimplePrefix
SimplePrompt,FoException
SimplePrompt,Menu
SimplePrompt,Variables
SimplePrompt,Conversation
SimplePrompt,Player
SimplePrompt,Menu
SimpleStringPrompt,Valid
SimpleStringPrompt,SimplePrompt
SimpleStringPrompt,Menu
SimpleStringPrompt,SimpleLocalization
SimpleStringPrompt,Commands
SimpleStringPrompt,Player
SimpleStringPrompt,Menu
SimpleDatabase,Common
SimpleDatabase,FileUtil
SimpleDatabase,RandomUtil
SimpleDatabase,ReflectionUtil
SimpleDatabase,SerializeUtil
SimpleDatabase,TimeUtil
SimpleDatabase,Valid
SimpleDatabase,Message
SimpleDatabase,SerializedMap
SimpleDatabase,LastCredentials
SimpleDatabase,Debugger
SimpleDatabase,Variable
SimpleDatabase,Variables
SimpleDatabase,Remain
SimpleDatabase,Update
SimpleFlatDatabase,Common
SimpleFlatDatabase,MathUtil
SimpleFlatDatabase,SerializedMap
SimpleFlatDatabase,SimpleDatabase
SimpleFlatDatabase,Debugger
SimpleFlatDatabase,LagCatcher
SimpleFlatDatabase,SimpleSettings
Debugger,Common
Debugger,FileUtil
Debugger,TimeUtil
Debugger,Message
Debugger,FoConstants
Debugger,File
Debugger,FoException
Debugger,SimplePlugin
Debugger,Data
Debugger,SimpleSettings
LagCatcher,Common
LagCatcher,MathUtil
LagCatcher,Valid
LagCatcher,SimplePlugin
LagCatcher,SimpleSettings
MenuCloseEvent,SimpleEvent
MenuCloseEvent,Menu
MenuCloseEvent,Player
MenuCloseEvent,Menu
MenuOpenEvent,SimpleEvent
MenuOpenEvent,Menu
MenuOpenEvent,InventoryDrawer
MenuOpenEvent,Player
MenuOpenEvent,Menu
RegionScanCompleteEvent,SimpleEvent
RocketExplosionEvent,SimpleEvent
RocketExplosionEvent,Rocket
SimpleCancellableEvent,SimpleEvent
SimpleListener,Common
SimpleListener,Messenger
SimpleListener,PlayerUtil
SimpleListener,Valid
SimpleListener,Message
SimpleListener,LagCatcher
SimpleListener,EventHandledException
SimpleListener,FoException
SimpleListener,Variables
SimpleListener,SimplePlugin
SimpleListener,SimpleLocalization
SimpleListener,Player
EventHandledException,CommandException
FoException,Message
FoException,Debugger
InvalidCommandArgException,CommandException
RegexTimeoutException,Message
JSONArray,Parser
JSONArray,Builder
JSONArray,JSONObject
JSONArray,JSONParseException
JSONArray,JSONParser
JSONArray,JsonSimpleUtil
JSONContentHandler,JSONParseException
JSONObject,Parser
JSONObject,Builder
JSONObject,JSONArray
JSONObject,JSONParseException
JSONObject,JSONParser
JSONObject,JsonSimpleUtil
JSONParseException,Message
JSONParseException,Builder
JSONParseException,Position
JSONParser,Parser
JSONParser,FoException
JSONParser,JSONArray
JSONParser,JSONContentHandler
JSONParser,JSONObject
JSONParser,JSONParseException
JSONParser,Yylex
JSONParser,Yytoken
JSONParser,Position
JSONSerializer,JSONArray
JSONSerializer,JSONAttribute
JSONSerializer,JSONObject
JSONSerializer,JSONRoot
JSONSerializer,JSONTypeSerializationHandler
JsonSimpleUtil,Builder
JsonSimpleUtil,JSONArray
JsonSimpleUtil,JSONObject
JSONUtil,Builder
JSONUtil,JsonSimpleUtil
Yylex,JSONParseException
Yylex,Yytoken
Yylex,Position
Menu,Common
Menu,ItemUtil
Menu,Messenger
Menu,MinecraftVersion
Menu,PlayerUtil
Menu,ReflectionUtil
Menu,Valid
Menu,AutoRegister
Menu,Message
Menu,FoConstants
Menu,NBT
Menu,MenuOpenEvent
Menu,EventHandledException
Menu,FoException
Menu,MenuRunnable
Menu,MenuQuantitable
Menu,Button
Menu,DummyButton
Menu,ButtonReturnBack
Menu,Position
Menu,InventoryDrawer
Menu,ItemCreator
Menu,SimpleSound
Menu,SimplePlugin
Menu,SimpleLocalization
Menu,Player
MenuRunnable,Common
MenuRunnable,PlayerUtil
MenuRunnable,Valid
MenuRunnable,FoConstants
MenuRunnable,NBT
MenuRunnable,MenuCloseEvent
MenuRunnable,EventHandledException
MenuRunnable,Menu
MenuRunnable,Button
MenuRunnable,Position
MenuRunnable,SimplePlugin
MenuRunnable,Player
MenuRunnable,Menu
MenuContainer,FoException
MenuContainer,Menu
MenuContainer,ItemCreator
MenuContainer,Player
MenuContainer,Menu
MenuContainerChances,Common
MenuContainerChances,MathUtil
MenuContainerChances,Valid
MenuContainerChances,FoException
MenuContainerChances,Menu
MenuContainerChances,MenuContainer
MenuContainerChances,MenuQuantitable
MenuContainerChances,Button
MenuContainerChances,Position
MenuContainerChances,ItemCreator
MenuContainerChances,Player
MenuContainerChances,Menu
MenuListener,Common
MenuListener,Menu
MenuListener,OffHandListener
MenuListener,DragListener
MenuListener,Button
MenuListener,Remain
MenuListener,SimpleLocalization
MenuListener,Player
MenuListener,Menu
OffHandListener,Menu
OffHandListener,Player
OffHandListener,Menu
DragListener,Common
DragListener,Menu
DragListener,Player
DragListener,Menu
MenuPagged,Common
MenuPagged,MathUtil
MenuPagged,PlayerUtil
MenuPagged,Valid
MenuPagged,FoException
MenuPagged,Menu
MenuPagged,Button
MenuPagged,Position
MenuPagged,InventoryDrawer
MenuPagged,ItemCreator
MenuPagged,SimpleLocalization
MenuPagged,Player
MenuPagged,Pages
MenuPagged,Menu
MenuQuantitable,MathUtil
MenuQuantitable,Valid
MenuQuantitable,Menu
MenuQuantitable,Button
MenuQuantitable,Position
MenuQuantitable,ItemCreator
MenuQuantitable,Tool
MenuQuantitable,Replacer
MenuQuantitable,Player
MenuQuantitable,Menu
MenuQuantitable,Tool
MenuTools,ReflectionUtil
MenuTools,Menu
MenuTools,ToggleableTool
MenuTools,Position
MenuTools,Tool
MenuTools,SimplePlugin
MenuTools,SimpleLocalization
MenuTools,Player
MenuTools,Menu
MenuTools,Tool
ToggleableTool,ReflectionUtil
ToggleableTool,FoException
ToggleableTool,ItemCreator
ToggleableTool,Tool
ToggleableTool,Player
ToggleableTool,Tool
Button,Valid
Button,SimplePrompt
Button,SimpleStringPrompt
Button,Menu
Button,DummyButton
Button,ItemCreator
Button,Tool
Button,RangedValue
Button,Replacer
Button,SimpleLocalization
Button,Player
Button,Menu
Button,Tool
DummyButton,Menu
DummyButton,Button
DummyButton,Player
DummyButton,Menu
ButtonConversation,Valid
ButtonConversation,SimpleConversation
ButtonConversation,SimplePrompt
ButtonConversation,Menu
ButtonConversation,Button
ButtonConversation,ItemCreator
ButtonConversation,Conversation
ButtonConversation,Player
ButtonConversation,Menu
ButtonMenu,ReflectionUtil
ButtonMenu,Valid
ButtonMenu,Menu
ButtonMenu,Button
ButtonMenu,ItemCreator
ButtonMenu,Player
ButtonMenu,Menu
ButtonRemove,Menu
ButtonRemove,Button
ButtonRemove,RemoveConfirmButton
ButtonRemove,MenuDialogRemove
ButtonRemove,ItemCreator
ButtonRemove,Replacer
ButtonRemove,CompColor
ButtonRemove,Player
ButtonRemove,Menu
RemoveConfirmButton,Common
RemoveConfirmButton,Menu
RemoveConfirmButton,Button
RemoveConfirmButton,SimpleLocalization
RemoveConfirmButton,Player
RemoveConfirmButton,Menu
MenuDialogRemove,Menu
MenuDialogRemove,Button
MenuDialogRemove,RemoveConfirmButton
MenuDialogRemove,ButtonReturnBack
MenuDialogRemove,Menu
ButtonReturnBack,Menu
ButtonReturnBack,Button
ButtonReturnBack,ItemCreator
ButtonReturnBack,SimpleLocalization
ButtonReturnBack,Player
ButtonReturnBack,Menu
InventoryDrawer,Common
InventoryDrawer,Player
ItemCreator,Common
ItemCreator,MinecraftVersion
ItemCreator,ReflectionUtil
ItemCreator,Valid
ItemCreator,Tool
ItemCreator,SimpleEnchantment
ItemCreator,CompColor
ItemCreator,Data
ItemCreator,CompMetadata
ItemCreator,CompMonsterEgg
ItemCreator,Remain
ItemCreator,NBTItem
ItemCreator,Player
ItemCreator,Pages
ItemCreator,Tool
SkullCreator,Common
SkullCreator,ReflectionUtil
SkullCreator,Remain
SkullCreator,Player
BlockTool,Tool
BlockTool,Player
BlockTool,Tool
Rocket,Valid
Rocket,Tool
Rocket,Player
Rocket,Tool
Tool,ItemUtil
Tool,Valid
Tool,Player
ToolsListener,Rocket
ToolsListener,ShotRocket
ToolsListener,Data
ShotRocket,Common
ShotRocket,MinecraftVersion
ShotRocket,Valid
ShotRocket,RocketExplosionEvent
ShotRocket,Rocket
ShotRocket,Tool
ShotRocket,Remain
ShotRocket,SimpleLocalization
ShotRocket,Player
ShotRocket,Tool
Metrics,Builder
Metrics,File
Metrics,MetricsBase
Metrics,CustomChart
Metrics,JsonObjectBuilder
Metrics,Data
MetricsBase,Builder
MetricsBase,CustomChart
MetricsBase,JsonObjectBuilder
MetricsBase,JsonObject
MetricsBase,Data
AdvancedBarChart,Builder
AdvancedBarChart,CustomChart
AdvancedBarChart,JsonObjectBuilder
AdvancedBarChart,JsonObject
AdvancedBarChart,Data
SimpleBarChart,Builder
SimpleBarChart,CustomChart
SimpleBarChart,JsonObjectBuilder
SimpleBarChart,JsonObject
SimpleBarChart,Data
MultiLineChart,Builder
MultiLineChart,CustomChart
MultiLineChart,JsonObjectBuilder
MultiLineChart,JsonObject
MultiLineChart,Data
AdvancedPie,Builder
AdvancedPie,CustomChart
AdvancedPie,JsonObjectBuilder
AdvancedPie,JsonObject
AdvancedPie,Data
CustomChart,Builder
CustomChart,JsonObjectBuilder
CustomChart,JsonObject
CustomChart,Data
SingleLineChart,Builder
SingleLineChart,CustomChart
SingleLineChart,JsonObjectBuilder
SingleLineChart,JsonObject
SingleLineChart,Data
SimplePie,Builder
SimplePie,CustomChart
SimplePie,JsonObjectBuilder
SimplePie,JsonObject
SimplePie,Data
DrilldownPie,Builder
DrilldownPie,CustomChart
DrilldownPie,JsonObjectBuilder
DrilldownPie,JsonObject
DrilldownPie,Data
JsonObjectBuilder,Builder
JsonObjectBuilder,JsonObject
BoxedMessage,ChatUtil
BoxedMessage,Common
BoxedMessage,Message
BoxedMessage,Replacor
BoxedMessage,Remain
BoxedMessage,Player
Replacor,Message
Replacor,BoxedMessage
ChatImage,MinecraftVersion
ChatImage,Valid
ChatImage,Message
ChatImage,Builder
ChatImage,File
ChatImage,ChatPaginator
ChatImage,Variables
ChatImage,CompChatColor
ChatImage,Player
ChatPaginator,ChatUtil
ChatPaginator,Common
ChatPaginator,Header
ChatPaginator,SimpleComponent
ChatPaginator,SimplePlugin
ChatPaginator,SimpleLocalization
ChatPaginator,Commands
ChatPaginator,Player
ChatPaginator,Pages
ChunkedTask,Common
ChunkedTask,Message
ConfigSerializable,SerializedMap
Countdown,Common
Countdown,Valid
Countdown,Message
Countdown,SimpleTime
Countdown,SimplePlugin
DiscordListener,Common
DiscordListener,Message
DiscordListener,Debugger
DiscordListener,RemovedMessageException
DiscordListener,DiscordSender
DiscordListener,HookManager
DiscordListener,Remain
DiscordListener,Player
DiscordListenerImpl,Common
DiscordListenerImpl,Message
DiscordListenerImpl,DiscordListener
DiscordListenerImpl,RemovedMessageException
DiscordListenerImpl,Player
DiscordSender,Common
DiscordSender,Message
DiscordSender,Permission
DiscordSender,FoException
FolderWatcher,Common
FolderWatcher,Valid
FolderWatcher,File
FolderWatcher,Debugger
FolderWatcher,FoException
FolderWatcher,SimplePlugin
FolderWatcher,Data
FoundationEnchantmentListener,EntityUtil
FoundationEnchantmentListener,MinecraftVersion
FoundationEnchantmentListener,SimpleEnchantment
FoundationEnchantmentListener,Remain
FoundationEnchantmentListener,Player
HookManager,Common
HookManager,MinecraftVersion
HookManager,PlayerUtil
HookManager,ReflectionUtil
HookManager,Valid
HookManager,Message
HookManager,Permission
HookManager,PermissionGroup
HookManager,Debugger
HookManager,AuthMeHook
HookManager,EssentialsHook
HookManager,MultiverseHook
HookManager,TownyHook
HookManager,ProtocolLibHook
HookManager,VaultHook
HookManager,PlaceholderAPIHook
HookManager,VariablesInjector
HookManager,NickyHook
HookManager,MVdWPlaceholderHook
HookManager,LWCHook
HookManager,LocketteProHook
HookManager,ResidenceHook
HookManager,WorldEditHook
HookManager,WorldGuardHook
HookManager,FactionsHook
HookManager,FactionsMassive
HookManager,FactionsUUID
HookManager,McMMOHook
HookManager,PlotSquaredHook
HookManager,CMIHook
HookManager,CitizensHook
HookManager,DiscordSRVHook
HookManager,BanManagerHook
HookManager,BossHook
HookManager,MythicMobsHook
HookManager,LandsHook
HookManager,LiteBansHook
HookManager,ItemsAdderHook
HookManager,PacketListener
HookManager,Part
HookManager,SimpleExpansion
HookManager,Variables
HookManager,SimplePlugin
HookManager,Region
HookManager,Remain
HookManager,Player
AuthMeHook,Common
AuthMeHook,ReflectionUtil
AuthMeHook,Valid
AuthMeHook,Message
AuthMeHook,FoException
AuthMeHook,VariablesInjector
AuthMeHook,NickyHook
AuthMeHook,MVdWPlaceholderHook
AuthMeHook,LWCHook
AuthMeHook,LocketteProHook
AuthMeHook,ResidenceHook
AuthMeHook,WorldEditHook
AuthMeHook,WorldGuardHook
AuthMeHook,SimpleExpansion
AuthMeHook,Variable
AuthMeHook,Variables
AuthMeHook,SimplePlugin
AuthMeHook,Region
AuthMeHook,Remain
AuthMeHook,Player
EssentialsHook,FactionsHook
EssentialsHook,Remain
EssentialsHook,Player
MultiverseHook,Common
MultiverseHook,FactionsHook
MultiverseHook,FactionsMassive
MultiverseHook,Player
TownyHook,Common
TownyHook,ReflectionUtil
TownyHook,Valid
TownyHook,Message
TownyHook,File
TownyHook,Debugger
TownyHook,FoException
TownyHook,FactionsHook
TownyHook,FactionsUUID
TownyHook,McMMOHook
TownyHook,PlotSquaredHook
TownyHook,CMIHook
TownyHook,CitizensHook
TownyHook,DiscordSRVHook
TownyHook,BanManagerHook
TownyHook,BossHook
TownyHook,MythicMobsHook
TownyHook,LandsHook
TownyHook,LiteBansHook
TownyHook,ItemsAdderHook
TownyHook,SimplePlugin
TownyHook,Data
TownyHook,Player
IsInList,Common
JavaScriptExecutor,Common
JavaScriptExecutor,ReflectionUtil
JavaScriptExecutor,Message
JavaScriptExecutor,ExpiringMap
JavaScriptExecutor,EventHandledException
JavaScriptExecutor,DiscordSender
JavaScriptExecutor,Variables
JavaScriptExecutor,SimplePlugin
JavaScriptExecutor,Remain
JavaScriptExecutor,Player
OfflineRegionScanner,Common
OfflineRegionScanner,MinecraftVersion
OfflineRegionScanner,ReflectionUtil
OfflineRegionScanner,ReflectionException
OfflineRegionScanner,File
OfflineRegionScanner,RegionScanCompleteEvent
OfflineRegionScanner,RegionAccessor
OfflineRegionScanner,SimplePlugin
OfflineRegionScanner,Remain
PacketListener,Common
PacketListener,Valid
PacketListener,HookManager
PacketListener,SimpleAdapter
PacketListener,Player
SimpleChatAdapter,Common
SimpleChatAdapter,MinecraftVersion
SimpleChatAdapter,Message
SimpleChatAdapter,SerializedMap
SimpleChatAdapter,Debugger
SimpleChatAdapter,EventHandledException
SimpleChatAdapter,RegexTimeoutException
SimpleChatAdapter,SimpleAdapter
SimpleChatAdapter,SimplePlugin
SimpleChatAdapter,Remain
SimpleChatAdapter,Player
SimpleAdapter,FoException
SimpleAdapter,SimplePlugin
RandomNoRepeatPicker,Common
RandomNoRepeatPicker,RandomUtil
RandomNoRepeatPicker,Valid
RandomNoRepeatPicker,Player
RangedSimpleTime,RandomUtil
RangedSimpleTime,Valid
RangedSimpleTime,SimpleTime
RangedValue,Common
RangedValue,RandomUtil
RangedValue,Valid
Replacer,Common
Replacer,SerializedMap
Replacer,Variables
Rule,File
RuleSetReader,Common
RuleSetReader,FileUtil
RuleSetReader,Valid
RuleSetReader,Message
RuleSetReader,File
RuleSetReader,Rule
SimpleComponent,ChatUtil
SimpleComponent,Common
SimpleComponent,SerializeUtil
SimpleComponent,Valid
SimpleComponent,Message
SimpleComponent,SerializedMap
SimpleComponent,Builder
SimpleComponent,Permission
SimpleComponent,ConfigSerializable
SimpleComponent,HookManager
SimpleComponent,Part
SimpleComponent,Remain
SimpleComponent,Player
Part,PlayerUtil
Part,Valid
Part,SerializedMap
Part,Permission
Part,ConfigSerializable
Part,JavaScriptExecutor
Part,Variables
SimpleEnchantment,ChatUtil
SimpleEnchantment,Common
SimpleEnchantment,MathUtil
SimpleEnchantment,MinecraftVersion
SimpleEnchantment,Valid
SimpleEnchantment,SimplePlugin
SimpleEnchantment,Remain
SimpleExpansion,Common
SimpleHologram,Common
SimpleHologram,Valid
SimpleHologram,Remain
SimpleHologramStand,ItemCreator
SimpleHologramStand,SimpleHologram
SimpleScoreboard,ViewedScoreboard
SimpleScoreboard,Player
ViewedScoreboard,Common
ViewedScoreboard,MinecraftVersion
ViewedScoreboard,RandomUtil
ViewedScoreboard,Valid
ViewedScoreboard,SimpleScoreboard
ViewedScoreboard,Variables
ViewedScoreboard,SimplePlugin
ViewedScoreboard,Remain
ViewedScoreboard,Player
ViewedScoreboard,Update
SimpleSound,Common
SimpleSound,Valid
SimpleSound,Player
SimpleTime,TimeUtil
SimpleTrait,Common
SimpleTrait,Messenger
SimpleTrait,Message
SimpleTrait,SerializedMap
SimpleTrait,EventHandledException
SimpleTrait,Player
SpigotUpdater,Common
SpigotUpdater,FileUtil
SpigotUpdater,Valid
SpigotUpdater,Message
SpigotUpdater,File
SpigotUpdater,Variables
SpigotUpdater,SimplePlugin
SpigotUpdater,SimpleLocalization
SpigotUpdater,Update
Tuple,SerializeUtil
Tuple,Valid
Tuple,SerializedMap
Tuple,FoException
Tuple,ConfigSerializable
UUIDToNameConverter,Message
UUIDToNameConverter,JsonObject
Variable,Common
Variable,PlayerUtil
Variable,Valid
Variable,SerializedMap
Variable,Permission
Variable,File
Variable,JavaScriptExecutor
Variable,SimpleComponent
Variable,Variables
Variable,ConfigItems
Variable,Player
Variable,YamlConfig
Variables,Common
Variables,GeoAPI
Variables,GeoResponse
Variables,Messenger
Variables,MinecraftVersion
Variables,PlayerUtil
Variables,TimeUtil
Variables,Message
Variables,ExpiringMap
Variables,PermissionGroup
Variables,DiscordSender
Variables,HookManager
Variables,Replacer
Variables,SimpleComponent
Variables,SimpleExpansion
Variables,Variable
Variables,Remain
Variables,Player
Variables,SimpleSettings
Whiteblacklist,Valid
AutoRegisterScanner,Common
AutoRegisterScanner,MinecraftVersion
AutoRegisterScanner,ReflectionUtil
AutoRegisterScanner,Valid
AutoRegisterScanner,AutoRegister
AutoRegisterScanner,BungeeListener
AutoRegisterScanner,Message
AutoRegisterScanner,SimpleCommand
AutoRegisterScanner,SimpleCommandGroup
AutoRegisterScanner,MainCommand
AutoRegisterScanner,File
AutoRegisterScanner,Debugger
AutoRegisterScanner,SimpleListener
AutoRegisterScanner,FoException
AutoRegisterScanner,Tool
AutoRegisterScanner,DiscordListener
AutoRegisterScanner,FoundationEnchantmentListener
AutoRegisterScanner,HookManager
AutoRegisterScanner,PacketListener
AutoRegisterScanner,SimpleEnchantment
AutoRegisterScanner,SimpleExpansion
AutoRegisterScanner,Variables
AutoRegisterScanner,EnchantmentPacketListener
AutoRegisterScanner,SimplePlugin
AutoRegisterScanner,Commands
AutoRegisterScanner,Tool
AutoRegisterScanner,SimpleSettings
AutoRegisterScanner,YamlConfig
EnchantmentPacketListener,PacketListener
EnchantmentPacketListener,SimpleEnchantment
FoundationFilter,Message
FoundationFilter,FilterLegacy
FoundationFilter,FilterSystem
FoundationFilter,FilterLog4j
FoundationFilter,SimplePlugin
FoundationFilter,SimpleSettings
FoundationListener,Common
FoundationListener,MathUtil
FoundationListener,Messenger
FoundationListener,MinecraftVersion
FoundationListener,Message
FoundationListener,Header
FoundationListener,ChatPaginator
FoundationListener,HookManager
FoundationListener,SimpleComponent
FoundationListener,SimpleScoreboard
FoundationListener,SimplePlugin
FoundationListener,SimpleLocalization
FoundationListener,Player
FoundationListener,Pages
UpdateCheckListener,Common
UpdateCheckListener,PlayerUtil
UpdateCheckListener,Message
UpdateCheckListener,Permission
UpdateCheckListener,SpigotUpdater
UpdateCheckListener,SimplePlugin
UpdateCheckListener,Player
Reloadables,Common
Reloadables,SimpleCommandGroup
Reloadables,Commands
SimplePlugin,Common
SimplePlugin,Messenger
SimplePlugin,MinecraftVersion
SimplePlugin,ReflectionUtil
SimplePlugin,BungeeListener
SimplePlugin,SimpleCommandGroup
SimplePlugin,File
SimplePlugin,Debugger
SimplePlugin,MenuListener
SimplePlugin,ToolsListener
SimplePlugin,Metrics
SimplePlugin,DiscordListener
SimplePlugin,DiscordListenerImpl
SimplePlugin,HookManager
SimplePlugin,JavaScriptExecutor
SimplePlugin,AutoRegisterScanner
SimplePlugin,FoundationFilter
SimplePlugin,FoundationListener
SimplePlugin,UpdateCheckListener
SimplePlugin,Reloadables
SimplePlugin,ShadingException
SimplePlugin,Remain
SimplePlugin,SimpleSettings
SimplePlugin,YamlStaticConfig
ShadingException,Common
ShadingException,Messenger
ShadingException,MinecraftVersion
ShadingException,ReflectionUtil
ShadingException,Valid
ShadingException,AutoRegister
ShadingException,BungeeListener
ShadingException,Message
ShadingException,SimpleCommand
ShadingException,SimpleCommandGroup
ShadingException,MainCommand
ShadingException,SimpleSubCommand
ShadingException,File
ShadingException,Debugger
ShadingException,SimpleListener
ShadingException,FoException
ShadingException,Menu
ShadingException,DiscordListener
ShadingException,DiscordListenerImpl
ShadingException,FolderWatcher
ShadingException,HookManager
ShadingException,SimpleHologram
ShadingException,SimpleScoreboard
ShadingException,SpigotUpdater
ShadingException,AutoRegisterScanner
ShadingException,Reloadables
ShadingException,SimplePlugin
ShadingException,CompMetadata
ShadingException,MetadataFile
ShadingException,Remain
ShadingException,Lang
ShadingException,SimpleLocalization
ShadingException,Commands
ShadingException,Player
ShadingException,Menu
ShadingException,SimpleSettings
ShadingException,YamlConfig
ShadingException,YamlStaticConfig
ShadingException,BlockVisualizer
Region,BlockUtil
Region,Common
Region,Valid
Region,SerializedMap
Region,ConfigSerializable
Region,VisualizedRegion
CompChatColor,ItemUtil
CompChatColor,MinecraftVersion
CompChatColor,Valid
CompChatColor,Builder
CompColor,Common
CompColor,MinecraftVersion
CompColor,ReflectionUtil
CompColor,FoException
CompColor,CompChatColor
CompColor,Data
CompMetadata,Common
CompMetadata,MinecraftVersion
CompMetadata,Valid
CompMetadata,AutoRegister
CompMetadata,FoConstants
CompMetadata,File
CompMetadata,NBT
CompMetadata,SimplePlugin
CompMetadata,MetadataFile
CompMetadata,Remain
CompMetadata,NBTCompound
CompMetadata,NBTItem
MetadataFile,SerializeUtil
MetadataFile,Valid
MetadataFile,FoConstants
MetadataFile,File
MetadataFile,SimplePlugin
MetadataFile,BlockCache
MetadataFile,Remain
MetadataFile,YamlSectionConfig
BlockCache,SerializedMap
BlockCache,ConfigSerializable
CompMonsterEgg,MinecraftVersion
CompMonsterEgg,ReflectionUtil
CompMonsterEgg,Valid
CompMonsterEgg,FoException
CompMonsterEgg,SimplePlugin
CompMonsterEgg,Data
CompMonsterEgg,DataMap
CompMonsterEgg,Remain
CompMonsterEgg,NBTCompound
CompMonsterEgg,NBTItem
DataMap,ReflectionUtil
DataMap,Data
NmsEntity,MinecraftVersion
NmsEntity,FoException
NmsEntity,NmsAccessor
NmsAccessor,MinecraftVersion
NmsAccessor,ReflectionUtil
NmsAccessor,ReflectionException
NmsAccessor,FoException
NmsAccessor,Data
NmsAccessor,Remain
Remain,Common
Remain,FileUtil
Remain,ItemUtil
Remain,MathUtil
Remain,MinecraftVersion
Remain,ReflectionUtil
Remain,ReflectionException
Remain,Valid
Remain,Message
Remain,SerializedMap
Remain,Builder
Remain,File
Remain,FoException
Remain,JsonObject
Remain,Rule
Remain,UUIDToNameConverter
Remain,SimplePlugin
Remain,Data
Remain,InteractiveTextFoundException
Remain,SneakyThrow
Remain,BungeeChatProvider
Remain,AdvancementAccessor
Remain,PotionSetter
Remain,BossBarInternals
Remain,ChatInternals
Remain,NBTEntity
Remain,Player
Remain,Pages
Remain,SimpleYaml
InteractiveTextFoundException,Common
InteractiveTextFoundException,ItemUtil
InteractiveTextFoundException,MinecraftVersion
InteractiveTextFoundException,ReflectionUtil
InteractiveTextFoundException,TimeUtil
InteractiveTextFoundException,Valid
InteractiveTextFoundException,Message
InteractiveTextFoundException,Builder
InteractiveTextFoundException,JsonObject
InteractiveTextFoundException,SimplePlugin
InteractiveTextFoundException,Data
InteractiveTextFoundException,Remain
InteractiveTextFoundException,SneakyThrow
InteractiveTextFoundException,BungeeChatProvider
InteractiveTextFoundException,AdvancementAccessor
InteractiveTextFoundException,PotionSetter
InteractiveTextFoundException,Player
BossBarInternals,Common
BossBarInternals,MinecraftVersion
BossBarInternals,Valid
BossBarInternals,Message
BossBarInternals,SimplePlugin
BossBarInternals,Remain
BossBarInternals,NMSDragon
BossBarInternals,NMSDragon_v1_6
BossBarInternals,NMSDragon_v1_7
BossBarInternals,NMSDragon_v1_8
BossBarInternals,NMSDragon_v1_8Hack
BossBarInternals,NMSDragon_v1_9
BossBarInternals,Player
ChatInternals,Common
ChatInternals,MinecraftVersion
ChatInternals,ReflectionUtil
ChatInternals,ReflectionException
ChatInternals,Valid
ChatInternals,SerializedMap
ChatInternals,FoException
ChatInternals,Remain
ChatInternals,Player
NMSDragon,Remain
CheckUtil,MinecraftVersion
CheckUtil,FoException
CheckUtil,AvailableSince
CheckUtil,Since
NBTBlock,MinecraftVersion
NBTBlock,FoException
NBTBlock,Data
NBTBlock,NBTChunk
NBTBlock,NBTCompound
NBTChunk,MinecraftVersion
NBTChunk,AvailableSince
NBTChunk,NBTCompound
NBTChunk,NBTPersistentDataContainer
NBTChunk,Since
NBTCompound,MinecraftVersion
NBTCompound,ReflectionUtil
NBTCompound,NBT
NBTCompound,FoException
NBTCompound,Data
NBTCompound,NBTCompoundList
NBTCompound,NBTItem
NBTCompound,NBTListCompound
NBTCompound,NBTReflectionUtil
NBTCompoundList,MinecraftVersion
NBTCompoundList,FoException
NBTCompoundList,NBTCompound
NBTCompoundList,NBTListCompound
NBTContainer,ReflectionUtil
NBTContainer,NBT
NBTContainer,FoException
NBTContainer,NBTCompound
NBTContainer,NBTReflectionUtil
NBTDoubleList,FoException
NBTDoubleList,NBTCompound
NBTEntity,MinecraftVersion
NBTEntity,ReflectionUtil
NBTEntity,AvailableSince
NBTEntity,NBTCompound
NBTEntity,NBTPersistentDataContainer
NBTEntity,NBTReflectionUtil
NBTEntity,Since
NBTFile,ReflectionUtil
NBTFile,File
NBTFile,NBT
NBTFile,NBTCompound
NBTFile,NBTReflectionUtil
NBTFloatList,FoException
NBTFloatList,NBTCompound
NBTGameProfile,ReflectionUtil
NBTGameProfile,NBT
NBTGameProfile,NBTCompound
NBTGameProfile,NBTContainer
NBTGameProfile,NBTReflectionUtil
NBTIntegerList,FoException
NBTIntegerList,NBTCompound
NBTItem,ReflectionUtil
NBTItem,NBT
NBTItem,Data
NBTItem,NBTCompound
NBTItem,NBTContainer
NBTItem,NBTReflectionUtil
NBTList,MinecraftVersion
NBTList,FoException
NBTList,NBTCompound
NBTListCompound,NBTCompound
NBTLongList,FoException
NBTLongList,NBTCompound
NBTPersistentDataContainer,NBTCompound
NBTReflectionUtil,MinecraftVersion
NBTReflectionUtil,ReflectionUtil
NBTReflectionUtil,NBT
NBTReflectionUtil,FoException
NBTReflectionUtil,Data
NBTReflectionUtil,GsonWrapper
NBTReflectionUtil,NBTCompound
NBTReflectionUtil,NBTCompoundList
NBTReflectionUtil,NBTContainer
NBTReflectionUtil,NBTDoubleList
NBTReflectionUtil,NBTFloatList
NBTReflectionUtil,NBTIntegerList
NBTReflectionUtil,NBTListCompound
NBTReflectionUtil,NBTLongList
NBTReflectionUtil,NBTStringList
NBTStringList,FoException
NBTStringList,NBTCompound
NBTTileEntity,MinecraftVersion
NBTTileEntity,ReflectionUtil
NBTTileEntity,AvailableSince
NBTTileEntity,NBTCompound
NBTTileEntity,NBTContainer
NBTTileEntity,NBTReflectionUtil
NBTTileEntity,Since
Since,MinecraftVersion
ConfigItems,Common
ConfigItems,FileUtil
ConfigItems,Valid
ConfigItems,File
ConfigItems,YamlConfig
Lang,Common
Lang,Messenger
Lang,SerializeUtil
Lang,Valid
Lang,SerializedMap
Lang,FoException
Lang,JavaScriptExecutor
Lang,SimpleComponent
Lang,Variables
Lang,SimpleLocalization
Lang,SimpleSettings
Lang,YamlConfig
SimpleLocalization,File
SimpleLocalization,SimpleSettings
SimpleLocalization,YamlStaticConfig
Update,Valid
SimpleSettings,Common
SimpleSettings,Valid
SimpleSettings,MainCommand
SimpleSettings,FoConstants
SimpleSettings,File
SimpleSettings,FoException
SimpleSettings,SimplePlugin
SimpleSettings,SimpleLocalization
SimpleSettings,YamlStaticConfig
SimpleYaml,Common
SimpleYaml,FileUtil
SimpleYaml,ReflectionUtil
SimpleYaml,Valid
SimpleYaml,Builder
SimpleYaml,File
SimpleYaml,Header
YamlComments,Common
YamlComments,FileUtil
YamlComments,Valid
YamlComments,Builder
YamlComments,File
YamlComments,Remain
YamlComments,SimpleYaml
YamlConfig,Common
YamlConfig,FileUtil
YamlConfig,SerializeUtil
YamlConfig,Valid
YamlConfig,Message
YamlConfig,SerializedMap
YamlConfig,FoConstants
YamlConfig,File
YamlConfig,Header
YamlConfig,Debugger
YamlConfig,FoException
YamlConfig,BoxedMessage
YamlConfig,ConfigSerializable
YamlConfig,IsInList
YamlConfig,SimpleSound
YamlConfig,SimpleTime
YamlConfig,Tuple
YamlConfig,SimplePlugin
YamlConfig,Data
YamlConfig,Update
YamlConfig,SimpleYaml
YamlConfig,LocationList
YamlConfig,CasusHelper
YamlConfig,TitleHelper
YamlConfig,ConfigInstance
LocationList,Valid
LocationList,YamlConfig
CasusHelper,FoException
TitleHelper,Common
TitleHelper,Remain
TitleHelper,Player
ConfigInstance,Common
ConfigInstance,FileUtil
ConfigInstance,File
ConfigInstance,Header
ConfigInstance,SimpleYaml
ConfigInstance,YamlComments
ConfigInstance,YamlConfig
YamlSectionConfig,Valid
YamlSectionConfig,YamlConfig
YamlStaticConfig,Common
YamlStaticConfig,ReflectionUtil
YamlStaticConfig,Valid
YamlStaticConfig,Message
YamlStaticConfig,SerializedMap
YamlStaticConfig,FoConstants
YamlStaticConfig,File
YamlStaticConfig,Header
YamlStaticConfig,BoxedMessage
YamlStaticConfig,IsInList
YamlStaticConfig,SimpleSound
YamlStaticConfig,SimpleTime
YamlStaticConfig,SimplePlugin
YamlStaticConfig,Data
YamlStaticConfig,Remain
YamlStaticConfig,SimpleLocalization
YamlStaticConfig,SimpleSettings
YamlStaticConfig,YamlConfig
YamlStaticConfig,CasusHelper
YamlStaticConfig,TitleHelper
ColoredTextSlider,Common
ColoredTextSlider,MathUtil
ColoredTextSlider,Slider
ItemSlider,ItemCreator
ItemSlider,Slider
BlockVisualizer,MinecraftVersion
BlockVisualizer,Valid
BlockVisualizer,Remain
BlockVisualizer,Player
VisualizedRegion,BlockUtil
VisualizedRegion,Common
VisualizedRegion,Valid
VisualizedRegion,SerializedMap
VisualizedRegion,Region
VisualizedRegion,Player
VisualTool,BlockTool
VisualTool,Tool
VisualTool,Region
VisualTool,Player
VisualTool,Tool
VisualTool,BlockVisualizer
VisualTool,VisualizedRegion
