BaselineLayout,ViewUtils
BaselineLayout,Utils
BaselineLayout,Utils
BottomNavigationItemView,Type
BottomNavigationItemView,Type
BottomNavigationItemView,Type
BottomNavigationItemView,Type
BottomNavigationMenu,Builder
BottomNavigationMenuView,BottomNavigationAnimationHelperBase
BottomNavigationMenuView,BottomNavigationAnimationHelperKitkat
BottomNavigationMenuView,BottomNavigationItemView
BottomNavigationMenuView,BottomNavigationMenu
BottomNavigationMenuView,BottomNavigationPresenter
BottomNavigationMenuView,Action
BottomNavigationMenuView,Builder
BottomNavigationPresenter,BottomNavigationMenuView
BottomNavigationPresenter,ActionView
BottomNavigationPresenter,Builder
BottomNavigationView,BottomNavigationMenu
BottomNavigationView,BottomNavigationMenuView
BottomNavigationView,BottomNavigationPresenter
BottomNavigationView,OnNavigationItemSelectedListener
BottomNavigationView,ThemeUtils
BottomNavigationView,Utils
BottomNavigationView,Builder
BottomNavigationView,Utils
LayoutPreference,ViewHolder
EntityHeaderController,LayoutPreference
EntityHeaderController,ActionType
EntityHeaderController,Action
EntityHeaderController,Type
EntityHeaderController,RegisteredApplication
EntityHeaderController,Type
EntityHeaderController,Utils
EntityHeaderController,PackageManager
EntityHeaderController,Policy
EntityHeaderController,Type
EntityHeaderController,RegisteredApplication
EntityHeaderController,Type
EntityHeaderController,Utils
MainActivity,ConnectTask
MainActivity,MainFragment
MainActivity,ConnectTask
MainActivity,PushController
ConnectTask,MainActivity
ConnectTask,ConnectFailUtils
ConnectTask,OnConnectStatusChangedListener
ConnectTask,FailReason
ConnectTask,MainActivity
ConnectTask,Constants
ConnectTask,PushController
ConnectTask,OnReadyListener
ConnectTask,Utils
ConnectTask,LinkAlertDialog
ConnectTask,Builder
ConnectTask,Utils
MainFragment,BottomNavigationView
MainFragment,OnNavigationItemSelectedListener
MainFragment,MainActivity
MainFragment,FragmentBroadcast
MainFragment,OnConnectStatusChangedListener
MainFragment,Status
MainFragment,EventFragment
MainFragment,RegisteredApplicationFragment
MainFragment,MainActivity
MainFragment,SettingsFragment
MainFragment,ActionView
MainFragment,UpdateActivity
MainFragment,PushController
MainFragment,Utils
MainFragment,LinkAlertDialog
MainFragment,Builder
MainFragment,Utils
MiPushFramework,Builder
ConnectFailUtils,OnConnectStatusChangedListener
ConnectFailUtils,FailReason
ConnectFailUtils,Utils
ConnectFailUtils,Utils
FragmentBroadcast,OnConnectStatusChangedListener
FragmentBroadcast,Status
OnConnectStatusChangedListener,Status
OnConnectStatusChangedListener,FailReason
OnConnectStatusChangedListener,Type
OnConnectStatusChangedListener,Type
OnConnectStatusChangedListener,Policy
OnConnectStatusChangedListener,Type
OnConnectStatusChangedListener,Type
EventFragment,LoadTask
EventFragment,EventItemBinder
EventFragment,LoadTask
EventFragment,LoadTask
EventFragment,OnLoadMoreListener
EventFragment,Event
EventFragment,Event
LoadTask,EventDb
LoadTask,Event
LoadTask,Event
EventItemBinder,ManagePermissionsActivity
EventItemBinder,ViewHolder
EventItemBinder,ParseUtils
EventItemBinder,Event
EventItemBinder,Type
EventItemBinder,ResultType
EventItemBinder,Type
EventItemBinder,Utils
EventItemBinder,Event
EventItemBinder,Type
EventItemBinder,ResultType
EventItemBinder,Type
EventItemBinder,Utils
RecentActivityActivity,EventFragment
ManagePermissionsActivity,LoadTask
ManagePermissionsActivity,LoadTask
ManagePermissionsActivity,LoadTask
LoadTask,ManagePermissionsActivity
LoadTask,ManagePermissionsFragment
LoadTask,RegisteredApplicationDb
LoadTask,RegisteredApplication
LoadTask,RegisteredApplication
ManagePermissionsFragment,EntityHeaderController
ManagePermissionsFragment,ActionType
ManagePermissionsFragment,RecentActivityActivity
ManagePermissionsFragment,SaveTask
ManagePermissionsFragment,Action
ManagePermissionsFragment,Constants
ManagePermissionsFragment,permissions
ManagePermissionsFragment,Type
ManagePermissionsFragment,RegisteredApplication
ManagePermissionsFragment,Type
ManagePermissionsFragment,Utils
ManagePermissionsFragment,Type
ManagePermissionsFragment,RegisteredApplication
ManagePermissionsFragment,Type
ManagePermissionsFragment,Utils
SaveTask,RegisteredApplicationDb
RegisteredApplicationBinder,ManagePermissionsActivity
RegisteredApplicationBinder,ViewHolder
RegisteredApplicationBinder,RegisteredApplication
RegisteredApplicationBinder,RegisteredApplication
RegisteredApplicationFragment,LoadTask
RegisteredApplicationFragment,LoadTask
RegisteredApplicationFragment,RegisteredApplicationBinder
RegisteredApplicationFragment,LoadTask
RegisteredApplicationFragment,RegisteredApplication
RegisteredApplicationFragment,RegisteredApplication
LoadTask,RegisteredApplicationDb
LoadTask,RegisteredApplication
LoadTask,RegisteredApplication
SettingsFragment,Constants
SettingsFragment,PushServiceAccessibility
ActionView,Action
CheckUpdateTask,UpdateResult
CheckListener,CheckUpdateTask
CheckListener,UpdateResult
CheckListener,Network
CheckListener,ParseUtils
CheckListener,Utils
CheckListener,Utils
UpdateActivity,ActionView
UpdateActivity,Action
UpdateActivity,CheckUpdateTask
UpdateActivity,CheckListener
UpdateActivity,UpdateResult
BaseAppsBinder,IconWorkerTask
BaseAppsBinder,ViewHolder
BaseAppsBinder,PackageManager
BaseAppsBinder,NameNotFoundException
IconWorkerTask,PackageManager
IconWorkerTask,NameNotFoundException
INetwork,Network
Network,INetwork
ParseUtils,Utils
ParseUtils,Utils
ShellUtils,CommandResult
ShellUtils,Utils
ShellUtils,Builder
ShellUtils,Utils
CommandResult,ShellUtils
CommandResult,Utils
CommandResult,Utils
ViewUtils,Utils
ViewUtils,Utils
CheckDozeActivity,FinishWizardActivity
CheckDozeActivity,Constants
CheckDozeActivity,PushServiceAccessibility
CheckRunInBackgroundActivity,ShellUtils
CheckRunInBackgroundActivity,PushControllerWizardActivity
CheckRunInBackgroundActivity,FakeBuildActivity
CheckRunInBackgroundActivity,AppOpsManager
CheckRunInBackgroundActivity,Constants
CheckRunInBackgroundActivity,AppOpsManagerOverride
CheckRunInBackgroundActivity,PushController
CheckRunInBackgroundActivity,Utils
CheckRunInBackgroundActivity,AppOpsManager
CheckRunInBackgroundActivity,Utils
CheckRunningStatusActivity,CheckRunInBackgroundActivity
CheckRunningStatusActivity,CheckRunningTask
CheckRunningStatusActivity,PushControllerWizardActivity
CheckRunningStatusActivity,StartFailFAQActivity
CheckRunningStatusActivity,Constants
CheckRunningTask,PushController
FinishWizardActivity,WizardSPUtils
FinishWizardActivity,Utils
FinishWizardActivity,Utils
PushControllerWizardActivity,ConnectTask
PushControllerWizardActivity,ConnectTask
PushControllerWizardActivity,PushController
ConnectTask,ConnectFailUtils
ConnectTask,OnConnectStatusChangedListener
ConnectTask,FailReason
ConnectTask,PushControllerWizardActivity
ConnectTask,Constants
ConnectTask,PushController
ConnectTask,OnReadyListener
ConnectTask,Utils
ConnectTask,Utils
StartFailFAQActivity,MainActivity
StartFailFAQActivity,MainActivity
StartFailFAQActivity,WizardSPUtils
StartFailFAQActivity,Utils
StartFailFAQActivity,Utils
WelcomeActivity,MainActivity
WelcomeActivity,MainActivity
WelcomeActivity,CheckRunningStatusActivity
WelcomeActivity,WizardSPUtils
WelcomeActivity,Utils
WelcomeActivity,Utils
WizardSPUtils,MainActivity
WizardSPUtils,MainActivity
WizardSPUtils,Constants
WizardSPUtils,Utils
WizardSPUtils,Utils
WizardUtils,Utils
WizardUtils,Utils
FakeBuildActivity,CheckDozeActivity
FakeBuildActivity,CheckTask
FakeBuildActivity,Constants
CheckTask,FakeBuildActivity
CheckTask,FakeBuildUtils
CheckTask,Constants
CheckTask,Utils
CheckTask,Utils
FakeBuildUtils,Utils
FakeBuildUtils,Utils
UtilsTest,Utils
UtilsTest,Utils
AppOpsManager,OnOpChangedListener
AppOpsManager,permission
AppOpsManager,OnOpChangedListener
permissions,permission
EventDb,Constants
EventDb,Event
EventDb,Type
EventDb,ResultType
EventDb,Type
EventDb,DatabaseUtils
EventDb,Utils
EventDb,ContentResolver
EventDb,DatabaseUtils
EventDb,Event
EventDb,Type
EventDb,ResultType
EventDb,Type
EventDb,Utils
RegisteredApplicationDb,Type
RegisteredApplicationDb,RegisteredApplication
RegisteredApplicationDb,Type
RegisteredApplicationDb,DatabaseUtils
RegisteredApplicationDb,Utils
RegisteredApplicationDb,ContentResolver
RegisteredApplicationDb,DatabaseUtils
RegisteredApplicationDb,Type
RegisteredApplicationDb,RegisteredApplication
RegisteredApplicationDb,Type
RegisteredApplicationDb,Utils
Event,Type
Event,ResultType
Event,Type
Event,DatabaseUtils
Event,Utils
Event,DatabaseUtils
Event,Type
Event,ResultType
Event,Type
Event,Utils
IPCUtils,Disconnectable
IPCUtils,ServiceConnectionListener
IPCUtils,Utils
IPCUtils,Utils
AppOpsManagerOverride,AppOpsManager
AppOpsManagerOverride,AppOpsManager
OnReadyListener,Constants
OnReadyListener,Disconnectable
OnReadyListener,IPCUtils
OnReadyListener,ServiceConnectionListener
OnReadyListener,PushController
OnReadyListener,Utils
OnReadyListener,Stub
OnReadyListener,Stub
OnReadyListener,Stub
OnReadyListener,Utils
RetryListener,PushController
RetryListener,OnReadyListener
RetryListener,Utils
RetryListener,Utils
PushServiceAccessibility,AppOpsManager
PushServiceAccessibility,Constants
PushServiceAccessibility,PushController
PushServiceAccessibility,OnReadyListener
PushServiceAccessibility,CheckOpResult
PushServiceAccessibility,AppOpsManager
RegisteredApplication,Type
RegisteredApplication,Type
RegisteredApplication,DatabaseUtils
RegisteredApplication,Utils
RegisteredApplication,PackageManager
RegisteredApplication,NameNotFoundException
RegisteredApplication,DatabaseUtils
RegisteredApplication,Type
RegisteredApplication,Type
RegisteredApplication,Utils
DatabaseUtils,Utils
DatabaseUtils,ContentResolver
DatabaseUtils,Utils
Converter,Builder
NotificationUtils,Utils
NotificationUtils,Utils
Utils,AppGlobals
Utils,Constants
Utils,PackageManager
Utils,NameNotFoundException
CondomContextBasicSemanticTest,CondomContext
CondomContextBlockingTest,Type
CondomContextBlockingTest,Type
CondomContextBlockingTest,TestContext
CondomContextBlockingTest,ContentResolver
CondomContextBlockingTest,PackageManager
CondomContextBlockingTest,CondomContext
CondomContextBlockingTest,CondomCore
CondomContextBlockingTest,CondomOptions
CondomContextBlockingTest,OutboundJudge
CondomContextBlockingTest,Type
CondomContextBlockingTest,Type
TestProvider,Type
TestProvider,permission
TestProvider,Type
TestProvider,TestContext
TestProvider,PackageManager
TestProvider,CondomContext
TestProvider,CondomOptions
TestProvider,OutboundJudge
TestProvider,Type
TestProvider,Type
TestContext,PackageManager
TestContext,PackageManagerWrapper
CondomKitTest,permission
CondomKitTest,TelephonyManager
CondomKitTest,CondomContext
CondomKitTest,CondomKit
CondomKitTest,SystemServiceSupplier
CondomKitTest,CondomKitRegistry
CondomKitTest,CondomOptions
CondomKitTest,NullDeviceIdKit
CondomMiscTest,Event
CondomMiscTest,PackageManager
CondomMiscTest,CondomContext
CondomMiscTest,CondomCore
CondomMiscTest,PackageManagerWrapper
CondomMiscTest,Event
CondomProcessTest,Type
CondomProcessTest,Type
CondomProcessTest,ContentResolver
CondomProcessTest,PackageManager
CondomProcessTest,CondomOptions
CondomProcessTest,CondomProcess
CondomProcessTest,CondomProcessActivityManager
CondomProcessTest,CondomProcessPackageManager
CondomProcessTest,OutboundJudge
CondomProcessTest,NullDeviceIdKit
CondomProcessTest,Type
CondomProcessTest,Type
ContentResolver,Network
ContentResolver,IContentProvider
OnPermissionsChangedListener,permissions
OnPermissionsChangedListener,permission
OnPermissionsChangedListener,IntentSender
OnPermissionsChangedListener,IPackageDataObserver
OnPermissionsChangedListener,IPackageDeleteObserver
OnPermissionsChangedListener,IPackageStatsObserver
OnPermissionsChangedListener,KeySet
OnPermissionsChangedListener,Policy
MoveCallback,Status
Stub,IAppOpsService
CondomContext,Event
CondomContext,Type
CondomContext,permission
CondomContext,Type
CondomContext,ContentResolver
CondomContext,PackageManager
CondomContext,KitManager
CondomContext,CondomPackageManager
CondomContext,CondomContentResolver
CondomContext,CondomApplication
CondomContext,PseudoContextImpl
CondomContext,CondomCore
CondomContext,WrappedProcedure
CondomContext,CondomKitManager
CondomContext,CondomKit
CondomContext,CondomOptions
CondomContext,Event
CondomContext,Type
CondomContext,Type
KitManager,Type
KitManager,permission
KitManager,Type
KitManager,Utils
KitManager,PackageManager
KitManager,NameNotFoundException
KitManager,CondomPackageManager
KitManager,CondomCore
KitManager,CondomKitManager
KitManager,CondomKit
KitManager,SystemServiceSupplier
KitManager,OutboundJudge
KitManager,PackageManagerWrapper
KitManager,FakeManifestUtils
KitManager,Type
KitManager,Type
KitManager,Utils
CondomPackageManager,ContentResolver
CondomPackageManager,IContentProvider
CondomPackageManager,PackageManager
CondomPackageManager,CondomContentResolver
CondomPackageManager,ContentResolverWrapper
CondomContentResolver,CondomApplication
CondomContentResolver,CondomCore
CondomApplication,CondomContext
CondomApplication,PseudoContextImpl
CondomApplication,PseudoContextWrapper
CondomCore,Event
CondomCore,Type
CondomCore,permission
CondomCore,Type
CondomCore,PackageManager
CondomCore,KitManager
CondomCore,WrappedProcedure
CondomCore,CondomKitManager
CondomCore,BackgroundUidFilter
CondomCore,CondomKit
CondomCore,CondomKitRegistry
CondomCore,CondomOptions
CondomCore,OutboundJudge
CondomCore,Event
CondomCore,Type
CondomCore,Type
CondomKit,permission
CondomKit,SystemServiceSupplier
CondomKit,CondomKitRegistry
CondomOptions,CondomKit
CondomOptions,OutboundJudge
CondomProcess,PackageManager
CondomProcess,NameNotFoundException
CondomProcess,CondomCore
CondomProcess,CondomOptions
CondomProcess,CondomProcessActivityManager
CondomProcess,CondomProcessPackageManager
CondomProcessActivityManager,Event
CondomProcessActivityManager,Type
CondomProcessActivityManager,Type
CondomProcessActivityManager,PackageManager
CondomProcessActivityManager,CondomCore
CondomProcessActivityManager,CondomSystemService
CondomProcessActivityManager,Event
CondomProcessActivityManager,Type
CondomProcessActivityManager,Type
CondomProcessPackageManager,Type
CondomProcessPackageManager,Type
CondomProcessPackageManager,PackageManager
CondomProcessPackageManager,CondomCore
CondomProcessPackageManager,CondomSystemService
CondomProcessPackageManager,Type
CondomProcessPackageManager,Type
OutboundJudge,Type
OutboundJudge,Type
OutboundJudge,Type
OutboundJudge,Type
NullDeviceIdKit,permission
NullDeviceIdKit,TelephonyManager
NullDeviceIdKit,CondomKit
NullDeviceIdKit,SystemServiceSupplier
NullDeviceIdKit,CondomKitRegistry
NullDeviceIdKit,CondomTelephonyManager
FakeManifestUtils,permissions
FakeManifestUtils,permission
FakeManifestUtils,Utils
FakeManifestUtils,Utils
AppOpsManager,OnOpChangedListener
AppOpsManager,permission
AppOpsManager,OnOpChangedListener
AppOpsManagerExtender,AppOpsManager
AppOpsManagerExtender,OnOpChangedListener
AppOpsManagerExtender,AppOpsManager
AppOpsManagerExtender,OnOpChangedListener
NotificationManager,Policy
Policy,NotificationManager
NotificationManagerExtender,NotificationManager
DatabaseUtils,Utils
DatabaseUtils,MySQLiteOpenHelper
DatabaseUtils,Utils
Event,Type
Event,ResultType
Event,Type
Event,Type
Event,ResultType
Event,Type
EventProvider,Type
EventProvider,Type
EventProvider,DatabaseUtils
EventProvider,Utils
EventProvider,Builder
EventProvider,ContentResolver
EventProvider,DatabaseUtils
EventProvider,Type
EventProvider,Type
EventProvider,Utils
AppProvider,RegisteredApplicationDb
AppProvider,Type
AppProvider,Type
AppProvider,DatabaseUtils
AppProvider,Utils
AppProvider,Builder
AppProvider,ContentResolver
AppProvider,DatabaseUtils
AppProvider,Type
AppProvider,Type
AppProvider,Utils
RegisterDB,Type
RegisterDB,RegisteredApplication
RegisterDB,Type
RegisterDB,DatabaseUtils
RegisterDB,Utils
RegisterDB,Builder
RegisterDB,DatabaseUtils
RegisterDB,Type
RegisterDB,RegisteredApplication
RegisterDB,Type
RegisterDB,Utils
RegisteredApplication,Type
RegisteredApplication,Type
RegisteredApplication,PackageManager
RegisteredApplication,NameNotFoundException
RegisteredApplication,Type
RegisteredApplication,Type
MyClientEventDispatcher,EventProcessor
MyClientEventDispatcher,XMPushService
MessageProcessor,EventDb
MessageProcessor,RegisteredApplicationDb
MessageProcessor,Event
MessageProcessor,Type
MessageProcessor,ResultType
MessageProcessor,RegisteredApplication
MessageProcessor,Type
MessageProcessor,Event
MessageProcessor,Type
MessageProcessor,ResultType
MessageProcessor,RegisteredApplication
MessageProcessor,Type
EventProcessor,Constants
EventProcessor,Event
EventProcessor,Type
EventProcessor,Type
EventProcessor,Utils
EventProcessor,NotificationManager
EventProcessor,Event
EventProcessor,Type
EventProcessor,Type
EventProcessor,MessageProcessor
EventProcessor,PushServiceMain
EventProcessor,OreoNotificationManager
EventProcessor,Utils
EventProcessor,XMPushService
PushServiceMain,Builder
PushServiceMain,CondomContext
PushServiceMain,CondomKit
PushServiceMain,SystemServiceSupplier
PushServiceMain,CondomKitRegistry
PushServiceMain,NotificationManager
PushServiceMain,MyClientEventDispatcher
PushServiceMain,XMOutbound
PushServiceMain,OreoNotificationManager
PushServiceMain,XMPushService
RemoveDozeActivity,Action
RemoveDozeActivity,PushServiceAccessibility
ShareLogActivity,Utils
ShareLogActivity,Utils
ShareLogActivity,LogUtils
XmsfApp,permission
XmsfApp,DatabaseUtils
XmsfApp,Utils
XmsfApp,Builder
XmsfApp,ContentResolver
XmsfApp,PackageManager
XmsfApp,CondomOptions
XmsfApp,CondomProcess
XmsfApp,NotificationManager
XmsfApp,DatabaseUtils
XmsfApp,CrashHandler
XmsfApp,PushControllerUtils
XmsfApp,XMOutbound
XmsfApp,NotificationController
XmsfApp,MiuiPushActivateService
XmsfApp,MyLog
XmsfApp,Utils
XmsfApp,NotificationListener
XmsfApp,UploadNotificationJob
XmsfApp,RemoveTremblingUtils
XmsfApp,LogUtils
AuthActivity,RegisteredApplicationDb
AuthActivity,Type
AuthActivity,RegisteredApplication
AuthActivity,Type
AuthActivity,Builder
AuthActivity,PackageManager
AuthActivity,NameNotFoundException
AuthActivity,Type
AuthActivity,RegisteredApplication
AuthActivity,Type
AuthActivity,XMPushService
AppOpsKit,AppOpsManager
AppOpsKit,ManifestOverride
AppOpsKit,permission
AppOpsKit,CondomKit
AppOpsKit,SystemServiceSupplier
AppOpsKit,CondomKitRegistry
AppOpsKit,AppOpsManager
AppOpsKit,CondomAppOpsManager
CondomAppOpsManager,AppOpsManager
CondomAppOpsManager,AppOpsManagerOverride
CondomAppOpsManager,AppOpsManager
CondomAppOpsManager,AppOpsManagerExtender
ControlService,AppOpsManager
ControlService,Constants
ControlService,permissions
ControlService,AppOpsManagerOverride
ControlService,ManifestOverride
ControlService,permission
ControlService,PushController
ControlService,Utils
ControlService,PackageManager
ControlService,Stub
ControlService,AppOpsManager
ControlService,PushControllerUtils
ControlService,Stub
ControlService,Stub
ControlService,Utils
NotificationManagerKit,CondomKit
NotificationManagerKit,SystemServiceSupplier
NotificationManagerKit,CondomKitRegistry
NotificationManagerKit,NotificationManager
NotificationManagerKit,CondomNotificationManager
CondomNotificationManager,NotificationManager
CondomNotificationManager,NotificationManagerExtender
PushControllerUtils,Constants
PushControllerUtils,ServiceRunningChecker
PushControllerUtils,Utils
PushControllerUtils,PackageManager
PushControllerUtils,CondomContext
PushControllerUtils,PushServiceMain
PushControllerUtils,XMOutbound
PushControllerUtils,Utils
PushControllerUtils,BootReceiver
XMOutbound,Type
XMOutbound,Type
XMOutbound,CondomOptions
XMOutbound,OutboundJudge
XMOutbound,NullDeviceIdKit
XMOutbound,Type
XMOutbound,Type
XMOutbound,AppOpsKit
XMOutbound,NotificationManagerKit
NotificationController,PackageManager
NotificationController,NameNotFoundException
NotificationController,NotificationManager
OreoNotificationManager,NotificationManager
OreoNotificationManager,NotificationManagerExtender
HttpService,Stub
HttpService,C00141
HttpService,Stub
HttpService,Stub
C00141,Network
C00141,Type
C00141,Type
C00141,Utils
C00141,Stub
C00141,Type
C00141,Type
C00141,HttpService
C00141,Stub
C00141,Stub
C00141,Utils
IHttpService,HttpService
Stub,HttpService
Stub,IHttpService
Stub,Event
Stub,Event
Stub,IStatService
MiuiPushActivateService,Action
MiuiPushActivateService,Utils
MiuiPushActivateService,PackageManager
MiuiPushActivateService,NameNotFoundException
MiuiPushActivateService,MyLog
MiuiPushActivateService,Utils
XMAccountManager,Utils
XMAccountManager,Utils
XMPushService,Action
XMPushService,Constants
XMPushService,EventDb
XMPushService,RegisteredApplicationDb
XMPushService,Event
XMPushService,Type
XMPushService,ResultType
XMPushService,RegisteredApplication
XMPushService,Type
XMPushService,Utils
XMPushService,Event
XMPushService,Type
XMPushService,ResultType
XMPushService,RegisteredApplication
XMPushService,Type
XMPushService,PushServiceMain
XMPushService,XmsfApp
XMPushService,AuthActivity
XMPushService,PushControllerUtils
XMPushService,NotificationController
XMPushService,Utils
NotificationListener,Type
NotificationListener,Type
NotificationListener,Utils
NotificationListener,Type
NotificationListener,Type
NotificationListener,Utils
UploadNotificationJob,ActionType
UploadNotificationJob,Network
UploadNotificationJob,Type
UploadNotificationJob,Type
UploadNotificationJob,Utils
UploadNotificationJob,Type
UploadNotificationJob,Type
UploadNotificationJob,Utils
UploadNotificationJob,NotificationListener
AccountChangedReceiver,Action
AccountChangedReceiver,MiuiPushActivateService
AccountChangedReceiver,XMAccountManager
BootReceiver,Action
MiuiPushMessageReceiver,Action
MiuiPushMessageReceiver,CommandResult
MiuiPushMessageReceiver,MyLog
MiuiPushMessageReceiver,XMAccountManager
NetworkStatusReceiver,Action
NetworkStatusReceiver,Network
NetworkStatusReceiver,Utils
NetworkStatusReceiver,PushServiceMain
NetworkStatusReceiver,Utils
RemoveTremblingUtils,Utils
RemoveTremblingUtils,Utils
LogUtils,Constants
LogUtils,Type
LogUtils,Type
LogUtils,Utils
LogUtils,Builder
LogUtils,Type
LogUtils,Type
LogUtils,Utils
