SystemInfo,HardwareAbstractionLayer
SystemInfo,OperatingSystem
SystemInfo,LinuxHardwareAbstractionLayer
SystemInfo,LinuxOperatingSystem
SystemInfo,MacHardwareAbstractionLayer
SystemInfo,MacOperatingSystem
SystemInfo,WindowsHardwareAbstractionLayer
SystemInfo,WindowsOperatingSystem
HardwareAbstractionLayer,Memory
OperatingSystem,OperatingSystemVersion
LinuxHardwareAbstractionLayer,HardwareAbstractionLayer
LinuxHardwareAbstractionLayer,Memory
LinuxHardwareAbstractionLayer,PowerSource
LinuxHardwareAbstractionLayer,Processor
LinuxHardwareAbstractionLayer,CentralProcessor
LinuxHardwareAbstractionLayer,GlobalMemory
LinuxHardwareAbstractionLayer,LinuxPowerSource
LinuxHardwareAbstractionLayer,CentralProcessor
LinuxHardwareAbstractionLayer,GlobalMemory
LinuxHardwareAbstractionLayer,CentralProcessor
LinuxHardwareAbstractionLayer,GlobalMemory
LinuxHardwareAbstractionLayer,FileUtil
LinuxOperatingSystem,OperatingSystem
LinuxOperatingSystem,OperatingSystemVersion
CentralProcessor,Processor
CentralProcessor,FormatUtil
CentralProcessor,ParseUtil
GlobalMemory,Memory
GlobalMemory,Libc
GlobalMemory,Sysinfo
GlobalMemory,FileUtil
LinuxPowerSource,PowerSource
LinuxPowerSource,FileUtil
OSVersionInfoEx,OperatingSystemVersion
MacHardwareAbstractionLayer,HardwareAbstractionLayer
MacHardwareAbstractionLayer,Memory
MacHardwareAbstractionLayer,PowerSource
MacHardwareAbstractionLayer,Processor
MacHardwareAbstractionLayer,CentralProcessor
MacHardwareAbstractionLayer,GlobalMemory
MacHardwareAbstractionLayer,CentralProcessor
MacHardwareAbstractionLayer,GlobalMemory
MacHardwareAbstractionLayer,MacPowerSource
MacHardwareAbstractionLayer,SystemB
MacHardwareAbstractionLayer,CentralProcessor
MacHardwareAbstractionLayer,GlobalMemory
MacOperatingSystem,OperatingSystem
MacOperatingSystem,OperatingSystemVersion
MacOperatingSystem,OSVersionInfoEx
MacOperatingSystem,OSVersionInfoEx
MacOperatingSystem,OSVersionInfoEx
CentralProcessor,Memory
CentralProcessor,Processor
CentralProcessor,SystemB
CentralProcessor,HostCpuLoadInfo
CentralProcessor,ParseUtil
CoreFoundation,CFTypeRef
CoreFoundation,CFArrayRef
CFStringRef,CoreFoundation
CFStringRef,CFDictionaryRef
GlobalMemory,Memory
GlobalMemory,SystemB
GlobalMemory,VMStatistics
IOKit,CFTypeRef
IOKit,CFArrayRef
IOKit,CFDictionaryRef
IOKit,CFStringRef
MacPowerSource,Memory
MacPowerSource,PowerSource
MacPowerSource,CoreFoundation
MacPowerSource,CFTypeRef
MacPowerSource,CFArrayRef
MacPowerSource,CFDictionaryRef
MacPowerSource,IOKit
OSVersionInfoEx,Memory
OSVersionInfoEx,OperatingSystemVersion
OSVersionInfoEx,SystemB
WindowsHardwareAbstractionLayer,HardwareAbstractionLayer
WindowsHardwareAbstractionLayer,Memory
WindowsHardwareAbstractionLayer,PowerSource
WindowsHardwareAbstractionLayer,Processor
WindowsHardwareAbstractionLayer,CentralProcessor
WindowsHardwareAbstractionLayer,GlobalMemory
WindowsHardwareAbstractionLayer,CentralProcessor
WindowsHardwareAbstractionLayer,GlobalMemory
WindowsHardwareAbstractionLayer,CentralProcessor
WindowsHardwareAbstractionLayer,GlobalMemory
WindowsHardwareAbstractionLayer,WindowsPowerSource
WindowsOperatingSystem,OperatingSystem
WindowsOperatingSystem,OperatingSystemVersion
WindowsOperatingSystem,OSVersionInfoEx
WindowsOperatingSystem,OSVersionInfoEx
WindowsOperatingSystem,OSVersionInfoEx
CentralProcessor,Processor
CentralProcessor,ExecutingCommand
CentralProcessor,ParseUtil
GlobalMemory,Memory
OSNativeSystemInfo,SystemInfo
OSNativeSystemInfo,Process
OSVersionInfoEx,OperatingSystemVersion
WindowsPowerSource,PowerSource
WindowsPowerSource,PowrProf
WindowsPowerSource,SystemBatteryState
WindowsPowerSource,FormatUtil
ExecutingCommand,Process
SystemInfoTest,SystemInfo
SystemInfoTest,HardwareAbstractionLayer
SystemInfoTest,Memory
SystemInfoTest,PowerSource
SystemInfoTest,Processor
SystemInfoTest,OperatingSystem
SystemInfoTest,OperatingSystemVersion
SystemInfoTest,FormatUtil
FileUtilTest,FileUtil
FormatUtilTest,FormatUtil
ParseUtilTest,ParseUtil
