Driver,ConnectThread
Driver,c
Driver,c
Driver,c
Driver,c
Driver,c
Driver,ct
Driver,ExpressionProperties
Driver,GT
Driver,PSQLException
Driver,SharedTimer
Driver,WriterHandler
ConnectThread,Driver
ConnectThread,Version
ConnectThread,Key
ConnectThread,PgConnection
ConnectThread,c
ConnectThread,c
ConnectThread,c
ConnectThread,c
ConnectThread,c
ConnectThread,DriverInfo
ConnectThread,GT
ConnectThread,HostSpec
ConnectThread,PSQLException
ConnectThread,SharedTimer
ConnectThread,URLCoder
PGConnection,CopyManager
PGConnection,Query
PGConnection,Fastpath
PGConnection,ct
PGConnection,LargeObjectManager
PGConnection,PGReplicationConnection
PGConnection,PGobject
PGNotification,Notification
CopyDual,CopyIn
CopyDual,CopyOut
CopyIn,CopyOperation
CopyIn,ByteStreamWriter
CopyManager,CopyDual
CopyManager,CopyIn
CopyManager,CopyOperation
CopyManager,CopyOut
CopyManager,BaseConnection
CopyManager,Encoding
CopyManager,QueryExecutor
CopyManager,c
CopyManager,c
CopyManager,c
CopyManager,c
CopyManager,c
CopyManager,ByteStreamWriter
CopyManager,GT
CopyManager,PSQLException
CopyOut,CopyOperation
PGCopyInputStream,PGConnection
PGCopyInputStream,CopyOut
PGCopyInputStream,c
PGCopyInputStream,c
PGCopyInputStream,c
PGCopyInputStream,c
PGCopyInputStream,c
PGCopyInputStream,GT
PGCopyInputStream,PSQLException
PGCopyOutputStream,PGConnection
PGCopyOutputStream,CopyIn
PGCopyOutputStream,CopyManager
PGCopyOutputStream,c
PGCopyOutputStream,c
PGCopyOutputStream,c
PGCopyOutputStream,c
PGCopyOutputStream,c
PGCopyOutputStream,ByteStreamWriter
PGCopyOutputStream,GT
BaseConnection,PGConnection
BaseConnection,CachedQuery
BaseConnection,Encoding
BaseConnection,Query
BaseConnection,QueryExecutor
BaseConnection,ReplicationProtocol
BaseConnection,TypeInfo
BaseConnection,Utils
BaseConnection,Version
BaseConnection,FieldMetadata
BaseConnection,Key
BaseConnection,ct
BaseConnection,TimestampUtils
BaseStatement,PGStatement
BaseStatement,CachedQuery
BaseStatement,Query
BaseStatement,ResultCursor
BaseStatement,Tuple
ByteOptimizedUTF8Encoder,OptimizedUTF8Encoder
ByteOptimizedUTF8Encoder,c
ByteOptimizedUTF8Encoder,c
ByteOptimizedUTF8Encoder,c
ByteOptimizedUTF8Encoder,c
ByteOptimizedUTF8Encoder,c
CachedQuery,Query
CachedQuery,c
CachedQuery,c
CachedQuery,c
CachedQuery,c
CachedQuery,c
CachedQuery,ct
CachedQuery,CanEstimateSize
CharOptimizedUTF8Encoder,OptimizedUTF8Encoder
CharOptimizedUTF8Encoder,c
CharOptimizedUTF8Encoder,c
CharOptimizedUTF8Encoder,c
CharOptimizedUTF8Encoder,c
CharOptimizedUTF8Encoder,c
CommandCompleteParser,Oid
CommandCompleteParser,Parser
CommandCompleteParser,c
CommandCompleteParser,c
CommandCompleteParser,c
CommandCompleteParser,c
CommandCompleteParser,c
CommandCompleteParser,ct
CommandCompleteParser,GT
CommandCompleteParser,PSQLException
ConnectionFactory,PGStream
ConnectionFactory,QueryExecutor
ConnectionFactory,ConnectionFactoryImpl
ConnectionFactory,c
ConnectionFactory,c
ConnectionFactory,c
ConnectionFactory,c
ConnectionFactory,c
ConnectionFactory,ct
ConnectionFactory,GT
ConnectionFactory,PSQLException
Encoding,c
Encoding,c
Encoding,c
Encoding,c
Encoding,c
UTFEncodingProvider,ByteOptimizedUTF8Encoder
UTFEncodingProvider,CharOptimizedUTF8Encoder
UTFEncodingProvider,Encoding
UTFEncodingProvider,OptimizedUTF8Encoder
UTFEncodingProvider,Provider
UTFEncodingProvider,Version
UTFEncodingProvider,c
UTFEncodingProvider,c
UTFEncodingProvider,c
UTFEncodingProvider,c
UTFEncodingProvider,c
EncodingPredictor,c
EncodingPredictor,c
EncodingPredictor,c
EncodingPredictor,c
EncodingPredictor,c
DecodeResult,c
DecodeResult,c
DecodeResult,c
DecodeResult,c
DecodeResult,c
Translation,Encoding
Translation,DecodeResult
Translation,c
Translation,c
Translation,c
Translation,c
Translation,c
Field,Oid
Field,FieldMetadata
Field,c
Field,c
Field,c
Field,c
Field,c
FixedLengthOutputStream,c
FixedLengthOutputStream,c
FixedLengthOutputStream,c
FixedLengthOutputStream,c
FixedLengthOutputStream,c
JdbcCallParseInfo,c
JdbcCallParseInfo,c
JdbcCallParseInfo,c
JdbcCallParseInfo,c
JdbcCallParseInfo,c
NativeQuery,ParameterList
NativeQuery,Query
NativeQuery,SqlCommand
NativeQuery,c
NativeQuery,c
NativeQuery,c
NativeQuery,c
NativeQuery,c
Notification,PGNotification
Notification,c
Notification,c
Notification,c
Notification,c
Notification,c
Oid,Field
Oid,c
Oid,c
Oid,c
Oid,c
Oid,c
Oid,GT
Oid,PSQLException
OptimizedUTF8Encoder,Encoding
OptimizedUTF8Encoder,c
OptimizedUTF8Encoder,c
OptimizedUTF8Encoder,c
OptimizedUTF8Encoder,c
OptimizedUTF8Encoder,c
OptimizedUTF8Encoder,GT
ParameterList,ByteStreamWriter
Parser,JdbcCallParseInfo
Parser,NativeQuery
Parser,Query
Parser,SqlCommand
Parser,TypeInfo
Parser,EscapedFunctions2
Parser,c
Parser,c
Parser,c
Parser,c
Parser,c
Parser,ct
Parser,GT
Parser,PSQLException
PGBindException,c
PGBindException,c
PGBindException,c
PGBindException,c
PGBindException,c
PGStream,Encoding
PGStream,EncodingPredictor
PGStream,DecodeResult
PGStream,FixedLengthOutputStream
PGStream,Parser
PGStream,PGBindException
PGStream,Tuple
PGStream,VisibleBufferedInputStream
PGStream,c
PGStream,c
PGStream,c
PGStream,c
PGStream,c
PGStream,ct
PGStream,ByteStreamWriter
PGStream,ByteStreamTarget
PGStream,GT
PGStream,HostSpec
PGStream,PGPropertyMaxResultBufferParser
PGStream,PSQLException
Query,ParameterList
Query,SqlCommand
QueryExecutor,CopyOperation
QueryExecutor,CachedQuery
QueryExecutor,Encoding
QueryExecutor,NativeQuery
QueryExecutor,ParameterList
QueryExecutor,Query
QueryExecutor,ReplicationProtocol
QueryExecutor,ResultCursor
QueryExecutor,ResultHandler
QueryExecutor,Version
QueryExecutor,SimpleQuery
QueryExecutor,TypeTransferModeRegistry
QueryExecutor,BatchResultHandler
QueryExecutor,Key
QueryExecutor,c
QueryExecutor,c
QueryExecutor,c
QueryExecutor,c
QueryExecutor,c
QueryExecutor,ct
QueryExecutor,HostSpec
QueryExecutorBase,PGNotification
QueryExecutorBase,BaseQueryKey
QueryExecutorBase,CachedQuery
QueryExecutorBase,CachedQueryCreateAction
QueryExecutorBase,CallableQueryKey
QueryExecutorBase,Encoding
QueryExecutorBase,Notification
QueryExecutorBase,PGStream
QueryExecutorBase,Query
QueryExecutorBase,QueryExecutor
QueryExecutorBase,QueryWithReturningColumnsKey
QueryExecutorBase,Utils
QueryExecutorBase,Version
QueryExecutorBase,Key
QueryExecutorBase,c
QueryExecutorBase,c
QueryExecutorBase,c
QueryExecutorBase,c
QueryExecutorBase,c
QueryExecutorBase,ct
QueryExecutorBase,HostSpec
QueryExecutorBase,LruCache
QueryExecutorBase,CreateAction
QueryExecutorBase,PSQLException
QueryExecutorBase,ServerErrorMessage
ReplicationProtocol,PGReplicationStream
ReplicationProtocol,LogicalReplicationOptions
ReplicationProtocol,PhysicalReplicationOptions
ResultHandler,Query
ResultHandler,ResultCursor
ResultHandler,Tuple
ResultHandlerBase,Query
ResultHandlerBase,ResultCursor
ResultHandlerBase,ResultHandler
ResultHandlerBase,Tuple
ResultHandlerBase,c
ResultHandlerBase,c
ResultHandlerBase,c
ResultHandlerBase,c
ResultHandlerBase,c
ResultHandlerDelegate,Query
ResultHandlerDelegate,ResultCursor
ResultHandlerDelegate,ResultHandler
ResultHandlerDelegate,Tuple
ResultHandlerDelegate,c
ResultHandlerDelegate,c
ResultHandlerDelegate,c
ResultHandlerDelegate,c
ResultHandlerDelegate,c
SetupQueryRunner,c
SetupQueryRunner,c
SetupQueryRunner,c
SetupQueryRunner,c
SetupQueryRunner,c
SimpleResultHandler,Query
SimpleResultHandler,QueryExecutor
SimpleResultHandler,ResultCursor
SimpleResultHandler,ResultHandler
SimpleResultHandler,ResultHandlerBase
SimpleResultHandler,Tuple
SimpleResultHandler,SimpleQuery
SimpleResultHandler,c
SimpleResultHandler,c
SimpleResultHandler,c
SimpleResultHandler,c
SimpleResultHandler,c
SimpleResultHandler,GT
SimpleResultHandler,PSQLException
SocketFactoryFactory,c
SocketFactoryFactory,c
SocketFactoryFactory,c
SocketFactoryFactory,c
SocketFactoryFactory,c
SocketFactoryFactory,LibPQFactory
SocketFactoryFactory,LibPQFactory
SocketFactoryFactory,GT
SocketFactoryFactory,ObjectFactory
SocketFactoryFactory,PSQLException
SqlCommand,TypeInfo
SqlCommand,c
SqlCommand,c
SqlCommand,c
SqlCommand,c
SqlCommand,c
Tuple,c
Tuple,c
Tuple,c
Tuple,c
Tuple,c
TypeInfo,Oid
TypeInfo,ct
TypeInfo,PGobject
Utils,Version
Utils,c
Utils,c
Utils,c
Utils,c
Utils,c
Utils,GT
Utils,PSQLException
VisibleBufferedInputStream,c
VisibleBufferedInputStream,c
VisibleBufferedInputStream,c
VisibleBufferedInputStream,c
VisibleBufferedInputStream,c
VisibleBufferedInputStream,ct
BatchedQuery,NativeQuery
BatchedQuery,ParameterList
BatchedQuery,Query
BatchedQuery,SimpleQuery
BatchedQuery,TypeTransferModeRegistry
BatchedQuery,c
BatchedQuery,c
BatchedQuery,c
BatchedQuery,c
BatchedQuery,c
ConnectionFactoryImpl,ConnectionFactory
ConnectionFactoryImpl,Encoding
ConnectionFactoryImpl,PGStream
ConnectionFactoryImpl,QueryExecutor
ConnectionFactoryImpl,SetupQueryRunner
ConnectionFactoryImpl,SocketFactoryFactory
ConnectionFactoryImpl,Tuple
ConnectionFactoryImpl,Utils
ConnectionFactoryImpl,Version
ConnectionFactoryImpl,QueryExecutorImpl
ConnectionFactoryImpl,MakeGSS
ConnectionFactoryImpl,CandidateHost
ConnectionFactoryImpl,GlobalHostStatusTracker
ConnectionFactoryImpl,HostChooser
ConnectionFactoryImpl,HostChooserFactory
ConnectionFactoryImpl,c
ConnectionFactoryImpl,c
ConnectionFactoryImpl,c
ConnectionFactoryImpl,c
ConnectionFactoryImpl,c
ConnectionFactoryImpl,ct
ConnectionFactoryImpl,ScramAuthenticator
ConnectionFactoryImpl,MakeSSL
ConnectionFactoryImpl,ISSPIClient
ConnectionFactoryImpl,SSPIClient
ConnectionFactoryImpl,GT
ConnectionFactoryImpl,HostSpec
ConnectionFactoryImpl,MD5Digest
ConnectionFactoryImpl,PSQLException
ConnectionFactoryImpl,ServerErrorMessage
CopyDualImpl,CopyDual
CopyDualImpl,CopyOperationImpl
CopyDualImpl,c
CopyDualImpl,c
CopyDualImpl,c
CopyDualImpl,c
CopyDualImpl,c
CopyDualImpl,ByteStreamWriter
CopyDualImpl,PSQLException
CopyInImpl,CopyIn
CopyInImpl,CopyOperationImpl
CopyInImpl,c
CopyInImpl,c
CopyInImpl,c
CopyInImpl,c
CopyInImpl,c
CopyInImpl,ByteStreamWriter
CopyInImpl,GT
CopyInImpl,PSQLException
CopyOperationImpl,CopyOperation
CopyOperationImpl,QueryExecutorImpl
CopyOperationImpl,c
CopyOperationImpl,c
CopyOperationImpl,c
CopyOperationImpl,c
CopyOperationImpl,c
CopyOperationImpl,ct
CopyOperationImpl,GT
CopyOperationImpl,PSQLException
CopyOutImpl,CopyOut
CopyOutImpl,CopyOperationImpl
CopyOutImpl,c
CopyOutImpl,c
CopyOutImpl,c
CopyOutImpl,c
CopyOutImpl,c
QueryExecutorImpl,CopyIn
QueryExecutorImpl,CopyOperation
QueryExecutorImpl,CopyOut
QueryExecutorImpl,CommandCompleteParser
QueryExecutorImpl,Encoding
QueryExecutorImpl,EncodingPredictor
QueryExecutorImpl,DecodeResult
QueryExecutorImpl,Field
QueryExecutorImpl,NativeQuery
QueryExecutorImpl,Notification
QueryExecutorImpl,Oid
QueryExecutorImpl,ParameterList
QueryExecutorImpl,Parser
QueryExecutorImpl,PGBindException
QueryExecutorImpl,PGStream
QueryExecutorImpl,Query
QueryExecutorImpl,QueryExecutor
QueryExecutorImpl,QueryExecutorBase
QueryExecutorImpl,ReplicationProtocol
QueryExecutorImpl,ResultCursor
QueryExecutorImpl,ResultHandler
QueryExecutorImpl,ResultHandlerBase
QueryExecutorImpl,ResultHandlerDelegate
QueryExecutorImpl,SqlCommand
QueryExecutorImpl,Tuple
QueryExecutorImpl,TypeInfo
QueryExecutorImpl,Utils
QueryExecutorImpl,Version
QueryExecutorImpl,BatchedQuery
QueryExecutorImpl,CompositeQuery
QueryExecutorImpl,CopyDualImpl
QueryExecutorImpl,CopyInImpl
QueryExecutorImpl,CopyOperationImpl
QueryExecutorImpl,CopyOutImpl
QueryExecutorImpl,DescribeRequest
QueryExecutorImpl,ExecuteRequest
QueryExecutorImpl,Portal
QueryExecutorImpl,SimpleParameterList
QueryExecutorImpl,SimpleQuery
QueryExecutorImpl,V3ParameterList
QueryExecutorImpl,V3ReplicationProtocol
QueryExecutorImpl,BatchResultHandler
QueryExecutorImpl,c
QueryExecutorImpl,c
QueryExecutorImpl,c
QueryExecutorImpl,c
QueryExecutorImpl,c
QueryExecutorImpl,ct
QueryExecutorImpl,TimestampUtils
QueryExecutorImpl,ByteStreamWriter
QueryExecutorImpl,GT
QueryExecutorImpl,PSQLException
QueryExecutorImpl,PSQLWarning
QueryExecutorImpl,ServerErrorMessage
V3PGReplicationStream,CopyDual
V3PGReplicationStream,c
V3PGReplicationStream,c
V3PGReplicationStream,c
V3PGReplicationStream,c
V3PGReplicationStream,c
V3PGReplicationStream,LogSequenceNumber
V3PGReplicationStream,PGReplicationStream
V3PGReplicationStream,GT
V3PGReplicationStream,PSQLException
V3ReplicationProtocol,CopyDual
V3ReplicationProtocol,PGStream
V3ReplicationProtocol,Query
V3ReplicationProtocol,QueryExecutor
V3ReplicationProtocol,ReplicationProtocol
V3ReplicationProtocol,V3PGReplicationStream
V3ReplicationProtocol,c
V3ReplicationProtocol,c
V3ReplicationProtocol,c
V3ReplicationProtocol,c
V3ReplicationProtocol,c
V3ReplicationProtocol,PGReplicationStream
V3ReplicationProtocol,CommonOptions
V3ReplicationProtocol,LogicalReplicationOptions
V3ReplicationProtocol,PhysicalReplicationOptions
V3ReplicationProtocol,GT
V3ReplicationProtocol,PSQLException
PGConnectionPoolDataSource,PGPooledConnection
PGConnectionPoolDataSource,BaseDataSource
PGConnectionPoolDataSource,c
PGConnectionPoolDataSource,c
PGConnectionPoolDataSource,c
PGConnectionPoolDataSource,c
PGConnectionPoolDataSource,c
PGConnectionPoolDataSource,ct
PGConnectionPoolDataSource,DriverInfo
PGPooledConnection,PGConnection
PGPooledConnection,ConnectionHandler
PGPooledConnection,c
PGPooledConnection,c
PGPooledConnection,c
PGPooledConnection,c
PGPooledConnection,c
PGPooledConnection,GT
PGPooledConnection,PSQLException
PGPooledConnection,ConnectionHandler
ConnectionHandler,PGStatement
ConnectionHandler,StatementHandler
ConnectionHandler,c
ConnectionHandler,c
ConnectionHandler,c
ConnectionHandler,c
ConnectionHandler,c
ConnectionHandler,ct
ConnectionHandler,GT
ConnectionHandler,PSQLException
StatementHandler,ConnectionHandler
StatementHandler,c
StatementHandler,c
StatementHandler,c
StatementHandler,c
StatementHandler,c
StatementHandler,ct
StatementHandler,GT
StatementHandler,PSQLException
StatementHandler,ConnectionHandler
PGPoolingDataSource,PGConnectionPoolDataSource
PGPoolingDataSource,BaseDataSource
PGPoolingDataSource,c
PGPoolingDataSource,c
PGPoolingDataSource,c
PGPoolingDataSource,c
PGPoolingDataSource,c
PGPoolingDataSource,ct
PGPoolingDataSource,ci
PGPoolingDataSource,ConnectionPool
PGPoolingDataSource,PoolingDataSource
PGPoolingDataSource,DriverInfo
PGPoolingDataSource,GT
PGPoolingDataSource,PSQLException
PGSimpleDataSource,BaseDataSource
PGSimpleDataSource,c
PGSimpleDataSource,c
PGSimpleDataSource,c
PGSimpleDataSource,c
PGSimpleDataSource,c
PGSimpleDataSource,ct
PGSimpleDataSource,SimpleDataSource
PGSimpleDataSource,DriverInfo
BaseDataSource,Driver
BaseDataSource,Version
BaseDataSource,PGObjectFactory
BaseDataSource,Key
BaseDataSource,c
BaseDataSource,c
BaseDataSource,c
BaseDataSource,c
BaseDataSource,c
BaseDataSource,ct
BaseDataSource,ExpressionProperties
BaseDataSource,GT
BaseDataSource,ObjectFactory
BaseDataSource,PSQLException
BaseDataSource,URLCoder
PGObjectFactory,PGConnectionPoolDataSource
PGObjectFactory,PGPoolingDataSource
PGObjectFactory,PGSimpleDataSource
PGObjectFactory,BaseDataSource
PGObjectFactory,c
PGObjectFactory,c
PGObjectFactory,c
PGObjectFactory,c
PGObjectFactory,c
PGObjectFactory,ct
PGObjectFactory,ConnectionPool
PGObjectFactory,PoolingDataSource
PGObjectFactory,SimpleDataSource
PGObjectFactory,ObjectFactory
Fastpath,BaseConnection
Fastpath,ParameterList
Fastpath,QueryExecutor
Fastpath,FastpathArg
Fastpath,c
Fastpath,c
Fastpath,c
Fastpath,c
Fastpath,c
Fastpath,ct
Fastpath,ByteConverter
Fastpath,GT
Fastpath,PSQLException
FastpathArg,ParameterList
FastpathArg,c
FastpathArg,c
FastpathArg,c
FastpathArg,c
FastpathArg,c
PGbox,PGpoint
PGbox,c
PGbox,c
PGbox,c
PGbox,c
PGbox,c
PGbox,ct
PGbox,GT
PGbox,PGBinaryObject
PGbox,PGobject
PGbox,PGtokenizer
PGbox,PSQLException
PGcircle,PGpoint
PGcircle,c
PGcircle,c
PGcircle,c
PGcircle,c
PGcircle,c
PGcircle,ct
PGcircle,GT
PGcircle,PGobject
PGcircle,PGtokenizer
PGcircle,PSQLException
PGline,PGlseg
PGline,PGpoint
PGline,c
PGline,c
PGline,c
PGline,c
PGline,c
PGline,ct
PGline,GT
PGline,PGobject
PGline,PGtokenizer
PGline,PSQLException
PGlseg,PGpoint
PGlseg,c
PGlseg,c
PGlseg,c
PGlseg,c
PGlseg,c
PGlseg,ct
PGlseg,GT
PGlseg,PGobject
PGlseg,PGtokenizer
PGlseg,PSQLException
PGpath,PGpoint
PGpath,c
PGpath,c
PGpath,c
PGpath,c
PGpath,c
PGpath,ct
PGpath,GT
PGpath,PGobject
PGpath,PGtokenizer
PGpath,PSQLException
PGpoint,c
PGpoint,c
PGpoint,c
PGpoint,c
PGpoint,c
PGpoint,ct
PGpoint,ByteConverter
PGpoint,GT
PGpoint,PGBinaryObject
PGpoint,PGobject
PGpoint,PGtokenizer
PGpoint,PSQLException
PGpolygon,PGpoint
PGpolygon,c
PGpolygon,c
PGpolygon,c
PGpolygon,c
PGpolygon,c
PGpolygon,ct
PGpolygon,PGobject
PGpolygon,PGtokenizer
GSSCallbackHandler,c
GSSCallbackHandler,c
GSSCallbackHandler,c
GSSCallbackHandler,c
GSSCallbackHandler,c
MakeGSS,PGStream
MakeGSS,GssAction
MakeGSS,GSSCallbackHandler
MakeGSS,c
MakeGSS,c
MakeGSS,c
MakeGSS,c
MakeGSS,c
MakeGSS,ct
MakeGSS,GT
MakeGSS,PSQLException
CandidateHost,c
CandidateHost,c
CandidateHost,c
CandidateHost,c
CandidateHost,c
CandidateHost,HostSpec
GlobalHostStatusTracker,HostSpecStatus
GlobalHostStatusTracker,c
GlobalHostStatusTracker,c
GlobalHostStatusTracker,c
GlobalHostStatusTracker,c
GlobalHostStatusTracker,c
GlobalHostStatusTracker,HostSpec
HostSpecStatus,c
HostSpecStatus,c
HostSpecStatus,c
HostSpecStatus,c
HostSpecStatus,c
HostSpecStatus,HostSpec
HostChooser,CandidateHost
HostChooserFactory,HostChooser
HostChooserFactory,MultiHostChooser
HostChooserFactory,SingleHostChooser
HostChooserFactory,c
HostChooserFactory,c
HostChooserFactory,c
HostChooserFactory,c
HostChooserFactory,c
AbstractBlobClob,BaseConnection
AbstractBlobClob,Version
AbstractBlobClob,LOIterator
AbstractBlobClob,c
AbstractBlobClob,c
AbstractBlobClob,c
AbstractBlobClob,c
AbstractBlobClob,c
AbstractBlobClob,ct
AbstractBlobClob,LargeObject
AbstractBlobClob,GT
AbstractBlobClob,PSQLException
LOIterator,c
LOIterator,c
LOIterator,c
LOIterator,c
LOIterator,c
LOIterator,ct
LOIterator,LargeObject
LOIterator,LargeObjectManager
LOIterator,GT
LOIterator,PSQLException
BatchResultHandler,Query
BatchResultHandler,ResultCursor
BatchResultHandler,ResultHandler
BatchResultHandler,ResultHandlerBase
BatchResultHandler,Tuple
BatchResultHandler,BatchedQuery
BatchResultHandler,c
BatchResultHandler,c
BatchResultHandler,c
BatchResultHandler,c
BatchResultHandler,c
BatchResultHandler,PgResultSet
BatchResultHandler,PgStatement
BatchResultHandler,GT
BatchResultHandler,PSQLException
EscapedFunctions,c
EscapedFunctions,c
EscapedFunctions,c
EscapedFunctions,c
EscapedFunctions,c
EscapedFunctions,GT
EscapedFunctions,PSQLException
EscapedFunctions2,c
EscapedFunctions2,c
EscapedFunctions2,c
EscapedFunctions2,c
EscapedFunctions2,c
EscapedFunctions2,GT
EscapedFunctions2,PSQLException
FieldMetadata,c
FieldMetadata,c
FieldMetadata,c
FieldMetadata,c
FieldMetadata,c
FieldMetadata,CanEstimateSize
Key,Oid
Key,FieldMetadata
Key,c
Key,c
Key,c
Key,c
Key,c
Key,ct
Key,PgResultSetMetaData
PgArray,Oid
PgArray,c
PgArray,c
PgArray,c
PgArray,c
PgArray,c
PgArray,UUIDArrayAssistant
PgArray,ArrayAssistant
PgArray,ArrayAssistantRegistry
PgArrayList,Driver
PgArrayList,BaseConnection
PgArrayList,BaseStatement
PgArrayList,Encoding
PgArrayList,Field
PgArrayList,Oid
PgArrayList,Tuple
PgArrayList,TypeInfo
PgArrayList,Utils
PgArrayList,BooleanTypeUtil
PgArrayList,PgArray
PgArrayList,c
PgArrayList,c
PgArrayList,c
PgArrayList,c
PgArrayList,c
PgArrayList,ct
PgArrayList,PgResultSet
PgArrayList,PrimitiveArraySupport
PgArrayList,TimestampUtils
PgArrayList,ArrayAssistant
PgArrayList,ArrayAssistantRegistry
PgArrayList,ByteConverter
PgArrayList,GT
PgArrayList,PSQLException
PgBlob,BaseConnection
PgBlob,AbstractBlobClob
PgBlob,c
PgBlob,c
PgBlob,c
PgBlob,c
PgBlob,c
PgBlob,ct
PgBlob,LargeObject
PgClob,Driver
PgClob,BaseConnection
PgClob,Encoding
PgClob,AbstractBlobClob
PgClob,c
PgClob,c
PgClob,c
PgClob,c
PgClob,c
PgConnection,BaseConnection
PgConnection,BaseStatement
PgConnection,CachedQuery
PgConnection,ConnectionFactory
PgConnection,Encoding
PgConnection,Oid
PgConnection,Query
PgConnection,QueryExecutor
PgConnection,ReplicationProtocol
PgConnection,TypeInfo
PgConnection,Utils
PgConnection,Version
PgConnection,Fastpath
PgConnection,PGbox
PgConnection,PGcircle
PgConnection,PGline
PgConnection,PGlseg
PgConnection,PGpath
PgConnection,PGpoint
PgConnection,PGpolygon
PgConnection,FieldMetadata
PgConnection,Key
PgConnection,TransactionCommandHandler
PgConnection,c
PgConnection,c
PgConnection,c
PgConnection,c
PgConnection,c
PgConnection,ct
PgConnection,TimestampUtils
PgConnection,TypeInfoCache
PgConnection,LargeObjectManager
PgConnection,DriverInfo
PgConnection,GT
PgConnection,PGBinaryObject
PgConnection,PGInterval
PgConnection,PGmoney
PgConnection,PGobject
PgConnection,PSQLException
TransactionCommandHandler,Driver
TransactionCommandHandler,CopyManager
TransactionCommandHandler,Oid
TransactionCommandHandler,Query
TransactionCommandHandler,ResultHandlerBase
TransactionCommandHandler,TypeInfo
TransactionCommandHandler,Utils
TransactionCommandHandler,Version
TransactionCommandHandler,FieldMetadata
TransactionCommandHandler,Key
TransactionCommandHandler,PgArray
TransactionCommandHandler,PgBlob
TransactionCommandHandler,PgCallableStatement
TransactionCommandHandler,PgClob
TransactionCommandHandler,PgConnection
TransactionCommandHandler,PgDatabaseMetaData
TransactionCommandHandler,c
TransactionCommandHandler,c
TransactionCommandHandler,c
TransactionCommandHandler,c
TransactionCommandHandler,c
TransactionCommandHandler,ct
TransactionCommandHandler,PgPreparedStatement
TransactionCommandHandler,PgSQLXML
TransactionCommandHandler,PgStatement
TransactionCommandHandler,PrimitiveArraySupport
TransactionCommandHandler,PGReplicationConnection
TransactionCommandHandler,PGReplicationConnectionImpl
TransactionCommandHandler,GT
TransactionCommandHandler,PSQLException
TransactionCommandHandler,SharedTimer
AbortCommand,CachedQuery
AbortCommand,Query
AbortCommand,SqlCommand
AbortCommand,c
AbortCommand,c
AbortCommand,c
AbortCommand,c
AbortCommand,c
AbortCommand,PgPreparedStatement
AbortCommand,PSQLSavepoint
AbortCommand,GT
AbortCommand,PSQLException
PgDatabaseMetaData,BaseStatement
PgDatabaseMetaData,Field
PgDatabaseMetaData,Oid
PgDatabaseMetaData,Query
PgDatabaseMetaData,Tuple
PgDatabaseMetaData,TypeInfo
PgDatabaseMetaData,Version
PgDatabaseMetaData,PgConnection
PgDatabaseMetaData,c
PgDatabaseMetaData,c
PgDatabaseMetaData,dc
PgDatabaseMetaData,c
PgDatabaseMetaData,dc
PgDatabaseMetaData,c
PgDatabaseMetaData,c
PgDatabaseMetaData,ct
PgDatabaseMetaData,ci
PgDatabaseMetaData,TypeInfoCache
PgDatabaseMetaData,ByteConverter
PgDatabaseMetaData,DriverInfo
PgDatabaseMetaData,GT
PgDatabaseMetaData,JdbcBlackHole
PgDatabaseMetaData,PSQLException
PgParameterMetaData,BaseConnection
PgParameterMetaData,TypeInfo
PgParameterMetaData,c
PgParameterMetaData,c
PgParameterMetaData,c
PgParameterMetaData,c
PgParameterMetaData,c
PgParameterMetaData,GT
PgParameterMetaData,PSQLException
PgResultSet,Driver
PgResultSet,PGRefCursorResultSet
PgResultSet,PGResultSetMetaData
PgResultSet,BaseConnection
PgResultSet,BaseStatement
PgResultSet,Encoding
PgResultSet,Field
PgResultSet,Oid
PgResultSet,Query
PgResultSet,QueryExecutor
PgResultSet,ResultCursor
PgResultSet,ResultHandler
PgResultSet,Tuple
PgResultSet,Utils
PgResultSet,Key
PgResultSet,PgArray
PgResultSet,PgBlob
PgResultSet,PgClob
PgResultSet,c
PgResultSet,c
PgResultSet,c
PgResultSet,c
PgResultSet,c
PgResultSet,ct
PgResultSet,CursorResultHandler
PgResultSet,PrimaryKey
PgResultSet,NullObject
PgResultSet,PgResultSetMetaData
PgResultSet,PgStatement
PgResultSet,TimestampUtils
PgResultSet,GT
PgResultSet,HStoreConverter
PgResultSet,PGbytea
PgResultSet,PGobject
PgResultSet,PSQLException
CursorResultHandler,PGResultSetMetaData
CursorResultHandler,PGStatement
CursorResultHandler,BaseStatement
CursorResultHandler,Encoding
CursorResultHandler,Field
CursorResultHandler,Oid
CursorResultHandler,Query
CursorResultHandler,QueryExecutor
CursorResultHandler,ResultCursor
CursorResultHandler,ResultHandler
CursorResultHandler,ResultHandlerBase
CursorResultHandler,Tuple
CursorResultHandler,TypeInfo
CursorResultHandler,Utils
CursorResultHandler,BooleanTypeUtil
CursorResultHandler,c
CursorResultHandler,c
CursorResultHandler,c
CursorResultHandler,c
CursorResultHandler,c
CursorResultHandler,ct
CursorResultHandler,PgResultSet
CursorResultHandler,PgStatement
CursorResultHandler,TimestampUtils
CursorResultHandler,ByteConverter
CursorResultHandler,GT
CursorResultHandler,HStoreConverter
CursorResultHandler,PGbytea
CursorResultHandler,PGtokenizer
CursorResultHandler,PSQLException
PrimaryKey,Key
PrimaryKey,c
PrimaryKey,c
PrimaryKey,c
PrimaryKey,c
PrimaryKey,c
PrimaryKey,ct
NullObject,Driver
NullObject,PGStatement
NullObject,Tuple
NullObject,Utils
NullObject,c
NullObject,c
NullObject,c
NullObject,c
NullObject,c
NullObject,ct
NullObject,PgSQLXML
NullObject,TimestampUtils
NullObject,GT
NullObject,PGobject
NullObject,PSQLException
PgResultSetMetaData,PGResultSetMetaData
PgResultSetMetaData,BaseConnection
PgResultSetMetaData,Field
PgResultSetMetaData,Oid
PgResultSetMetaData,Query
PgResultSetMetaData,TypeInfo
PgResultSetMetaData,Version
PgResultSetMetaData,FieldMetadata
PgResultSetMetaData,Key
PgResultSetMetaData,c
PgResultSetMetaData,c
PgResultSetMetaData,c
PgResultSetMetaData,c
PgResultSetMetaData,c
PgResultSetMetaData,GT
PgResultSetMetaData,JdbcBlackHole
PgResultSetMetaData,PSQLException
PgSQLXML,BaseConnection
PgSQLXML,Encoding
PgSQLXML,c
PgSQLXML,c
PgSQLXML,c
PgSQLXML,c
PgSQLXML,c
PgSQLXML,NonPrintingErrorHandler
PgSQLXML,GT
PgSQLXML,PSQLException
NonPrintingErrorHandler,c
NonPrintingErrorHandler,c
NonPrintingErrorHandler,c
NonPrintingErrorHandler,c
NonPrintingErrorHandler,c
PgStatement,PGConnection
PgStatement,BaseConnection
PgStatement,BaseStatement
PgStatement,ParameterList
PgStatement,Query
PgStatement,ResultCursor
PgStatement,Tuple
PgStatement,PgConnection
PgStatement,c
PgStatement,c
PgStatement,c
PgStatement,c
PgStatement,c
PgStatement,PgResultSet
PgStatement,PSQLWarningWrapper
PgStatement,ResultWrapper
StatementResultHandler,Driver
StatementResultHandler,CachedQuery
StatementResultHandler,ParameterList
StatementResultHandler,Query
StatementResultHandler,QueryExecutor
StatementResultHandler,ResultCursor
StatementResultHandler,ResultHandler
StatementResultHandler,ResultHandlerBase
StatementResultHandler,SqlCommand
StatementResultHandler,Tuple
StatementResultHandler,BatchResultHandler
StatementResultHandler,Key
StatementResultHandler,c
StatementResultHandler,c
StatementResultHandler,c
StatementResultHandler,c
StatementResultHandler,c
StatementResultHandler,ct
StatementResultHandler,PgResultSet
StatementResultHandler,PgStatement
StatementResultHandler,PSQLWarningWrapper
StatementResultHandler,ResultWrapper
StatementResultHandler,GT
StatementResultHandler,PSQLException
PrimitiveArraySupport,Oid
PrimitiveArraySupport,TypeInfo
PrimitiveArraySupport,Key
PrimitiveArraySupport,PgArray
PrimitiveArraySupport,c
PrimitiveArraySupport,c
PrimitiveArraySupport,c
PrimitiveArraySupport,c
PrimitiveArraySupport,c
PrimitiveArraySupport,ct
PrimitiveArraySupport,ByteConverter
PSQLSavepoint,Utils
PSQLSavepoint,c
PSQLSavepoint,c
PSQLSavepoint,c
PSQLSavepoint,c
PSQLSavepoint,c
PSQLSavepoint,GT
PSQLSavepoint,PSQLException
ResultWrapper,c
ResultWrapper,c
ResultWrapper,c
ResultWrapper,c
ResultWrapper,c
TimestampUtils,Field
TimestampUtils,Provider
TimestampUtils,Utils
TimestampUtils,Version
TimestampUtils,c
TimestampUtils,c
TimestampUtils,c
TimestampUtils,c
TimestampUtils,c
TimestampUtils,ct
ParsedTimestamp,c
ParsedTimestamp,c
ParsedTimestamp,c
ParsedTimestamp,c
ParsedTimestamp,c
ParsedBinaryTimestamp,PGStatement
ParsedBinaryTimestamp,Field
ParsedBinaryTimestamp,Provider
ParsedBinaryTimestamp,c
ParsedBinaryTimestamp,c
ParsedBinaryTimestamp,c
ParsedBinaryTimestamp,c
ParsedBinaryTimestamp,c
ParsedBinaryTimestamp,ParsedTimestamp
ParsedBinaryTimestamp,ByteConverter
ParsedBinaryTimestamp,GT
ParsedBinaryTimestamp,PSQLException
TypeInfoCache,BaseConnection
TypeInfoCache,BaseStatement
TypeInfoCache,Oid
TypeInfoCache,Query
TypeInfoCache,QueryExecutor
TypeInfoCache,TypeInfo
TypeInfoCache,Key
TypeInfoCache,c
TypeInfoCache,c
TypeInfoCache,c
TypeInfoCache,c
TypeInfoCache,c
TypeInfoCache,ct
TypeInfoCache,GT
TypeInfoCache,PGobject
TypeInfoCache,PSQLException
UUIDArrayAssistant,c
UUIDArrayAssistant,c
UUIDArrayAssistant,c
UUIDArrayAssistant,c
UUIDArrayAssistant,c
UUIDArrayAssistant,ct
UUIDArrayAssistant,ArrayAssistant
UUIDArrayAssistant,ByteConverter
ArrayAssistant,ct
ArrayAssistantRegistry,c
ArrayAssistantRegistry,c
ArrayAssistantRegistry,c
ArrayAssistantRegistry,c
ArrayAssistantRegistry,c
ArrayAssistantRegistry,ArrayAssistant
ConnectionPool,PGConnectionPoolDataSource
PoolingDataSource,PGPoolingDataSource
SimpleDataSource,PGSimpleDataSource
Jdbc3ConnectionPool,PGConnectionPoolDataSource
Jdbc3ConnectionPool,ConnectionPool
Jdbc3PoolingDataSource,PGPoolingDataSource
Jdbc3PoolingDataSource,PoolingDataSource
Jdbc3SimpleDataSource,PGSimpleDataSource
Jdbc3SimpleDataSource,SimpleDataSource
ScramAuthenticator,PGStream
ScramAuthenticator,c
ScramAuthenticator,c
ScramAuthenticator,c
ScramAuthenticator,c
ScramAuthenticator,c
BodySender,PGStream
BodySender,c
BodySender,c
BodySender,c
BodySender,c
BodySender,c
BodySender,ScramAuthenticator
BodySender,GT
BodySender,PSQLException
BlobInputStream,c
BlobInputStream,c
BlobInputStream,c
BlobInputStream,c
BlobInputStream,c
BlobInputStream,ct
BlobInputStream,LargeObject
BlobOutputStream,c
BlobOutputStream,c
BlobOutputStream,c
BlobOutputStream,c
BlobOutputStream,c
BlobOutputStream,ct
BlobOutputStream,LargeObject
LargeObject,BaseConnection
LargeObject,Fastpath
LargeObject,FastpathArg
LargeObject,c
LargeObject,c
LargeObject,c
LargeObject,c
LargeObject,c
LargeObject,ct
LargeObject,BlobInputStream
LargeObject,BlobOutputStream
LargeObject,PSQLException
LargeObjectManager,BaseConnection
LargeObjectManager,Query
LargeObjectManager,Fastpath
LargeObjectManager,FastpathArg
LargeObjectManager,c
LargeObjectManager,c
LargeObjectManager,c
LargeObjectManager,c
LargeObjectManager,c
LargeObjectManager,ct
LargeObjectManager,LargeObject
LargeObjectManager,GT
LargeObjectManager,PSQLException
PGBundleActivator,Driver
PGBundleActivator,c
PGBundleActivator,c
PGBundleActivator,c
PGBundleActivator,c
PGBundleActivator,c
PGBundleActivator,ct
PGBundleActivator,PGDataSourceFactory
PGBundleActivator,DriverInfo
PGDataSourceFactory,c
PGDataSourceFactory,c
PGDataSourceFactory,c
PGDataSourceFactory,c
PGDataSourceFactory,c
SingleUseProperties,Driver
SingleUseProperties,BaseDataSource
SingleUseProperties,Key
SingleUseProperties,c
SingleUseProperties,c
SingleUseProperties,c
SingleUseProperties,c
SingleUseProperties,c
SingleUseProperties,ct
SingleUseProperties,ConnectionPool
SingleUseProperties,PoolingDataSource
SingleUseProperties,SimpleDataSource
SingleUseProperties,GT
SingleUseProperties,PSQLException
SingleUseProperties,PGXADataSource
LogSequenceNumber,c
LogSequenceNumber,c
LogSequenceNumber,c
LogSequenceNumber,c
LogSequenceNumber,c
LogSequenceNumber,ct
PGReplicationConnection,ChainedCreateReplicationSlotBuilder
PGReplicationConnection,ChainedStreamBuilder
PGReplicationConnectionImpl,BaseConnection
PGReplicationConnectionImpl,c
PGReplicationConnectionImpl,c
PGReplicationConnectionImpl,c
PGReplicationConnectionImpl,c
PGReplicationConnectionImpl,c
PGReplicationConnectionImpl,PGReplicationConnection
PGReplicationConnectionImpl,ChainedCreateReplicationSlotBuilder
PGReplicationConnectionImpl,ChainedStreamBuilder
PGReplicationConnectionImpl,ReplicationCreateSlotBuilder
PGReplicationConnectionImpl,ReplicationStreamBuilder
PGReplicationStream,LogSequenceNumber
ReplicationSlotInfo,c
ReplicationSlotInfo,c
ReplicationSlotInfo,c
ReplicationSlotInfo,c
ReplicationSlotInfo,c
ReplicationSlotInfo,LogSequenceNumber
AbstractCreateSlotBuilder,BaseConnection
AbstractCreateSlotBuilder,Version
AbstractCreateSlotBuilder,c
AbstractCreateSlotBuilder,c
AbstractCreateSlotBuilder,c
AbstractCreateSlotBuilder,c
AbstractCreateSlotBuilder,c
AbstractCreateSlotBuilder,ct
AbstractCreateSlotBuilder,GT
AbstractStreamBuilder,c
AbstractStreamBuilder,c
AbstractStreamBuilder,c
AbstractStreamBuilder,c
AbstractStreamBuilder,c
AbstractStreamBuilder,ct
AbstractStreamBuilder,LogSequenceNumber
ChainedCommonCreateSlotBuilder,ReplicationSlotInfo
ChainedCommonStreamBuilder,LogSequenceNumber
ChainedCreateReplicationSlotBuilder,ChainedLogicalCreateSlotBuilder
ChainedCreateReplicationSlotBuilder,LogicalCreateSlotBuilder
ChainedCreateReplicationSlotBuilder,ChainedPhysicalCreateSlotBuilder
ChainedCreateReplicationSlotBuilder,PhysicalCreateSlotBuilder
ChainedStreamBuilder,ChainedLogicalStreamBuilder
ChainedStreamBuilder,LogicalStreamBuilder
ChainedStreamBuilder,ChainedPhysicalStreamBuilder
ChainedStreamBuilder,PhysicalStreamBuilder
CommonOptions,LogSequenceNumber
ReplicationCreateSlotBuilder,BaseConnection
ReplicationCreateSlotBuilder,c
ReplicationCreateSlotBuilder,c
ReplicationCreateSlotBuilder,c
ReplicationCreateSlotBuilder,c
ReplicationCreateSlotBuilder,c
ReplicationCreateSlotBuilder,ChainedCreateReplicationSlotBuilder
ReplicationCreateSlotBuilder,ChainedLogicalCreateSlotBuilder
ReplicationCreateSlotBuilder,LogicalCreateSlotBuilder
ReplicationCreateSlotBuilder,ChainedPhysicalCreateSlotBuilder
ReplicationCreateSlotBuilder,PhysicalCreateSlotBuilder
ReplicationStreamBuilder,BaseConnection
ReplicationStreamBuilder,ReplicationProtocol
ReplicationStreamBuilder,c
ReplicationStreamBuilder,c
ReplicationStreamBuilder,c
ReplicationStreamBuilder,c
ReplicationStreamBuilder,c
ReplicationStreamBuilder,PGReplicationStream
ReplicationStreamBuilder,ChainedStreamBuilder
ReplicationStreamBuilder,ChainedLogicalStreamBuilder
ReplicationStreamBuilder,LogicalReplicationOptions
ReplicationStreamBuilder,LogicalStreamBuilder
ReplicationStreamBuilder,StartLogicalReplicationCallback
ReplicationStreamBuilder,ChainedPhysicalStreamBuilder
ReplicationStreamBuilder,PhysicalReplicationOptions
ReplicationStreamBuilder,PhysicalStreamBuilder
ReplicationStreamBuilder,StartPhysicalReplicationCallback
ChainedLogicalCreateSlotBuilder,LogicalCreateSlotBuilder
ChainedLogicalStreamBuilder,PGReplicationStream
ChainedLogicalStreamBuilder,LogicalStreamBuilder
LogicalCreateSlotBuilder,BaseConnection
LogicalCreateSlotBuilder,c
LogicalCreateSlotBuilder,c
LogicalCreateSlotBuilder,c
LogicalCreateSlotBuilder,c
LogicalCreateSlotBuilder,c
LogicalCreateSlotBuilder,LogSequenceNumber
LogicalCreateSlotBuilder,ReplicationSlotInfo
LogicalCreateSlotBuilder,ChainedLogicalCreateSlotBuilder
LogicalReplicationOptions,CommonOptions
LogicalStreamBuilder,c
LogicalStreamBuilder,c
LogicalStreamBuilder,c
LogicalStreamBuilder,c
LogicalStreamBuilder,c
LogicalStreamBuilder,LogSequenceNumber
LogicalStreamBuilder,PGReplicationStream
LogicalStreamBuilder,ChainedLogicalStreamBuilder
LogicalStreamBuilder,LogicalReplicationOptions
LogicalStreamBuilder,StartLogicalReplicationCallback
StartLogicalReplicationCallback,PGReplicationStream
StartLogicalReplicationCallback,LogicalReplicationOptions
ChainedPhysicalCreateSlotBuilder,PhysicalCreateSlotBuilder
ChainedPhysicalStreamBuilder,PGReplicationStream
ChainedPhysicalStreamBuilder,PhysicalStreamBuilder
PhysicalCreateSlotBuilder,BaseConnection
PhysicalCreateSlotBuilder,c
PhysicalCreateSlotBuilder,c
PhysicalCreateSlotBuilder,c
PhysicalCreateSlotBuilder,c
PhysicalCreateSlotBuilder,c
PhysicalCreateSlotBuilder,LogSequenceNumber
PhysicalCreateSlotBuilder,ReplicationSlotInfo
PhysicalCreateSlotBuilder,ChainedPhysicalCreateSlotBuilder
PhysicalReplicationOptions,CommonOptions
PhysicalStreamBuilder,c
PhysicalStreamBuilder,c
PhysicalStreamBuilder,c
PhysicalStreamBuilder,c
PhysicalStreamBuilder,c
PhysicalStreamBuilder,LogSequenceNumber
PhysicalStreamBuilder,PGReplicationStream
PhysicalStreamBuilder,ChainedPhysicalStreamBuilder
PhysicalStreamBuilder,PhysicalReplicationOptions
PhysicalStreamBuilder,StartPhysicalReplicationCallback
StartPhysicalReplicationCallback,PGReplicationStream
StartPhysicalReplicationCallback,PhysicalReplicationOptions
DbKeyStoreSocketFactory,c
DbKeyStoreSocketFactory,c
DbKeyStoreSocketFactory,c
DbKeyStoreSocketFactory,c
DbKeyStoreSocketFactory,c
DbKeyStoreSocketFactory,ct
DbKeyStoreSocketFactory,DbKeyStoreSocketException
DbKeyStoreSocketFactory,WrappedFactory
DbKeyStoreSocketException,c
DbKeyStoreSocketException,c
DbKeyStoreSocketException,c
DbKeyStoreSocketException,c
DbKeyStoreSocketException,c
DefaultJavaSSLFactory,c
DefaultJavaSSLFactory,c
DefaultJavaSSLFactory,c
DefaultJavaSSLFactory,c
DefaultJavaSSLFactory,c
DefaultJavaSSLFactory,WrappedFactory
LazyKeyManager,Key
LazyKeyManager,c
LazyKeyManager,c
LazyKeyManager,c
LazyKeyManager,c
LazyKeyManager,c
LazyKeyManager,LibPQFactory
LazyKeyManager,ConsoleCallbackHandler
LazyKeyManager,LibPQFactory
LazyKeyManager,GT
LazyKeyManager,PSQLException
LibPQFactory,c
LibPQFactory,c
LibPQFactory,c
LibPQFactory,c
LibPQFactory,c
LibPQFactory,LazyKeyManager
LibPQFactory,ConsoleCallbackHandler
LibPQFactory,NonValidatingTM
LibPQFactory,PKCS12KeyManager
LibPQFactory,WrappedFactory
LibPQFactory,GT
LibPQFactory,ObjectFactory
LibPQFactory,PSQLException
LibPQFactory,Entry
ConsoleCallbackHandler,c
ConsoleCallbackHandler,c
ConsoleCallbackHandler,c
ConsoleCallbackHandler,c
ConsoleCallbackHandler,c
MakeSSL,PGStream
MakeSSL,SocketFactoryFactory
MakeSSL,c
MakeSSL,c
MakeSSL,c
MakeSSL,c
MakeSSL,c
MakeSSL,LibPQFactory
MakeSSL,PGjdbcHostnameVerifier
MakeSSL,LibPQFactory
MakeSSL,GT
MakeSSL,HostSpec
MakeSSL,ObjectFactory
MakeSSL,PSQLException
NonValidatingFactory,c
NonValidatingFactory,c
NonValidatingFactory,c
NonValidatingFactory,c
NonValidatingFactory,c
NonValidatingFactory,NonValidatingTM
NonValidatingFactory,WrappedFactory
NonValidatingTM,c
NonValidatingTM,c
NonValidatingTM,c
NonValidatingTM,c
NonValidatingTM,c
PGjdbcHostnameVerifier,c
PGjdbcHostnameVerifier,c
PGjdbcHostnameVerifier,c
PGjdbcHostnameVerifier,c
PGjdbcHostnameVerifier,c
PGjdbcHostnameVerifier,GT
PKCS12KeyManager,Key
PKCS12KeyManager,c
PKCS12KeyManager,c
PKCS12KeyManager,c
PKCS12KeyManager,c
PKCS12KeyManager,c
PKCS12KeyManager,LibPQFactory
PKCS12KeyManager,ConsoleCallbackHandler
PKCS12KeyManager,LibPQFactory
PKCS12KeyManager,GT
PKCS12KeyManager,PSQLException
PKCS12KeyManager,Entry
SingleCertValidatingFactory,c
SingleCertValidatingFactory,c
SingleCertValidatingFactory,c
SingleCertValidatingFactory,c
SingleCertValidatingFactory,c
SingleCertValidatingFactory,SingleCertTrustManager
SingleCertValidatingFactory,WrappedFactory
SingleCertValidatingFactory,GT
SingleCertTrustManager,c
SingleCertTrustManager,c
SingleCertTrustManager,c
SingleCertTrustManager,c
SingleCertTrustManager,c
SingleCertTrustManager,GT
SingleCertTrustManager,Entry
WrappedFactory,c
WrappedFactory,c
WrappedFactory,c
WrappedFactory,c
WrappedFactory,c
LibPQFactory,c
LibPQFactory,c
LibPQFactory,c
LibPQFactory,c
LibPQFactory,c
LibPQFactory,PGjdbcHostnameVerifier
LibPQFactory,PSQLException
ISSPIClient,SSPIClient
NTDSAPIWrapper,c
NTDSAPIWrapper,c
NTDSAPIWrapper,c
NTDSAPIWrapper,c
NTDSAPIWrapper,c
NTDSAPIWrapper,NTDSAPI
SSPIClient,PGStream
SSPIClient,c
SSPIClient,c
SSPIClient,c
SSPIClient,c
SSPIClient,c
SSPIClient,ISSPIClient
SSPIClient,NTDSAPIWrapper
SSPIClient,HostSpec
SSPIClient,PSQLException
messages_bg,c
messages_bg,c
messages_bg,c
messages_bg,c
messages_bg,c
messages_bg,ct
messages_cs,c
messages_cs,c
messages_cs,c
messages_cs,c
messages_cs,c
messages_cs,ct
messages_de,c
messages_de,c
messages_de,c
messages_de,c
messages_de,c
messages_de,ct
messages_es,c
messages_es,c
messages_es,c
messages_es,c
messages_es,c
messages_es,ct
messages_fr,c
messages_fr,c
messages_fr,c
messages_fr,c
messages_fr,c
messages_fr,ct
messages_it,c
messages_it,c
messages_it,c
messages_it,c
messages_it,c
messages_it,ct
messages_ja,c
messages_ja,c
messages_ja,c
messages_ja,c
messages_ja,c
messages_ja,ct
messages_nl,c
messages_nl,c
messages_nl,c
messages_nl,c
messages_nl,c
messages_nl,ct
messages_pl,c
messages_pl,c
messages_pl,c
messages_pl,c
messages_pl,c
messages_pl,ct
messages_pt_BR,c
messages_pt_BR,c
messages_pt_BR,c
messages_pt_BR,c
messages_pt_BR,c
messages_pt_BR,ct
messages_ru,c
messages_ru,c
messages_ru,c
messages_ru,c
messages_ru,c
messages_ru,ct
messages_sr,c
messages_sr,c
messages_sr,c
messages_sr,c
messages_sr,c
messages_sr,ct
messages_tr,c
messages_tr,c
messages_tr,c
messages_tr,c
messages_tr,c
messages_tr,ct
messages_zh_CN,c
messages_zh_CN,c
messages_zh_CN,c
messages_zh_CN,c
messages_zh_CN,c
messages_zh_CN,ct
messages_zh_TW,c
messages_zh_TW,c
messages_zh_TW,c
messages_zh_TW,c
messages_zh_TW,c
messages_zh_TW,ct
Base64,c
Base64,c
Base64,c
Base64,c
Base64,c
ByteBufferByteStreamWriter,c
ByteBufferByteStreamWriter,c
ByteBufferByteStreamWriter,c
ByteBufferByteStreamWriter,c
ByteBufferByteStreamWriter,c
ByteBufferByteStreamWriter,ByteStreamWriter
ByteBufferByteStreamWriter,ByteStreamTarget
ByteConverter,c
ByteConverter,c
ByteConverter,c
ByteConverter,c
ByteConverter,c
ByteStreamWriter,ByteStreamTarget
DriverInfo,c
DriverInfo,c
DriverInfo,c
DriverInfo,c
DriverInfo,c
ExpressionProperties,c
ExpressionProperties,c
ExpressionProperties,c
ExpressionProperties,c
ExpressionProperties,c
GT,c
GT,c
GT,c
GT,c
GT,c
GT,ct
HostSpec,c
HostSpec,c
HostSpec,c
HostSpec,c
HostSpec,c
HostSpec,ct
HStoreConverter,Encoding
HStoreConverter,Key
HStoreConverter,c
HStoreConverter,c
HStoreConverter,c
HStoreConverter,c
HStoreConverter,c
HStoreConverter,ct
HStoreConverter,ByteConverter
HStoreConverter,GT
HStoreConverter,PSQLException
JdbcBlackHole,c
JdbcBlackHole,c
JdbcBlackHole,c
JdbcBlackHole,c
JdbcBlackHole,c
LruCache,Key
LruCache,c
LruCache,c
LruCache,c
LruCache,c
LruCache,c
LruCache,CanEstimateSize
EvictAction,c
EvictAction,c
EvictAction,c
EvictAction,c
EvictAction,c
EvictAction,ct
CreateAction,Key
LimitedMap,Key
LimitedMap,c
LimitedMap,c
LimitedMap,c
LimitedMap,c
LimitedMap,c
LimitedMap,ct
LimitedMap,LruCache
LimitedMap,EvictAction
LimitedMap,CreateAction
LimitedMap,Entry
MD5Digest,c
MD5Digest,c
MD5Digest,c
MD5Digest,c
MD5Digest,c
ObjectFactory,c
ObjectFactory,c
ObjectFactory,c
ObjectFactory,c
ObjectFactory,c
ObjectFactory,ct
PGBinaryObject,ct
PGbytea,c
PGbytea,c
PGbytea,c
PGbytea,c
PGbytea,c
PGInterval,c
PGInterval,c
PGInterval,c
PGInterval,c
PGInterval,c
PGInterval,ct
PGInterval,GT
PGInterval,PGobject
PGInterval,PSQLException
PGJDBCMain,Driver
PGJDBCMain,c
PGJDBCMain,c
PGJDBCMain,c
PGJDBCMain,c
PGJDBCMain,c
PGJDBCMain,DriverInfo
PGmoney,c
PGmoney,c
PGmoney,c
PGmoney,c
PGmoney,c
PGmoney,ct
PGmoney,GT
PGmoney,PGobject
PGmoney,PGtokenizer
PGmoney,PSQLException
PGobject,c
PGobject,c
PGobject,c
PGobject,c
PGobject,c
PGobject,ct
PGPropertyMaxResultBufferParser,Parser
PGPropertyMaxResultBufferParser,c
PGPropertyMaxResultBufferParser,c
PGPropertyMaxResultBufferParser,c
PGPropertyMaxResultBufferParser,c
PGPropertyMaxResultBufferParser,c
PGPropertyMaxResultBufferParser,ct
PGPropertyMaxResultBufferParser,GT
PGPropertyMaxResultBufferParser,PSQLException
PGTime,c
PGTime,c
PGTime,c
PGTime,c
PGTime,c
PGTime,ct
PGTimestamp,c
PGTimestamp,c
PGTimestamp,c
PGTimestamp,c
PGTimestamp,c
PGTimestamp,ct
PGtokenizer,c
PGtokenizer,c
PGtokenizer,c
PGtokenizer,c
PGtokenizer,c
PSQLException,c
PSQLException,c
PSQLException,c
PSQLException,c
PSQLException,c
PSQLException,ServerErrorMessage
PSQLWarning,c
PSQLWarning,c
PSQLWarning,c
PSQLWarning,c
PSQLWarning,c
PSQLWarning,ServerErrorMessage
ReaderInputStream,c
ReaderInputStream,c
ReaderInputStream,c
ReaderInputStream,c
ReaderInputStream,c
ReaderInputStream,ct
ServerErrorMessage,EncodingPredictor
ServerErrorMessage,DecodeResult
ServerErrorMessage,Query
ServerErrorMessage,c
ServerErrorMessage,c
ServerErrorMessage,c
ServerErrorMessage,c
ServerErrorMessage,c
ServerErrorMessage,GT
SharedTimer,c
SharedTimer,c
SharedTimer,c
SharedTimer,c
SharedTimer,c
StreamWrapper,c
StreamWrapper,c
StreamWrapper,c
StreamWrapper,c
StreamWrapper,c
StreamWrapper,GT
StreamWrapper,PSQLException
URLCoder,c
URLCoder,c
URLCoder,c
URLCoder,c
URLCoder,c
WriterHandler,c
WriterHandler,c
WriterHandler,c
WriterHandler,c
WriterHandler,c
PGXAConnection,PGConnection
PGXAConnection,BaseConnection
PGXAConnection,PGPooledConnection
PGXAConnection,ConnectionHandler
PGXAConnection,c
PGXAConnection,c
PGXAConnection,c
PGXAConnection,c
PGXAConnection,c
PGXAConnection,ConnectionHandler
ConnectionHandler,Query
ConnectionHandler,c
ConnectionHandler,c
ConnectionHandler,c
ConnectionHandler,c
ConnectionHandler,c
ConnectionHandler,ct
ConnectionHandler,GT
ConnectionHandler,PSQLException
ConnectionHandler,PGXAException
ConnectionHandler,RecoveredXid
PGXADataSource,BaseConnection
PGXADataSource,BaseDataSource
PGXADataSource,c
PGXADataSource,c
PGXADataSource,c
PGXADataSource,c
PGXADataSource,c
PGXADataSource,DriverInfo
PGXADataSource,PGXAConnection
PGXADataSource,PGXADataSourceFactory
PGXADataSourceFactory,BaseDataSource
PGXADataSourceFactory,PGObjectFactory
PGXADataSourceFactory,c
PGXADataSourceFactory,c
PGXADataSourceFactory,c
PGXADataSourceFactory,c
PGXADataSourceFactory,c
PGXADataSourceFactory,ct
PGXADataSourceFactory,ObjectFactory
PGXADataSourceFactory,PGXADataSource
CommandCompleteParserNegativeTest,CommandCompleteParser
CommandCompleteParserNegativeTest,Parser
CommandCompleteParserNegativeTest,c
CommandCompleteParserNegativeTest,c
CommandCompleteParserNegativeTest,c
CommandCompleteParserNegativeTest,c
CommandCompleteParserNegativeTest,c
CommandCompleteParserNegativeTest,PSQLException
CommandCompleteParserTest,CommandCompleteParser
CommandCompleteParserTest,Parser
CommandCompleteParserTest,c
CommandCompleteParserTest,c
CommandCompleteParserTest,c
CommandCompleteParserTest,c
CommandCompleteParserTest,c
CommandCompleteParserTest,PSQLException
CommandCompleteParserTest,ParserTest
OidToStringTest,Oid
OidToStringTest,c
OidToStringTest,c
OidToStringTest,c
OidToStringTest,c
OidToStringTest,c
OidToStringTest,PSQLException
OidValueOfTest,Oid
OidValueOfTest,c
OidValueOfTest,c
OidValueOfTest,c
OidValueOfTest,c
OidValueOfTest,c
OidValueOfTest,PSQLException
ParserTest,NativeQuery
ParserTest,Parser
ParserTest,Query
ParserTest,SqlCommand
ParserTest,Version
ParserTest,c
ParserTest,c
ParserTest,c
ParserTest,c
ParserTest,c
ParserTest,ct
ReturningParserTest,NativeQuery
ReturningParserTest,Parser
ReturningParserTest,Query
ReturningParserTest,c
ReturningParserTest,c
ReturningParserTest,c
ReturningParserTest,c
ReturningParserTest,c
ReturningParserTest,ParserTest
UTF8EncodingTest,ByteOptimizedUTF8Encoder
UTF8EncodingTest,CharOptimizedUTF8Encoder
UTF8EncodingTest,Encoding
UTF8EncodingTest,OptimizedUTF8Encoder
UTF8EncodingTest,c
UTF8EncodingTest,c
UTF8EncodingTest,c
UTF8EncodingTest,c
UTF8EncodingTest,c
UTF8EncodingTest,EncodingTest
V3ParameterListTests,ParameterList
V3ParameterListTests,SimpleParameterList
V3ParameterListTests,TypeTransferModeRegistry
V3ParameterListTests,c
V3ParameterListTests,c
V3ParameterListTests,c
V3ParameterListTests,c
V3ParameterListTests,c
DeepBatchedInsertStatementTest,ParameterList
DeepBatchedInsertStatementTest,Query
DeepBatchedInsertStatementTest,BatchedQuery
DeepBatchedInsertStatementTest,c
DeepBatchedInsertStatementTest,c
DeepBatchedInsertStatementTest,c
DeepBatchedInsertStatementTest,c
DeepBatchedInsertStatementTest,c
DeepBatchedInsertStatementTest,PgPreparedStatement
DeepBatchedInsertStatementTest,TestUtil
DeepBatchedInsertStatementTest,BaseTest4
DeepBatchedInsertStatementTest,BatchExecuteTest
DeepBatchedInsertStatementTest,StatementTest
NoColumnMetadataIssue1613Test,Query
NoColumnMetadataIssue1613Test,c
NoColumnMetadataIssue1613Test,c
NoColumnMetadataIssue1613Test,c
NoColumnMetadataIssue1613Test,c
NoColumnMetadataIssue1613Test,c
NoColumnMetadataIssue1613Test,TestUtil
NoColumnMetadataIssue1613Test,BaseTest4
PgSQLXMLTest,Query
PgSQLXMLTest,c
PgSQLXMLTest,c
PgSQLXMLTest,c
PgSQLXMLTest,c
PgSQLXMLTest,c
PgSQLXMLTest,TestUtil
PgSQLXMLTest,BaseTest4
PrimitiveArraySupportTest,Oid
PrimitiveArraySupportTest,PgArray
PrimitiveArraySupportTest,c
PrimitiveArraySupportTest,c
PrimitiveArraySupportTest,c
PrimitiveArraySupportTest,c
PrimitiveArraySupportTest,c
PrimitiveArraySupportTest,ct
PrimitiveArraySupportTest,PrimitiveArraySupport
CopyBothResponseTest,PGConnection
CopyBothResponseTest,CopyDual
CopyBothResponseTest,CopyManager
CopyBothResponseTest,BaseConnection
CopyBothResponseTest,Query
CopyBothResponseTest,ReplicationProtocol
CopyBothResponseTest,Version
CopyBothResponseTest,c
CopyBothResponseTest,c
CopyBothResponseTest,c
CopyBothResponseTest,c
CopyBothResponseTest,c
CopyBothResponseTest,LogSequenceNumber
CopyBothResponseTest,TestUtil
CopyBothResponseTest,ServerVersionRule
LogicalReplicationStatusTest,PGConnection
LogicalReplicationStatusTest,BaseConnection
LogicalReplicationStatusTest,Query
LogicalReplicationStatusTest,Version
LogicalReplicationStatusTest,c
LogicalReplicationStatusTest,c
LogicalReplicationStatusTest,c
LogicalReplicationStatusTest,c
LogicalReplicationStatusTest,c
LogicalReplicationStatusTest,LogSequenceNumber
LogicalReplicationStatusTest,PGReplicationStream
LogicalReplicationStatusTest,TestUtil
LogicalReplicationStatusTest,ServerVersionRule
LogicalReplicationStatusTest,HaveMinimalServerVersion
LogicalReplicationTest,PGConnection
LogicalReplicationTest,BaseConnection
LogicalReplicationTest,Query
LogicalReplicationTest,Version
LogicalReplicationTest,c
LogicalReplicationTest,c
LogicalReplicationTest,c
LogicalReplicationTest,c
LogicalReplicationTest,c
LogicalReplicationTest,ct
LogicalReplicationTest,LogSequenceNumber
LogicalReplicationTest,PGReplicationStream
LogicalReplicationTest,PSQLException
LogicalReplicationTest,TestUtil
LogicalReplicationTest,ServerVersionRule
LogicalReplicationTest,HaveMinimalServerVersion
LogSequenceNumberTest,c
LogSequenceNumberTest,c
LogSequenceNumberTest,c
LogSequenceNumberTest,c
LogSequenceNumberTest,c
LogSequenceNumberTest,LogSequenceNumber
PhysicalReplicationTest,PGConnection
PhysicalReplicationTest,BaseConnection
PhysicalReplicationTest,Query
PhysicalReplicationTest,Version
PhysicalReplicationTest,c
PhysicalReplicationTest,c
PhysicalReplicationTest,c
PhysicalReplicationTest,c
PhysicalReplicationTest,c
PhysicalReplicationTest,LogSequenceNumber
PhysicalReplicationTest,PGReplicationStream
PhysicalReplicationTest,TestUtil
PhysicalReplicationTest,ServerVersionRule
ReplicationConnectionTest,PGConnection
ReplicationConnectionTest,Query
ReplicationConnectionTest,c
ReplicationConnectionTest,c
ReplicationConnectionTest,c
ReplicationConnectionTest,c
ReplicationConnectionTest,c
ReplicationConnectionTest,TestUtil
ReplicationConnectionTest,ConnectionTest
ReplicationSlotTest,PGConnection
ReplicationSlotTest,BaseConnection
ReplicationSlotTest,Query
ReplicationSlotTest,Version
ReplicationSlotTest,c
ReplicationSlotTest,c
ReplicationSlotTest,c
ReplicationSlotTest,c
ReplicationSlotTest,c
ReplicationSlotTest,ReplicationSlotInfo
ReplicationSlotTest,TestUtil
ReplicationSlotTest,ServerVersionRule
ReplicationTestSuite,Query
ReplicationTestSuite,Version
ReplicationTestSuite,c
ReplicationTestSuite,c
ReplicationTestSuite,c
ReplicationTestSuite,c
ReplicationTestSuite,c
ReplicationTestSuite,TestUtil
TestUtil,Driver
TestUtil,BaseConnection
TestUtil,Query
TestUtil,QueryExecutor
TestUtil,Version
TestUtil,Key
TestUtil,PgConnection
TestUtil,c
TestUtil,c
TestUtil,c
TestUtil,c
TestUtil,c
FixedLengthOutputStreamTest,FixedLengthOutputStream
FixedLengthOutputStreamTest,c
FixedLengthOutputStreamTest,c
FixedLengthOutputStreamTest,c
FixedLengthOutputStreamTest,c
FixedLengthOutputStreamTest,c
JavaVersionTest,Version
JavaVersionTest,c
JavaVersionTest,c
JavaVersionTest,c
JavaVersionTest,c
JavaVersionTest,c
LogServerMessagePropertyTest,Version
LogServerMessagePropertyTest,Key
LogServerMessagePropertyTest,c
LogServerMessagePropertyTest,c
LogServerMessagePropertyTest,c
LogServerMessagePropertyTest,c
LogServerMessagePropertyTest,c
LogServerMessagePropertyTest,PrimaryKey
LogServerMessagePropertyTest,TestUtil
NativeQueryBindLengthTest,NativeQuery
NativeQueryBindLengthTest,Query
NativeQueryBindLengthTest,c
NativeQueryBindLengthTest,c
NativeQueryBindLengthTest,c
NativeQueryBindLengthTest,c
NativeQueryBindLengthTest,c
NativeQueryBindLengthTest,BaseTest4
OptionsPropertyTest,c
OptionsPropertyTest,c
OptionsPropertyTest,c
OptionsPropertyTest,c
OptionsPropertyTest,c
OptionsPropertyTest,TestUtil
HStoreTest,Query
HStoreTest,Version
HStoreTest,c
HStoreTest,c
HStoreTest,c
HStoreTest,c
HStoreTest,c
HStoreTest,ct
HStoreTest,BaseTest4
MultiHostsConnectionTest,Driver
MultiHostsConnectionTest,Field
MultiHostsConnectionTest,Query
MultiHostsConnectionTest,GlobalHostStatusTracker
MultiHostsConnectionTest,Key
MultiHostsConnectionTest,c
MultiHostsConnectionTest,c
MultiHostsConnectionTest,c
MultiHostsConnectionTest,c
MultiHostsConnectionTest,c
MultiHostsConnectionTest,ct
MultiHostsConnectionTest,HostSpec
MultiHostsConnectionTest,PSQLException
MultiHostsConnectionTest,TestUtil
MultiHostsConnectionTest,ConnectionTest
ANTTest,c
ANTTest,c
ANTTest,c
ANTTest,c
ANTTest,c
ArrayTest,PGConnection
ArrayTest,BaseConnection
ArrayTest,Query
ArrayTest,PgArray
ArrayTest,c
ArrayTest,c
ArrayTest,c
ArrayTest,c
ArrayTest,c
ArrayTest,ct
ArrayTest,PSQLException
ArrayTest,TestUtil
ArrayTest,BaseTest4
AutoRollbackTestSuite,PGConnection
AutoRollbackTestSuite,BaseConnection
AutoRollbackTestSuite,Query
AutoRollbackTestSuite,Version
AutoRollbackTestSuite,PgConnection
AutoRollbackTestSuite,c
AutoRollbackTestSuite,c
AutoRollbackTestSuite,c
AutoRollbackTestSuite,c
AutoRollbackTestSuite,c
AutoRollbackTestSuite,TestUtil
AutoRollbackTestSuite,BaseTest4
BaseTest4,PGConnection
BaseTest4,Version
BaseTest4,c
BaseTest4,c
BaseTest4,c
BaseTest4,c
BaseTest4,c
BaseTest4,TestUtil
BatchedInsertReWriteEnabledTest,c
BatchedInsertReWriteEnabledTest,c
BatchedInsertReWriteEnabledTest,c
BatchedInsertReWriteEnabledTest,c
BatchedInsertReWriteEnabledTest,c
BatchedInsertReWriteEnabledTest,TestUtil
BatchedInsertReWriteEnabledTest,BaseTest4
BatchedInsertReWriteEnabledTest,BatchExecuteTest
BatchExecuteTest,Query
BatchExecuteTest,c
BatchExecuteTest,c
BatchExecuteTest,c
BatchExecuteTest,c
BatchExecuteTest,c
BatchExecuteTest,TestUtil
BatchExecuteTest,BaseTest4
BatchFailureTest,Query
BatchFailureTest,c
BatchFailureTest,c
BatchFailureTest,c
BatchFailureTest,c
BatchFailureTest,c
BatchFailureTest,ct
BatchFailureTest,TestUtil
BatchFailureTest,BaseTest4
BlobTest,PGConnection
BlobTest,Query
BlobTest,Version
BlobTest,c
BlobTest,c
BlobTest,c
BlobTest,c
BlobTest,c
BlobTest,ct
BlobTest,LargeObject
BlobTest,LargeObjectManager
BlobTest,TestUtil
BlobTransactionTest,Query
BlobTransactionTest,c
BlobTransactionTest,c
BlobTransactionTest,c
BlobTransactionTest,c
BlobTransactionTest,c
BlobTransactionTest,ct
BlobTransactionTest,TestUtil
CallableStmtTest,Query
CallableStmtTest,c
CallableStmtTest,c
CallableStmtTest,c
CallableStmtTest,c
CallableStmtTest,c
CallableStmtTest,ct
CallableStmtTest,TestUtil
CallableStmtTest,BaseTest4
ClientEncodingTest,Encoding
ClientEncodingTest,Query
ClientEncodingTest,c
ClientEncodingTest,c
ClientEncodingTest,c
ClientEncodingTest,c
ClientEncodingTest,c
ClientEncodingTest,TestUtil
ClientEncodingTest,BaseTest4
ClientEncodingTest,EncodingTest
ColumnSanitiserDisabledTest,BaseConnection
ColumnSanitiserDisabledTest,c
ColumnSanitiserDisabledTest,c
ColumnSanitiserDisabledTest,c
ColumnSanitiserDisabledTest,c
ColumnSanitiserDisabledTest,c
ColumnSanitiserDisabledTest,TestUtil
ColumnSanitiserEnabledTest,BaseConnection
ColumnSanitiserEnabledTest,c
ColumnSanitiserEnabledTest,c
ColumnSanitiserEnabledTest,c
ColumnSanitiserEnabledTest,c
ColumnSanitiserEnabledTest,c
ColumnSanitiserEnabledTest,TestUtil
ConcurrentStatementFetch,Query
ConcurrentStatementFetch,Version
ConcurrentStatementFetch,c
ConcurrentStatementFetch,c
ConcurrentStatementFetch,c
ConcurrentStatementFetch,c
ConcurrentStatementFetch,c
ConcurrentStatementFetch,TestUtil
ConcurrentStatementFetch,BaseTest4
ConnectionTest,PGConnection
ConnectionTest,Query
ConnectionTest,PgConnection
ConnectionTest,c
ConnectionTest,c
ConnectionTest,c
ConnectionTest,c
ConnectionTest,c
ConnectionTest,TestUtil
ConnectTimeoutTest,Driver
ConnectTimeoutTest,c
ConnectTimeoutTest,c
ConnectTimeoutTest,c
ConnectTimeoutTest,c
ConnectTimeoutTest,c
ConnectTimeoutTest,TestUtil
CopyLargeFileTest,PGConnection
CopyLargeFileTest,CopyManager
CopyLargeFileTest,c
CopyLargeFileTest,c
CopyLargeFileTest,c
CopyLargeFileTest,c
CopyLargeFileTest,c
CopyLargeFileTest,TestUtil
CopyLargeFileTest,BufferGenerator
CopyLargeFileTest,StrangeInputStream
CopyTest,PGConnection
CopyTest,CopyIn
CopyTest,CopyManager
CopyTest,CopyOut
CopyTest,PGCopyOutputStream
CopyTest,Query
CopyTest,Version
CopyTest,c
CopyTest,c
CopyTest,c
CopyTest,c
CopyTest,c
CopyTest,ByteBufferByteStreamWriter
CopyTest,ByteStreamWriter
CopyTest,TestUtil
CopyTest,Rollback
Rollback,c
Rollback,c
Rollback,c
Rollback,c
Rollback,c
CursorFetchTest,Query
CursorFetchTest,c
CursorFetchTest,c
CursorFetchTest,c
CursorFetchTest,c
CursorFetchTest,c
CursorFetchTest,TestUtil
CursorFetchTest,BaseTest4
DatabaseEncodingTest,Encoding
DatabaseEncodingTest,Query
DatabaseEncodingTest,c
DatabaseEncodingTest,c
DatabaseEncodingTest,c
DatabaseEncodingTest,c
DatabaseEncodingTest,c
DatabaseEncodingTest,TestUtil
DatabaseEncodingTest,EncodingTest
DatabaseMetaDataCacheTest,Query
DatabaseMetaDataCacheTest,TypeInfo
DatabaseMetaDataCacheTest,PgConnection
DatabaseMetaDataCacheTest,c
DatabaseMetaDataCacheTest,c
DatabaseMetaDataCacheTest,c
DatabaseMetaDataCacheTest,c
DatabaseMetaDataCacheTest,c
DatabaseMetaDataCacheTest,TestUtil
DatabaseMetaDataCacheTest,TestLogHandler
DatabaseMetaDataPropertiesTest,Driver
DatabaseMetaDataPropertiesTest,Version
DatabaseMetaDataPropertiesTest,c
DatabaseMetaDataPropertiesTest,c
DatabaseMetaDataPropertiesTest,c
DatabaseMetaDataPropertiesTest,c
DatabaseMetaDataPropertiesTest,c
DatabaseMetaDataPropertiesTest,DriverInfo
DatabaseMetaDataPropertiesTest,TestUtil
DatabaseMetaDataTest,Query
DatabaseMetaDataTest,TypeInfo
DatabaseMetaDataTest,Version
DatabaseMetaDataTest,c
DatabaseMetaDataTest,c
DatabaseMetaDataTest,c
DatabaseMetaDataTest,c
DatabaseMetaDataTest,c
DatabaseMetaDataTest,ct
DatabaseMetaDataTest,TestUtil
DateStyleTest,c
DateStyleTest,c
DateStyleTest,c
DateStyleTest,c
DateStyleTest,c
DateStyleTest,ct
DateStyleTest,TestUtil
DateStyleTest,BaseTest4
DateTest,Query
DateTest,c
DateTest,c
DateTest,c
DateTest,c
DateTest,c
DateTest,ct
DateTest,TestUtil
DriverTest,Driver
DriverTest,c
DriverTest,c
DriverTest,c
DriverTest,c
DriverTest,c
DriverTest,ct
DriverTest,URLCoder
DriverTest,WriterHandler
DriverTest,TestUtil
DriverTest,NullOutputStream
EncodingTest,Encoding
EncodingTest,c
EncodingTest,c
EncodingTest,c
EncodingTest,c
EncodingTest,c
GeometricTest,Query
GeometricTest,Version
GeometricTest,PGbox
GeometricTest,PGcircle
GeometricTest,PGline
GeometricTest,PGlseg
GeometricTest,PGpath
GeometricTest,PGpoint
GeometricTest,PGpolygon
GeometricTest,c
GeometricTest,c
GeometricTest,c
GeometricTest,c
GeometricTest,c
GeometricTest,ct
GeometricTest,PGobject
GeometricTest,PSQLException
GeometricTest,TestUtil
GeometricTest,BaseTest4
GetXXXTest,Query
GetXXXTest,c
GetXXXTest,c
GetXXXTest,c
GetXXXTest,c
GetXXXTest,c
GetXXXTest,ct
GetXXXTest,PGInterval
GetXXXTest,TestUtil
IntervalTest,Query
IntervalTest,c
IntervalTest,c
IntervalTest,c
IntervalTest,c
IntervalTest,c
IntervalTest,ct
IntervalTest,PGInterval
IntervalTest,TestUtil
JBuilderTest,Query
JBuilderTest,c
JBuilderTest,c
JBuilderTest,c
JBuilderTest,c
JBuilderTest,c
JBuilderTest,TestUtil
LoginTimeoutTest,Driver
LoginTimeoutTest,c
LoginTimeoutTest,c
LoginTimeoutTest,c
LoginTimeoutTest,c
LoginTimeoutTest,c
LoginTimeoutTest,TestUtil
TimeoutHelper,c
TimeoutHelper,c
TimeoutHelper,c
TimeoutHelper,c
TimeoutHelper,c
MiscTest,Query
MiscTest,c
MiscTest,c
MiscTest,c
MiscTest,c
MiscTest,c
MiscTest,ct
MiscTest,TestUtil
NotifyTest,PGConnection
NotifyTest,Version
NotifyTest,c
NotifyTest,c
NotifyTest,c
NotifyTest,c
NotifyTest,c
NotifyTest,TestUtil
OuterJoinSyntaxTest,Query
OuterJoinSyntaxTest,c
OuterJoinSyntaxTest,c
OuterJoinSyntaxTest,c
OuterJoinSyntaxTest,c
OuterJoinSyntaxTest,c
OuterJoinSyntaxTest,TestUtil
OuterJoinSyntaxTest,BaseTest4
ParameterStatusTest,PGConnection
ParameterStatusTest,Version
ParameterStatusTest,c
ParameterStatusTest,c
ParameterStatusTest,c
ParameterStatusTest,c
ParameterStatusTest,c
ParameterStatusTest,TestUtil
ParameterStatusTest,BaseTest4
ParameterStatusTest,Rollback
PGPropertyTest,Driver
PGPropertyTest,PGSimpleDataSource
PGPropertyTest,BaseDataSource
PGPropertyTest,Key
PGPropertyTest,c
PGPropertyTest,c
PGPropertyTest,c
PGPropertyTest,c
PGPropertyTest,c
PGPropertyTest,ct
PGPropertyTest,SimpleDataSource
PGPropertyTest,URLCoder
PGPropertyTest,TestUtil
PGTimestampTest,Query
PGTimestampTest,c
PGTimestampTest,c
PGTimestampTest,c
PGTimestampTest,c
PGTimestampTest,c
PGTimestampTest,ct
PGTimestampTest,PGInterval
PGTimestampTest,PGTimestamp
PGTimestampTest,TestUtil
PGTimestampTest,TimestampTest
PGTimeTest,Query
PGTimeTest,c
PGTimeTest,c
PGTimeTest,c
PGTimeTest,c
PGTimeTest,c
PGTimeTest,ct
PGTimeTest,PGInterval
PGTimeTest,PGTime
PGTimeTest,TestUtil
PGTimeTest,BaseTest4
PGTimeTest,TimeTest
PreparedStatementTest,Query
PreparedStatementTest,Version
PreparedStatementTest,c
PreparedStatementTest,c
PreparedStatementTest,c
PreparedStatementTest,c
PreparedStatementTest,c
PreparedStatementTest,ct
PreparedStatementTest,PGobject
PreparedStatementTest,TestUtil
PreparedStatementTest,BaseTest4
PreparedStatementTest,StatementTest
PreparedStatementTest,BrokenInputStream
QuotationTest,Query
QuotationTest,c
QuotationTest,c
QuotationTest,c
QuotationTest,c
QuotationTest,c
QuotationTest,SlowTests
QuotationTest,TestUtil
QuotationTest,BaseTest4
RefCursorTest,c
RefCursorTest,c
RefCursorTest,c
RefCursorTest,c
RefCursorTest,c
RefCursorTest,ct
RefCursorTest,TestUtil
RefCursorTest,BaseTest4
ReplaceProcessingTest,c
ReplaceProcessingTest,c
ReplaceProcessingTest,c
ReplaceProcessingTest,c
ReplaceProcessingTest,c
ReplaceProcessingTest,BaseTest4
ResultSetMetaDataTest,PGResultSetMetaData
ResultSetMetaDataTest,Query
ResultSetMetaDataTest,Version
ResultSetMetaDataTest,c
ResultSetMetaDataTest,c
ResultSetMetaDataTest,c
ResultSetMetaDataTest,c
ResultSetMetaDataTest,c
ResultSetMetaDataTest,ct
ResultSetMetaDataTest,TestUtil
ResultSetMetaDataTest,BaseTest4
ResultSetTest,PGStatement
ResultSetTest,Field
ResultSetTest,Query
ResultSetTest,Version
ResultSetTest,c
ResultSetTest,c
ResultSetTest,c
ResultSetTest,c
ResultSetTest,c
ResultSetTest,ct
ResultSetTest,PGobject
ResultSetTest,TestUtil
ResultSetTest,BaseTest4
SearchPathLookupTest,BaseConnection
SearchPathLookupTest,Query
SearchPathLookupTest,TypeInfo
SearchPathLookupTest,c
SearchPathLookupTest,c
SearchPathLookupTest,c
SearchPathLookupTest,c
SearchPathLookupTest,c
SearchPathLookupTest,TestUtil
ServerCursorTest,Query
ServerCursorTest,c
ServerCursorTest,c
ServerCursorTest,c
ServerCursorTest,c
ServerCursorTest,c
ServerCursorTest,TestUtil
ServerCursorTest,BaseTest4
ServerErrorTest,Version
ServerErrorTest,Key
ServerErrorTest,c
ServerErrorTest,c
ServerErrorTest,c
ServerErrorTest,c
ServerErrorTest,c
ServerErrorTest,PrimaryKey
ServerErrorTest,PSQLException
ServerErrorTest,ServerErrorMessage
ServerErrorTest,TestUtil
ServerErrorTest,BaseTest4
ServerPreparedStmtTest,PGStatement
ServerPreparedStmtTest,Query
ServerPreparedStmtTest,c
ServerPreparedStmtTest,c
ServerPreparedStmtTest,c
ServerPreparedStmtTest,c
ServerPreparedStmtTest,c
ServerPreparedStmtTest,ct
ServerPreparedStmtTest,TestUtil
ServerPreparedStmtTest,BaseTest4
StatementTest,Driver
StatementTest,Query
StatementTest,Version
StatementTest,c
StatementTest,c
StatementTest,c
StatementTest,c
StatementTest,c
StatementTest,ct
StatementTest,PgStatement
StatementTest,SharedTimer
StatementTest,TestUtil
StringTypeUnspecifiedArrayTest,c
StringTypeUnspecifiedArrayTest,c
StringTypeUnspecifiedArrayTest,c
StringTypeUnspecifiedArrayTest,c
StringTypeUnspecifiedArrayTest,c
StringTypeUnspecifiedArrayTest,ArrayTest
StringTypeUnspecifiedArrayTest,BaseTest4
StringTypeUnspecifiedArrayTest,ArrayTest
TestACL,PgConnection
TestACL,PgDatabaseMetaData
TestACL,c
TestACL,c
TestACL,c
TestACL,c
TestACL,c
TimestampTest,PGStatement
TimestampTest,BaseConnection
TimestampTest,Query
TimestampTest,Utils
TimestampTest,Version
TimestampTest,c
TimestampTest,c
TimestampTest,c
TimestampTest,c
TimestampTest,c
TimestampTest,ct
TimestampTest,TimestampUtils
TimestampTest,TestUtil
TimestampTest,BaseTest4
TimeTest,Query
TimeTest,c
TimeTest,c
TimeTest,c
TimeTest,c
TimeTest,c
TimeTest,ct
TimeTest,TestUtil
TimezoneCachingTest,BaseConnection
TimezoneCachingTest,Field
TimezoneCachingTest,Query
TimezoneCachingTest,Utils
TimezoneCachingTest,c
TimezoneCachingTest,c
TimezoneCachingTest,c
TimezoneCachingTest,c
TimezoneCachingTest,c
TimezoneCachingTest,ct
TimezoneCachingTest,TimestampUtils
TimezoneCachingTest,TestUtil
TimezoneCachingTest,BaseTest4
TimezoneTest,Query
TimezoneTest,c
TimezoneTest,c
TimezoneTest,c
TimezoneTest,c
TimezoneTest,c
TimezoneTest,ct
TimezoneTest,TestUtil
TypeCacheDLLStressTest,TypeInfo
TypeCacheDLLStressTest,c
TypeCacheDLLStressTest,c
TypeCacheDLLStressTest,c
TypeCacheDLLStressTest,c
TypeCacheDLLStressTest,c
TypeCacheDLLStressTest,TestUtil
TypeCacheDLLStressTest,BaseTest4
UpdateableResultTest,PGConnection
UpdateableResultTest,Query
UpdateableResultTest,c
UpdateableResultTest,c
UpdateableResultTest,c
UpdateableResultTest,c
UpdateableResultTest,c
UpdateableResultTest,ct
UpdateableResultTest,TestUtil
UpdateableResultTest,BaseTest4
UpsertTest,Query
UpsertTest,Version
UpsertTest,c
UpsertTest,c
UpsertTest,c
UpsertTest,c
UpsertTest,c
UpsertTest,ct
UpsertTest,TestUtil
UpsertTest,BaseTest4
UpsertTest,BatchExecuteTest
BaseDataSourceFailoverUrlsTest,BaseDataSource
BaseDataSourceFailoverUrlsTest,c
BaseDataSourceFailoverUrlsTest,c
BaseDataSourceFailoverUrlsTest,c
BaseDataSourceFailoverUrlsTest,c
BaseDataSourceFailoverUrlsTest,c
BaseDataSourceTest,PGConnection
BaseDataSourceTest,Query
BaseDataSourceTest,Version
BaseDataSourceTest,BaseDataSource
BaseDataSourceTest,c
BaseDataSourceTest,c
BaseDataSourceTest,c
BaseDataSourceTest,c
BaseDataSourceTest,c
BaseDataSourceTest,ct
BaseDataSourceTest,TestUtil
BaseDataSourceTest,MiniJndiContextFactory
CaseOptimiserDataSourceTest,BaseConnection
CaseOptimiserDataSourceTest,Version
CaseOptimiserDataSourceTest,BaseDataSource
CaseOptimiserDataSourceTest,c
CaseOptimiserDataSourceTest,c
CaseOptimiserDataSourceTest,c
CaseOptimiserDataSourceTest,c
CaseOptimiserDataSourceTest,c
CaseOptimiserDataSourceTest,SimpleDataSource
CaseOptimiserDataSourceTest,TestUtil
ConnectionPoolTest,PGStatement
ConnectionPoolTest,Query
ConnectionPoolTest,Version
ConnectionPoolTest,PGConnectionPoolDataSource
ConnectionPoolTest,c
ConnectionPoolTest,c
ConnectionPoolTest,c
ConnectionPoolTest,c
ConnectionPoolTest,c
ConnectionPoolTest,ConnectionPool
ConnectionPoolTest,TestUtil
ConnectionPoolTest,BaseDataSourceTest
ConnectionPoolTest,RemoveClose
ConnectionPoolTest,CountClose
RemoveClose,c
RemoveClose,c
RemoveClose,c
RemoveClose,c
RemoveClose,c
CountClose,c
CountClose,c
CountClose,c
CountClose,c
CountClose,c
CountClose,ct
CountClose,ConnectionPool
PoolingDataSourceTest,Query
PoolingDataSourceTest,BaseDataSource
PoolingDataSourceTest,c
PoolingDataSourceTest,c
PoolingDataSourceTest,c
PoolingDataSourceTest,c
PoolingDataSourceTest,c
PoolingDataSourceTest,PoolingDataSource
PoolingDataSourceTest,BaseDataSourceTest
SimpleDataSourceTest,PGSimpleDataSource
SimpleDataSourceTest,c
SimpleDataSourceTest,c
SimpleDataSourceTest,c
SimpleDataSourceTest,c
SimpleDataSourceTest,c
SimpleDataSourceTest,SimpleDataSource
SimpleDataSourceTest,BaseDataSourceTest
SimpleDataSourceWithSetURLTest,Version
SimpleDataSourceWithSetURLTest,c
SimpleDataSourceWithSetURLTest,c
SimpleDataSourceWithSetURLTest,c
SimpleDataSourceWithSetURLTest,c
SimpleDataSourceWithSetURLTest,c
SimpleDataSourceWithSetURLTest,SimpleDataSource
SimpleDataSourceWithSetURLTest,TestUtil
SimpleDataSourceWithSetURLTest,BaseDataSourceTest
SimpleDataSourceWithUrlTest,Version
SimpleDataSourceWithUrlTest,SimpleDataSource
SimpleDataSourceWithUrlTest,TestUtil
SimpleDataSourceWithUrlTest,BaseDataSourceTest
CompositeQueryParseTest,NativeQuery
CompositeQueryParseTest,Parser
CompositeQueryParseTest,Query
CompositeQueryParseTest,SimpleQuery
CompositeQueryParseTest,c
CompositeQueryParseTest,c
CompositeQueryParseTest,c
CompositeQueryParseTest,c
CompositeQueryParseTest,c
CompositeQueryParseTest,ct
CompositeTest,PGConnection
CompositeTest,Query
CompositeTest,Version
CompositeTest,c
CompositeTest,c
CompositeTest,c
CompositeTest,c
CompositeTest,c
CompositeTest,ct
CompositeTest,PGobject
CompositeTest,TestUtil
DatabaseMetaDataTest,c
DatabaseMetaDataTest,c
DatabaseMetaDataTest,c
DatabaseMetaDataTest,c
DatabaseMetaDataTest,c
DatabaseMetaDataTest,TestUtil
EscapeSyntaxCallModeBaseTest,Version
EscapeSyntaxCallModeBaseTest,c
EscapeSyntaxCallModeBaseTest,c
EscapeSyntaxCallModeBaseTest,c
EscapeSyntaxCallModeBaseTest,c
EscapeSyntaxCallModeBaseTest,c
EscapeSyntaxCallModeBaseTest,TestUtil
EscapeSyntaxCallModeBaseTest,BaseTest4
EscapeSyntaxCallModeCallIfNoReturnTest,Version
EscapeSyntaxCallModeCallIfNoReturnTest,c
EscapeSyntaxCallModeCallIfNoReturnTest,c
EscapeSyntaxCallModeCallIfNoReturnTest,c
EscapeSyntaxCallModeCallIfNoReturnTest,c
EscapeSyntaxCallModeCallIfNoReturnTest,c
EscapeSyntaxCallModeCallIfNoReturnTest,EscapeSyntaxCallModeBaseTest
EscapeSyntaxCallModeCallTest,Version
EscapeSyntaxCallModeCallTest,c
EscapeSyntaxCallModeCallTest,c
EscapeSyntaxCallModeCallTest,c
EscapeSyntaxCallModeCallTest,c
EscapeSyntaxCallModeCallTest,c
EscapeSyntaxCallModeCallTest,EscapeSyntaxCallModeBaseTest
EscapeSyntaxCallModeSelectTest,Version
EscapeSyntaxCallModeSelectTest,c
EscapeSyntaxCallModeSelectTest,c
EscapeSyntaxCallModeSelectTest,c
EscapeSyntaxCallModeSelectTest,c
EscapeSyntaxCallModeSelectTest,c
EscapeSyntaxCallModeSelectTest,EscapeSyntaxCallModeBaseTest
GeneratedKeysTest,PGStatement
GeneratedKeysTest,Query
GeneratedKeysTest,Version
GeneratedKeysTest,c
GeneratedKeysTest,c
GeneratedKeysTest,c
GeneratedKeysTest,c
GeneratedKeysTest,c
GeneratedKeysTest,ct
GeneratedKeysTest,TestUtil
GeneratedKeysTest,BaseTest4
Jdbc3BlobTest,Query
Jdbc3BlobTest,Version
Jdbc3BlobTest,c
Jdbc3BlobTest,c
Jdbc3BlobTest,c
Jdbc3BlobTest,c
Jdbc3BlobTest,c
Jdbc3BlobTest,TestUtil
Jdbc3BlobTest,BlobTest
Jdbc3BlobTest,BlobTest
Jdbc3CallableStatementTest,Query
Jdbc3CallableStatementTest,Version
Jdbc3CallableStatementTest,c
Jdbc3CallableStatementTest,c
Jdbc3CallableStatementTest,c
Jdbc3CallableStatementTest,c
Jdbc3CallableStatementTest,c
Jdbc3CallableStatementTest,ct
Jdbc3CallableStatementTest,TestUtil
Jdbc3CallableStatementTest,BaseTest4
Jdbc3CallableStatementTest,StatementTest
Jdbc3SavepointTest,Query
Jdbc3SavepointTest,c
Jdbc3SavepointTest,c
Jdbc3SavepointTest,c
Jdbc3SavepointTest,c
Jdbc3SavepointTest,c
Jdbc3SavepointTest,TestUtil
ParameterMetaDataTest,Query
ParameterMetaDataTest,c
ParameterMetaDataTest,c
ParameterMetaDataTest,c
ParameterMetaDataTest,c
ParameterMetaDataTest,c
ParameterMetaDataTest,TestUtil
ParameterMetaDataTest,BaseTest4
ProcedureTransactionTest,Query
ProcedureTransactionTest,Version
ProcedureTransactionTest,c
ProcedureTransactionTest,c
ProcedureTransactionTest,c
ProcedureTransactionTest,c
ProcedureTransactionTest,c
ProcedureTransactionTest,TestUtil
ProcedureTransactionTest,BaseTest4
ResultSetTest,Query
ResultSetTest,c
ResultSetTest,c
ResultSetTest,c
ResultSetTest,c
ResultSetTest,c
ResultSetTest,TestUtil
SendRecvBufferSizeTest,c
SendRecvBufferSizeTest,c
SendRecvBufferSizeTest,c
SendRecvBufferSizeTest,c
SendRecvBufferSizeTest,c
SendRecvBufferSizeTest,ct
SendRecvBufferSizeTest,TestUtil
SqlCommandParseTest,NativeQuery
SqlCommandParseTest,Parser
SqlCommandParseTest,Query
SqlCommandParseTest,c
SqlCommandParseTest,c
SqlCommandParseTest,c
SqlCommandParseTest,c
SqlCommandParseTest,c
StringTypeParameterTest,Query
StringTypeParameterTest,Version
StringTypeParameterTest,c
StringTypeParameterTest,c
StringTypeParameterTest,c
StringTypeParameterTest,c
StringTypeParameterTest,c
StringTypeParameterTest,ct
StringTypeParameterTest,TestUtil
StringTypeParameterTest,BaseTest4
TypesTest,Query
TypesTest,c
TypesTest,c
TypesTest,c
TypesTest,c
TypesTest,c
TypesTest,ct
TypesTest,BaseTest4
ArrayTest,Query
ArrayTest,Version
ArrayTest,PGbox
ArrayTest,PgConnection
ArrayTest,c
ArrayTest,c
ArrayTest,c
ArrayTest,c
ArrayTest,c
ArrayTest,ct
ArrayTest,PGobject
ArrayTest,PGtokenizer
ArrayTest,PSQLException
ArrayTest,TestUtil
ArrayTest,BaseTest4
BinaryStreamTest,Query
BinaryStreamTest,c
BinaryStreamTest,c
BinaryStreamTest,c
BinaryStreamTest,c
BinaryStreamTest,c
BinaryStreamTest,SlowTests
BinaryStreamTest,TestUtil
BinaryStreamTest,BaseTest4
BinaryTest,PGResultSetMetaData
BinaryTest,PGStatement
BinaryTest,Field
BinaryTest,Query
BinaryTest,c
BinaryTest,c
BinaryTest,c
BinaryTest,c
BinaryTest,c
BinaryTest,BaseTest4
BlobTest,Query
BlobTest,c
BlobTest,c
BlobTest,c
BlobTest,c
BlobTest,c
BlobTest,TestUtil
CharacterStreamTest,Query
CharacterStreamTest,c
CharacterStreamTest,c
CharacterStreamTest,c
CharacterStreamTest,c
CharacterStreamTest,c
CharacterStreamTest,ct
CharacterStreamTest,SlowTests
CharacterStreamTest,TestUtil
CharacterStreamTest,BaseTest4
ClientInfoTest,Query
ClientInfoTest,Version
ClientInfoTest,c
ClientInfoTest,c
ClientInfoTest,c
ClientInfoTest,c
ClientInfoTest,c
ClientInfoTest,TestUtil
ClientInfoTest,BaseTest4
DatabaseMetaDataHideUnprivilegedObjectsTest,Query
DatabaseMetaDataHideUnprivilegedObjectsTest,Version
DatabaseMetaDataHideUnprivilegedObjectsTest,PgConnection
DatabaseMetaDataHideUnprivilegedObjectsTest,c
DatabaseMetaDataHideUnprivilegedObjectsTest,c
DatabaseMetaDataHideUnprivilegedObjectsTest,c
DatabaseMetaDataHideUnprivilegedObjectsTest,c
DatabaseMetaDataHideUnprivilegedObjectsTest,c
DatabaseMetaDataHideUnprivilegedObjectsTest,TestUtil
DatabaseMetaDataTest,TypeInfo
DatabaseMetaDataTest,Version
DatabaseMetaDataTest,c
DatabaseMetaDataTest,c
DatabaseMetaDataTest,c
DatabaseMetaDataTest,c
DatabaseMetaDataTest,c
DatabaseMetaDataTest,SlowTests
DatabaseMetaDataTest,TestUtil
IsValidTest,Query
IsValidTest,Version
IsValidTest,c
IsValidTest,c
IsValidTest,c
IsValidTest,c
IsValidTest,c
IsValidTest,TestUtil
IsValidTest,BaseTest4
JsonbTest,Query
JsonbTest,Version
JsonbTest,c
JsonbTest,c
JsonbTest,c
JsonbTest,c
JsonbTest,c
JsonbTest,TestUtil
JsonbTest,BaseTest4
LogTest,Query
LogTest,c
LogTest,c
LogTest,c
LogTest,c
LogTest,c
LogTest,TestUtil
LogTest,BaseTest4
PGCopyInputStreamTest,PGConnection
PGCopyInputStreamTest,PGCopyInputStream
PGCopyInputStreamTest,Version
PGCopyInputStreamTest,c
PGCopyInputStreamTest,c
PGCopyInputStreamTest,c
PGCopyInputStreamTest,c
PGCopyInputStreamTest,c
PGCopyInputStreamTest,TestUtil
UUIDTest,Query
UUIDTest,Version
UUIDTest,c
UUIDTest,c
UUIDTest,c
UUIDTest,c
UUIDTest,c
UUIDTest,ct
UUIDTest,TestUtil
UUIDTest,BaseTest4
WrapperTest,c
WrapperTest,c
WrapperTest,c
WrapperTest,c
WrapperTest,c
WrapperTest,TestUtil
PrivateInterface,PGConnection
PrivateInterface,PGStatement
PrivateInterface,PGSimpleDataSource
PrivateInterface,c
PrivateInterface,c
PrivateInterface,c
PrivateInterface,c
PrivateInterface,c
PrivateInterface,ct
PrivateInterface,SimpleDataSource
PrivateInterface,TestUtil
XmlTest,Query
XmlTest,Version
XmlTest,c
XmlTest,c
XmlTest,c
XmlTest,c
XmlTest,c
XmlTest,ct
XmlTest,BaseTest4
XmlTest,Ignorer
Ignorer,c
Ignorer,c
Ignorer,c
Ignorer,c
Ignorer,c
AbortTest,c
AbortTest,c
AbortTest,c
AbortTest,c
AbortTest,c
AbortTest,BaseTest4
CloseOnCompletionTest,Query
CloseOnCompletionTest,c
CloseOnCompletionTest,c
CloseOnCompletionTest,c
CloseOnCompletionTest,c
CloseOnCompletionTest,c
CloseOnCompletionTest,TestUtil
GetObjectTest,BaseConnection
GetObjectTest,Query
GetObjectTest,Version
GetObjectTest,PGbox
GetObjectTest,PGcircle
GetObjectTest,PGline
GetObjectTest,PGlseg
GetObjectTest,PGpath
GetObjectTest,PGpoint
GetObjectTest,PGpolygon
GetObjectTest,c
GetObjectTest,c
GetObjectTest,c
GetObjectTest,c
GetObjectTest,c
GetObjectTest,ct
GetObjectTest,PGInterval
GetObjectTest,PGmoney
GetObjectTest,PGobject
GetObjectTest,TestUtil
NetworkTimeoutTest,c
NetworkTimeoutTest,c
NetworkTimeoutTest,c
NetworkTimeoutTest,c
NetworkTimeoutTest,c
NetworkTimeoutTest,TestUtil
SchemaTest,Query
SchemaTest,c
SchemaTest,c
SchemaTest,c
SchemaTest,c
SchemaTest,c
SchemaTest,PSQLException
SchemaTest,TestUtil
SharedTimerClassLoaderLeakTest,Driver
SharedTimerClassLoaderLeakTest,c
SharedTimerClassLoaderLeakTest,c
SharedTimerClassLoaderLeakTest,c
SharedTimerClassLoaderLeakTest,c
SharedTimerClassLoaderLeakTest,c
SharedTimerClassLoaderLeakTest,SharedTimer
CustomizeDefaultFetchSizeTest,c
CustomizeDefaultFetchSizeTest,c
CustomizeDefaultFetchSizeTest,c
CustomizeDefaultFetchSizeTest,c
CustomizeDefaultFetchSizeTest,c
CustomizeDefaultFetchSizeTest,TestUtil
GetObject310InfinityTests,Field
GetObject310InfinityTests,Query
GetObject310InfinityTests,Version
GetObject310InfinityTests,c
GetObject310InfinityTests,c
GetObject310InfinityTests,c
GetObject310InfinityTests,c
GetObject310InfinityTests,c
GetObject310InfinityTests,ct
GetObject310InfinityTests,TestUtil
GetObject310InfinityTests,BaseTest4
GetObject310Test,Field
GetObject310Test,Query
GetObject310Test,Version
GetObject310Test,c
GetObject310Test,c
GetObject310Test,c
GetObject310Test,c
GetObject310Test,c
GetObject310Test,ct
GetObject310Test,PSQLException
GetObject310Test,TestUtil
GetObject310Test,BaseTest4
GetObject310Test,LocalDateTimePlusOneDay
GetObject310Test,OffsetDateTimePlusOneDay
LocalDateTimePlusOneDay,c
LocalDateTimePlusOneDay,c
LocalDateTimePlusOneDay,c
LocalDateTimePlusOneDay,c
LocalDateTimePlusOneDay,c
OffsetDateTimePlusOneDay,c
OffsetDateTimePlusOneDay,c
OffsetDateTimePlusOneDay,c
OffsetDateTimePlusOneDay,c
OffsetDateTimePlusOneDay,c
Jdbc42CallableStatementTest,c
Jdbc42CallableStatementTest,c
Jdbc42CallableStatementTest,c
Jdbc42CallableStatementTest,c
Jdbc42CallableStatementTest,c
Jdbc42CallableStatementTest,ct
Jdbc42CallableStatementTest,BaseTest4
Jdbc42CallableStatementTest,StatementTest
LargeCountJdbc42Test,c
LargeCountJdbc42Test,c
LargeCountJdbc42Test,c
LargeCountJdbc42Test,c
LargeCountJdbc42Test,c
LargeCountJdbc42Test,TestUtil
LargeCountJdbc42Test,BaseTest4
PreparedStatementTest,Query
PreparedStatementTest,c
PreparedStatementTest,c
PreparedStatementTest,c
PreparedStatementTest,c
PreparedStatementTest,c
PreparedStatementTest,ct
PreparedStatementTest,TestUtil
PreparedStatementTest,BaseTest4
PreparedStatementTest,StatementTest
SetObject310InfinityTests,Query
SetObject310InfinityTests,Version
SetObject310InfinityTests,c
SetObject310InfinityTests,c
SetObject310InfinityTests,c
SetObject310InfinityTests,c
SetObject310InfinityTests,c
SetObject310InfinityTests,ct
SetObject310InfinityTests,TestUtil
SetObject310InfinityTests,BaseTest4
SetObject310Test,Field
SetObject310Test,Query
SetObject310Test,c
SetObject310Test,c
SetObject310Test,c
SetObject310Test,c
SetObject310Test,c
SetObject310Test,ct
SetObject310Test,TestUtil
SetObject310Test,BaseTest4
SimpleJdbc42Test,c
SimpleJdbc42Test,c
SimpleJdbc42Test,c
SimpleJdbc42Test,c
SimpleJdbc42Test,c
SimpleJdbc42Test,BaseTest4
TimestampUtilsTest,Utils
TimestampUtilsTest,c
TimestampUtilsTest,c
TimestampUtilsTest,c
TimestampUtilsTest,c
TimestampUtilsTest,c
TimestampUtilsTest,TimestampUtils
SocksProxyTest,Driver
SocksProxyTest,c
SocksProxyTest,c
SocksProxyTest,c
SocksProxyTest,c
SocksProxyTest,c
SocksProxyTest,TestUtil
PGDataSourceFactoryTest,Driver
PGDataSourceFactoryTest,c
PGDataSourceFactoryTest,c
PGDataSourceFactoryTest,c
PGDataSourceFactoryTest,c
PGDataSourceFactoryTest,c
PGDataSourceFactoryTest,ConnectionPool
PGDataSourceFactoryTest,PoolingDataSource
PGDataSourceFactoryTest,SimpleDataSource
PGDataSourceFactoryTest,PGDataSourceFactory
PGDataSourceFactoryTest,PGXADataSource
CustomSocketFactory,c
CustomSocketFactory,c
CustomSocketFactory,c
CustomSocketFactory,c
CustomSocketFactory,c
SocketFactoryTestSuite,c
SocketFactoryTestSuite,c
SocketFactoryTestSuite,c
SocketFactoryTestSuite,c
SocketFactoryTestSuite,c
SocketFactoryTestSuite,TestUtil
SocketFactoryTestSuite,CustomSocketFactory
CommonNameVerifierTest,c
CommonNameVerifierTest,c
CommonNameVerifierTest,c
CommonNameVerifierTest,c
CommonNameVerifierTest,c
CommonNameVerifierTest,PGjdbcHostnameVerifier
LazyKeyManagerTest,Key
LazyKeyManagerTest,c
LazyKeyManagerTest,c
LazyKeyManagerTest,c
LazyKeyManagerTest,c
LazyKeyManagerTest,c
LazyKeyManagerTest,LazyKeyManager
LazyKeyManagerTest,PKCS12KeyManager
LazyKeyManagerTest,TestUtil
LazyKeyManagerTest,TestCallbackHandler
TestCallbackHandler,c
TestCallbackHandler,c
TestCallbackHandler,c
TestCallbackHandler,c
TestCallbackHandler,c
LibPQFactoryHostNameTest,c
LibPQFactoryHostNameTest,c
LibPQFactoryHostNameTest,c
LibPQFactoryHostNameTest,c
LibPQFactoryHostNameTest,c
LibPQFactoryHostNameTest,LibPQFactory
LibPQFactoryHostNameTest,PGjdbcHostnameVerifier
LibPQFactoryHostNameTest,LibPQFactory
PKCS12KeyTest,Query
PKCS12KeyTest,c
PKCS12KeyTest,c
PKCS12KeyTest,c
PKCS12KeyTest,c
PKCS12KeyTest,c
PKCS12KeyTest,TestUtil
PKCS12KeyTest,BaseTest4
SingleCertValidatingFactoryTestSuite,Query
SingleCertValidatingFactoryTestSuite,c
SingleCertValidatingFactoryTestSuite,c
SingleCertValidatingFactoryTestSuite,c
SingleCertValidatingFactoryTestSuite,c
SingleCertValidatingFactoryTestSuite,c
SingleCertValidatingFactoryTestSuite,ct
SingleCertValidatingFactoryTestSuite,TestUtil
SslTest,Query
SslTest,c
SslTest,c
SslTest,c
SslTest,c
SslTest,c
SslTest,TestUtil
SslTest,BaseTest4
SSPITest,Query
SSPITest,c
SSPITest,c
SSPITest,c
SSPITest,c
SSPITest,c
SSPITest,PSQLException
SSPITest,TestUtil
BrokenInputStream,c
BrokenInputStream,c
BrokenInputStream,c
BrokenInputStream,c
BrokenInputStream,c
BufferGenerator,c
BufferGenerator,c
BufferGenerator,c
BufferGenerator,c
BufferGenerator,c
ByteBufferByteStreamWriterTest,c
ByteBufferByteStreamWriterTest,c
ByteBufferByteStreamWriterTest,c
ByteBufferByteStreamWriterTest,c
ByteBufferByteStreamWriterTest,c
ByteBufferByteStreamWriterTest,ByteBufferByteStreamWriter
ByteBufferByteStreamWriterTest,ByteStreamWriter
ByteBufferByteStreamWriterTest,ByteStreamTarget
ByteBufferByteStreamWriterTest,ByteStreamWriterTest
ByteStreamWriterTest,Query
ByteStreamWriterTest,c
ByteStreamWriterTest,c
ByteStreamWriterTest,c
ByteStreamWriterTest,c
ByteStreamWriterTest,c
ByteStreamWriterTest,ct
ByteStreamWriterTest,ByteBufferByteStreamWriter
ByteStreamWriterTest,ByteStreamWriter
ByteStreamWriterTest,TestUtil
ByteStreamWriterTest,BaseTest4
ByteStreamWriterTest,TestByteBufferByteStreamWriter
ByteStreamWriterTest,ExceptionThrowingByteStreamWriter
TestByteBufferByteStreamWriter,c
TestByteBufferByteStreamWriter,c
TestByteBufferByteStreamWriter,c
TestByteBufferByteStreamWriter,c
TestByteBufferByteStreamWriter,c
TestByteBufferByteStreamWriter,ByteBufferByteStreamWriter
TestByteBufferByteStreamWriter,ByteStreamWriter
ExceptionThrowingByteStreamWriter,c
ExceptionThrowingByteStreamWriter,c
ExceptionThrowingByteStreamWriter,c
ExceptionThrowingByteStreamWriter,c
ExceptionThrowingByteStreamWriter,c
ExceptionThrowingByteStreamWriter,ByteStreamWriter
ExceptionThrowingByteStreamWriter,ByteStreamTarget
ExpressionPropertiesTest,c
ExpressionPropertiesTest,c
ExpressionPropertiesTest,c
ExpressionPropertiesTest,c
ExpressionPropertiesTest,c
ExpressionPropertiesTest,ExpressionProperties
HostSpecTest,c
HostSpecTest,c
HostSpecTest,c
HostSpecTest,c
HostSpecTest,c
HostSpecTest,HostSpec
LruCacheTest,c
LruCacheTest,c
LruCacheTest,c
LruCacheTest,c
LruCacheTest,c
Entry,Key
Entry,c
Entry,c
Entry,c
Entry,c
Entry,c
Entry,ct
Entry,CanEstimateSize
Entry,LruCache
MiniJndiContext,Parser
MiniJndiContext,c
MiniJndiContext,c
MiniJndiContext,c
MiniJndiContext,c
MiniJndiContext,c
MiniJndiContext,ct
MiniJndiContext,ObjectFactory
MiniJndiContextFactory,c
MiniJndiContextFactory,c
MiniJndiContextFactory,c
MiniJndiContextFactory,c
MiniJndiContextFactory,c
MiniJndiContextFactory,MiniJndiContext
PGPropertyMaxResultBufferParserTest,Parser
PGPropertyMaxResultBufferParserTest,c
PGPropertyMaxResultBufferParserTest,c
PGPropertyMaxResultBufferParserTest,c
PGPropertyMaxResultBufferParserTest,c
PGPropertyMaxResultBufferParserTest,c
PGPropertyMaxResultBufferParserTest,PGPropertyMaxResultBufferParser
PGPropertyMaxResultBufferParserTest,PSQLException
PGPropertyMaxResultBufferParserTest,ParserTest
ServerVersionParseTest,Version
ServerVersionParseTest,c
ServerVersionParseTest,c
ServerVersionParseTest,c
ServerVersionParseTest,c
ServerVersionParseTest,c
ServerVersionTest,Version
ServerVersionTest,c
ServerVersionTest,c
ServerVersionTest,c
ServerVersionTest,c
ServerVersionTest,c
StrangeInputStream,c
StrangeInputStream,c
StrangeInputStream,c
StrangeInputStream,c
StrangeInputStream,c
ServerVersionRule,Version
ServerVersionRule,PgConnection
ServerVersionRule,c
ServerVersionRule,c
ServerVersionRule,c
ServerVersionRule,c
ServerVersionRule,c
ServerVersionRule,TestUtil
ServerVersionRule,HaveMinimalServerVersion
XADataSourceTest,Query
XADataSourceTest,c
XADataSourceTest,c
XADataSourceTest,c
XADataSourceTest,c
XADataSourceTest,c
XADataSourceTest,PGXADataSource
XADataSourceTest,TestUtil
XADataSourceTest,BaseDataSourceTest
CustomXid,Query
CustomXid,c
CustomXid,c
CustomXid,c
CustomXid,c
CustomXid,c
CustomXid,ct
CustomXid,PGXADataSource
CustomXid,Rollback
CustomXid,BaseDataSourceTest
NullOutputStream,c
NullOutputStream,c
NullOutputStream,c
NullOutputStream,c
NullOutputStream,c
PSQLWarningTest,c
PSQLWarningTest,c
PSQLWarningTest,c
PSQLWarningTest,c
PSQLWarningTest,c
PSQLWarningTest,TestUtil
ReaderInputStreamTest,c
ReaderInputStreamTest,c
ReaderInputStreamTest,c
ReaderInputStreamTest,c
ReaderInputStreamTest,c
ReaderInputStreamTest,ReaderInputStream
ReaderInputStreamTest,SingleCharPerReadReader
SingleCharPerReadReader,c
SingleCharPerReadReader,c
SingleCharPerReadReader,c
SingleCharPerReadReader,c
SingleCharPerReadReader,c
TestLogHandler,c
TestLogHandler,c
TestLogHandler,c
TestLogHandler,c
TestLogHandler,c
