PGraphicsAndroid2D,PSurfaceAndroid2D
PGraphicsAndroid2D,AppComponent
PGraphicsAndroid2D,PApplet
PGraphicsAndroid2D,PFont
PGraphicsAndroid2D,PGraphics
PGraphicsAndroid2D,PImage
PGraphicsAndroid2D,PMatrix
PGraphicsAndroid2D,PMatrix2D
PGraphicsAndroid2D,PMatrix3D
PGraphicsAndroid2D,PShape
PGraphicsAndroid2D,PShapeSVG
PGraphicsAndroid2D,Text
PGraphicsAndroid2D,Font
PGraphicsAndroid2D,PSurface
PGraphicsAndroid2D,XML
PGraphicsAndroid2D,Stack
PShapeAndroid2D,PGraphicsAndroid2D
PShapeAndroid2D,PGraphics
PShapeAndroid2D,PShapeSVG
PShapeAndroid2D,Gradient
PShapeAndroid2D,LinearGradient
PShapeAndroid2D,RadialGradient
PShapeAndroid2D,XML
PSurfaceAndroid2D,SurfaceViewAndroid2D
PSurfaceAndroid2D,AppComponent
PSurfaceAndroid2D,PFragment
PSurfaceAndroid2D,PGraphics
PSurfaceAndroid2D,PSurfaceNone
SurfaceViewAndroid2D,PApplet
SurfaceViewAndroid2D,Event
SurfaceViewAndroid2D,KeyEvent
SurfaceViewAndroid2D,TouchEvent
AppComponent,ServiceEngine
AppComponent,PApplet
AppComponent,PConstants
AppComponent,Sketch
AppComponent,Sketch
AppComponent,Sketch
AppComponent,Sketch
AppComponent,Sketch
AppComponent,Sketch
PermissionRequestor,Permissions
PFragment,AppComponent
PFragment,CompatUtils
PFragment,ServiceEngine
PFragment,PApplet
PFragment,Sketch
PFragment,Sketch
PFragment,Sketch
PFragment,Sketch
PFragment,Sketch
PFragment,Sketch
PWallpaper,AppComponent
PWallpaper,CompatUtils
PWallpaper,WallpaperEngine
PWallpaper,ServiceEngine
PWallpaper,PApplet
PWallpaper,Sketch
PWallpaper,Sketch
PWallpaper,Sketch
PWallpaper,Sketch
PWallpaper,Sketch
PWallpaper,Sketch
PWallpaper,Permissions
WallpaperEngine,PWallpaper
WallpaperEngine,ServiceEngine
WallpaperEngine,PApplet
WallpaperEngine,Event
WallpaperEngine,TouchEvent
WallpaperEngine,Sketch
WallpaperEngine,Sketch
WallpaperEngine,Sketch
WallpaperEngine,Sketch
WallpaperEngine,Sketch
WallpaperEngine,Sketch
WallpaperEngine,Permissions
PWatchFaceCanvas,AppComponent
PWatchFaceCanvas,CompatUtils
PWatchFaceCanvas,CanvasEngine
PWatchFaceCanvas,ServiceEngine
PWatchFaceCanvas,PApplet
PWatchFaceCanvas,Sketch
PWatchFaceCanvas,Sketch
PWatchFaceCanvas,Sketch
PWatchFaceCanvas,Sketch
PWatchFaceCanvas,Sketch
PWatchFaceCanvas,Sketch
PWatchFaceCanvas,Permissions
CanvasEngine,PGraphicsAndroid2D
CanvasEngine,PWatchFaceCanvas
CanvasEngine,ServiceEngine
CanvasEngine,PApplet
CanvasEngine,Event
CanvasEngine,TouchEvent
CanvasEngine,Sketch
CanvasEngine,Sketch
CanvasEngine,Sketch
CanvasEngine,Sketch
CanvasEngine,Sketch
CanvasEngine,Sketch
CanvasEngine,Permissions
PWatchFaceGLES,AppComponent
PWatchFaceGLES,CompatUtils
PWatchFaceGLES,GLES2Engine
PWatchFaceGLES,ServiceEngine
PWatchFaceGLES,PApplet
PWatchFaceGLES,Sketch
PWatchFaceGLES,Sketch
PWatchFaceGLES,Sketch
PWatchFaceGLES,Sketch
PWatchFaceGLES,Sketch
PWatchFaceGLES,Sketch
PWatchFaceGLES,Permissions
GLES2Engine,PWatchFaceGLES
GLES2Engine,ServiceEngine
GLES2Engine,PApplet
GLES2Engine,Event
GLES2Engine,TouchEvent
GLES2Engine,Sketch
GLES2Engine,Sketch
GLES2Engine,Sketch
GLES2Engine,Sketch
GLES2Engine,Sketch
GLES2Engine,Sketch
GLES2Engine,Permissions
ServiceEngine,PConstants
PApplet,ActivityAPI
PApplet,AppComponent
PApplet,RegisteredMethods
PApplet,PConstants
PApplet,PGraphics
PApplet,PSurface
PApplet,StringList
PApplet,Event
PApplet,KeyEvent
PApplet,TouchEvent
PApplet,Permissions
RegisteredMethods,PGraphicsAndroid2D
RegisteredMethods,PApplet
RegisteredMethods,InternalEventQueue
RegisteredMethods,PGraphics
RegisteredMethods,PImage
RegisteredMethods,Event
RegisteredMethods,KeyEvent
RegisteredMethods,MouseEvent
RegisteredMethods,TouchEvent
RegisteredMethods,PGraphics2D
RegisteredMethods,PGraphics3D
RegisteredMethods,Permissions
InternalEventQueue,AsyncImageLoader
InternalEventQueue,PGraphics
InternalEventQueue,PImage
InternalEventQueue,Table
InternalEventQueue,Event
InternalEventQueue,KeyEvent
InternalEventQueue,MouseEvent
InternalEventQueue,TouchEvent
InternalEventQueue,Pointer
AsyncImageLoader,CompatUtils
AsyncImageLoader,PFont
AsyncImageLoader,PGraphics
AsyncImageLoader,PImage
AsyncImageLoader,PMatrix
AsyncImageLoader,PMatrix2D
AsyncImageLoader,PMatrix3D
AsyncImageLoader,PShape
AsyncImageLoader,Font
AsyncImageLoader,PStyle
AsyncImageLoader,PVector
AsyncImageLoader,JSONArray
AsyncImageLoader,JSONObject
AsyncImageLoader,Table
AsyncImageLoader,XML
AsyncImageLoader,PGL
AsyncImageLoader,PShader
AsyncImageLoader,Texture
AsyncImageLoader,Normal
PConstants,Event
PConstants,KeyEvent
PFont,PApplet
PFont,PConstants
PFont,Glyph
PFont,PGraphics
PFont,Font
Glyph,PImage
Glyph,Text
PGraphics,AppComponent
PGraphics,PApplet
PGraphics,PConstants
PGraphics,PFont
PGraphics,Glyph
PGraphics,AsyncImageSaver
PGraphics,PImage
PGraphics,PMatrix
PGraphics,PMatrix2D
PGraphics,PMatrix3D
PGraphics,PShape
PGraphics,Font
PGraphics,PStyle
PGraphics,PSurface
PGraphics,PVector
PGraphics,PGL
PGraphics,PShader
PGraphics,Texture
PGraphics,Normal
PGraphics,Stack
AsyncImageSaver,PApplet
AsyncImageSaver,PGraphics
AsyncImageSaver,PImage
PImage,PApplet
PImage,PConstants
PImage,PGraphics
PMatrix,PMatrix2D
PMatrix,PMatrix3D
PMatrix,PVector
PMatrix2D,PApplet
PMatrix2D,PMatrix
PMatrix2D,PMatrix3D
PMatrix2D,PVector
PMatrix3D,PApplet
PMatrix3D,PConstants
PMatrix3D,PMatrix
PMatrix3D,PMatrix2D
PMatrix3D,PVector
PShape,PApplet
PShape,PConstants
PShape,PGraphics
PShape,PImage
PShape,PMatrix
PShape,PMatrix2D
PShape,PMatrix3D
PShape,PVector
PShape,Table
PShape,Texture
PShape,Normal
PShapeOBJ,PApplet
PShapeOBJ,PGraphics
PShapeOBJ,PShape
PShapeOBJ,OBJFace
PShapeOBJ,OBJMaterial
PShapeOBJ,PVector
PShapeOBJ,Table
OBJFace,PApplet
OBJMaterial,PImage
OBJMaterial,PVector
PShapeSVG,PApplet
PShapeSVG,PConstants
PShapeSVG,PGraphics
PShapeSVG,PMatrix2D
PShapeSVG,PShape
PShapeSVG,Gradient
PShapeSVG,LinearGradient
PShapeSVG,RadialGradient
PShapeSVG,Text
PShapeSVG,Font
PShapeSVG,IntDict
PShapeSVG,StringDict
PShapeSVG,XML
PShapeSVG,Dict
Gradient,PApplet
Gradient,PShapeSVG
Gradient,StringDict
Gradient,XML
Gradient,Dict
LinearGradient,PShapeSVG
LinearGradient,Gradient
LinearGradient,XML
RadialGradient,PApplet
RadialGradient,PFont
RadialGradient,PShapeSVG
RadialGradient,Gradient
RadialGradient,Text
RadialGradient,Font
RadialGradient,XML
Text,PFont
Text,PMatrix2D
Text,PShapeSVG
Text,Font
Text,XML
LineOfText,PFont
LineOfText,PGraphics
LineOfText,PMatrix2D
LineOfText,PShapeSVG
LineOfText,Text
LineOfText,Font
LineOfText,XML
Font,Glyph
Font,PGraphics
Font,PShapeSVG
Font,FontFace
Font,FontGlyph
Font,XML
FontFace,PShapeSVG
FontFace,XML
FontGlyph,PApplet
FontGlyph,Glyph
FontGlyph,PShape
FontGlyph,PShapeSVG
FontGlyph,Font
FontGlyph,XML
PStyle,PConstants
PStyle,PFont
PStyle,Font
PSurface,AppComponent
PSurface,ServiceEngine
PSurface,Permissions
PSurfaceNone,AppComponent
PSurfaceNone,PFragment
PSurfaceNone,ServiceEngine
PSurfaceNone,PApplet
PSurfaceNone,PConstants
PSurfaceNone,PGraphics
PSurfaceNone,PSurface
PSurfaceNone,AnimationThread
AnimationThread,PermissionRequestor
AnimationThread,ServiceEngine
AnimationThread,Permissions
PVector,PApplet
PVector,PConstants
DoubleDict,PApplet
DoubleDict,Dict
DoubleDict,Keys
Entry,PApplet
Entry,DoubleDict
Entry,JSONObject
Entry,Sort
Entry,StringList
Entry,Dict
Entry,Keys
DoubleList,PApplet
DoubleList,Sort
FloatDict,PApplet
FloatDict,Dict
FloatDict,Keys
Entry,PApplet
Entry,FloatDict
Entry,JSONObject
Entry,Sort
Entry,StringList
Entry,Dict
Entry,Keys
FloatList,PApplet
FloatList,Sort
IntDict,PApplet
IntDict,Dict
IntDict,Keys
Entry,PApplet
Entry,FloatDict
Entry,IntDict
Entry,JSONObject
Entry,Sort
Entry,StringList
Entry,Dict
Entry,Keys
IntList,PApplet
IntList,FloatList
IntList,Sort
JSONArray,PApplet
JSONArray,FloatList
JSONArray,IntList
JSONArray,JSONObject
JSONArray,Null
JSONArray,JSONTokener
JSONArray,StringList
Null,Entry
Null,FloatDict
Null,Entry
Null,IntDict
Null,Entry
Null,JSONArray
Null,JSONObject
Null,JSONTokener
Null,Entry
Null,StringDict
Null,Entry
Null,Dict
LongDict,PApplet
LongDict,Dict
LongDict,Keys
Entry,PApplet
Entry,FloatDict
Entry,JSONObject
Entry,LongDict
Entry,Sort
Entry,StringList
Entry,Dict
Entry,Keys
LongList,PApplet
LongList,FloatList
LongList,Sort
StringDict,PApplet
StringDict,IntList
StringDict,StringList
StringDict,TableRow
StringDict,Dict
StringDict,Keys
Entry,PApplet
Entry,JSONObject
Entry,Sort
Entry,StringDict
Entry,StringList
Entry,Dict
Entry,Keys
StringList,PApplet
StringList,IntDict
StringList,JSONObject
StringList,Sort
StringList,Dict
Table,PApplet
Table,TableRow
CommaSeparatedLine,PApplet
CommaSeparatedLine,Entry
CommaSeparatedLine,Entry
CommaSeparatedLine,Entry
CommaSeparatedLine,Entry
CommaSeparatedLine,Entry
CommaSeparatedLine,Table
CommaSeparatedLine,TableRow
XML,PApplet
XML,Keys
KeyEvent,Event
MouseEvent,Event
TouchEvent,Event
TouchEvent,Pointer
FontTexture,TextureInfo
FrameBuffer,PApplet
FrameBuffer,PConstants
FrameBuffer,PGL
FrameBuffer,PGraphicsOpenGL
FrameBuffer,GLResourceFrameBuffer
FrameBuffer,Texture
LinePath,PMatrix2D
LinePath,PathIterator
PathIterator,PMatrix2D
PathIterator,LinePath
PathIterator,LineStroker
LineStroker,PMatrix2D
LineStroker,LinePath
LineStroker,Parameters
PGL,PApplet
PGL,PConstants
PGL,PGraphics
PGL,Font
PGL,Event
PGL,Pointer
PGL,Tessellator
PGL,TessellatorCallback
PGL,Tessellator
PGL,PGraphicsOpenGL
PGL,Tessellator
PGL,TessellatorCallback
PGL,Texture
PGL,Render
TessellatorCallback,FontOutline
FontOutline,PConstants
FontOutline,PGraphics
FontOutline,Pointer
FontOutline,Texture
PGLES,Event
PGLES,PGL
PGLES,Tessellator
PGLES,TessellatorCallback
PGLES,Tessellator
PGLES,PGraphicsOpenGL
PGLES,Tessellator
PGLES,TessellatorCallback
PGLES,Texture
PGLES,PGLU
Tessellator,PGL
Tessellator,TessellatorCallback
Tessellator,GLUCallback
Tessellator,TessVertex
Tessellator,TessellatorCallback
Tessellator,PGLU
Tessellator,PGLUtessellator
GLUCallback,Font
GLUCallback,Pointer
GLUCallback,FontOutline
GLUCallback,Texture
GLUCallback,BufferData
GLUCallback,PGLU
GLUCallback,PGLUtessellatorCallbackAdapter
PGraphics2D,PGraphics
PGraphics2D,PMatrix2D
PGraphics2D,PMatrix3D
PGraphics2D,PShape
PGraphics2D,PShapeSVG
PGraphics2D,XML
PGraphics2D,PGraphicsOpenGL
PGraphics2D,PShapeOpenGL
PGraphics2DX,PApplet
PGraphics2DX,PGraphics
PGraphics2DX,PImage
PGraphics2DX,PMatrix3D
PGraphics2DX,PShape
PGraphics2DX,PShapeSVG
PGraphics2DX,XML
PGraphics2DX,Pointer
PGraphics2DX,FontTexture
PGraphics2DX,TextureInfo
PGraphics2DX,PGL
PGraphics2DX,Tessellator
PGraphics2DX,TessellatorCallback
PGraphics2DX,Tessellator
PGraphics2DX,StrokeRenderer
PGraphics2DX,TessVertex
PGraphics2DX,PGraphicsOpenGL
PGraphics2DX,Tessellator
PGraphics2DX,TessellatorCallback
PGraphics2DX,PShader
PGraphics2DX,PShapeOpenGL
PGraphics2DX,Texture
StrokeRenderer,PApplet
PGraphics3D,PGraphics
PGraphics3D,PShape
PGraphics3D,PShapeOBJ
PGraphics3D,PGraphicsOpenGL
PGraphics3D,PShapeOpenGL
PGraphicsOpenGL,PFont
PGraphicsOpenGL,PGraphics
PGraphicsOpenGL,Font
PGraphicsOpenGL,FontTexture
PGraphicsOpenGL,PGL
PGraphicsOpenGL,Texture
Disposable,AppComponent
Disposable,PApplet
Disposable,PFont
Disposable,PImage
Disposable,PMatrix3D
Disposable,Font
Disposable,PSurface
Disposable,PVector
Disposable,FontTexture
Disposable,FrameBuffer
Disposable,PGL
Disposable,Tessellator
Disposable,PGLES
Disposable,Tessellator
Disposable,PGraphicsOpenGL
Disposable,AsyncPixelReader
Disposable,AttributeMap
Disposable,TexCache
Disposable,InGeometry
Disposable,TessGeometry
Disposable,Tessellator
Disposable,DepthSorter
Disposable,PShader
Disposable,PSurfaceGLES
Disposable,Texture
Disposable,Parameters
Disposable,VertexBuffer
Disposable,Normal
Disposable,Stack
GLResourceTexture,PGL
GLResourceTexture,Texture
GLResourceVertexBuffer,PGL
GLResourceVertexBuffer,VertexBuffer
GLResourceShader,PGL
GLResourceShader,PShader
GLResourceFrameBuffer,PApplet
GLResourceFrameBuffer,PFont
GLResourceFrameBuffer,Glyph
GLResourceFrameBuffer,PGraphics
GLResourceFrameBuffer,PImage
GLResourceFrameBuffer,PMatrix
GLResourceFrameBuffer,PMatrix2D
GLResourceFrameBuffer,PMatrix3D
GLResourceFrameBuffer,PShape
GLResourceFrameBuffer,Font
GLResourceFrameBuffer,Event
GLResourceFrameBuffer,FontTexture
GLResourceFrameBuffer,TextureInfo
GLResourceFrameBuffer,FrameBuffer
GLResourceFrameBuffer,PGL
GLResourceFrameBuffer,FontOutline
GLResourceFrameBuffer,PGraphics2D
GLResourceFrameBuffer,PGraphics3D
GLResourceFrameBuffer,PGraphicsOpenGL
GLResourceFrameBuffer,AsyncPixelReader
GLResourceFrameBuffer,VertexAttribute
GLResourceFrameBuffer,TexCache
GLResourceFrameBuffer,IndexCache
GLResourceFrameBuffer,InGeometry
GLResourceFrameBuffer,TessGeometry
GLResourceFrameBuffer,DepthSorter
GLResourceFrameBuffer,PShader
GLResourceFrameBuffer,PShapeOpenGL
GLResourceFrameBuffer,Texture
GLResourceFrameBuffer,Parameters
GLResourceFrameBuffer,VertexBuffer
GLResourceFrameBuffer,Normal
AsyncPixelReader,PGraphics
AsyncPixelReader,PImage
AsyncPixelReader,FrameBuffer
AsyncPixelReader,PGL
AsyncPixelReader,PGraphicsOpenGL
AsyncPixelReader,AttributeMap
AsyncPixelReader,PShader
AsyncPixelReader,Texture
AsyncPixelReader,Parameters
AsyncPixelReader,Render
AttributeMap,VertexAttribute
VertexAttribute,PApplet
VertexAttribute,PConstants
VertexAttribute,PGL
VertexAttribute,PGraphicsOpenGL
VertexAttribute,AttributeMap
VertexAttribute,TexCache
VertexAttribute,InGeometry
VertexAttribute,TessGeometry
VertexAttribute,PShader
VertexAttribute,VertexBuffer
VertexAttribute,Normal
TexCache,PApplet
TexCache,PImage
TexCache,PGL
TexCache,PGraphicsOpenGL
TexCache,Texture
IndexCache,PApplet
InGeometry,PApplet
InGeometry,PVector
InGeometry,PGL
InGeometry,PGraphicsOpenGL
InGeometry,AttributeMap
InGeometry,VertexAttribute
InGeometry,Normal
TessGeometry,PApplet
TessGeometry,PMatrix
TessGeometry,PMatrix2D
TessGeometry,PMatrix3D
TessGeometry,PVector
TessGeometry,PGL
TessGeometry,PGraphicsOpenGL
TessGeometry,AttributeMap
TessGeometry,VertexAttribute
TessGeometry,IndexCache
TessGeometry,InGeometry
TessGeometry,Normal
Tessellator,PApplet
Tessellator,PImage
Tessellator,PMatrix
Tessellator,PMatrix3D
Tessellator,LinePath
Tessellator,PathIterator
Tessellator,PGL
Tessellator,TessellatorCallback
Tessellator,PGraphicsOpenGL
Tessellator,TexCache
Tessellator,IndexCache
Tessellator,InGeometry
Tessellator,TessGeometry
Tessellator,TessellatorCallback
Tessellator,Texture
TessellatorCallback,PGraphics
TessellatorCallback,PGL
TessellatorCallback,AttributeMap
TessellatorCallback,VertexAttribute
TessellatorCallback,IndexCache
TessellatorCallback,Normal
DepthSorter,PApplet
DepthSorter,PMatrix3D
DepthSorter,PGraphicsOpenGL
DepthSorter,TexCache
DepthSorter,IndexCache
DepthSorter,TessGeometry
DepthSorter,VertexBuffer
PShader,PApplet
PShader,PConstants
PShader,PGraphics
PShader,PImage
PShader,PMatrix2D
PShader,PMatrix3D
PShader,PVector
PShader,Pointer
PShader,PGL
PShader,PGraphicsOpenGL
PShader,GLResourceShader
PShader,VertexAttribute
PShader,UniformValue
PShader,Texture
PShader,Parameters
PShader,Normal
PShapeOpenGL,PApplet
PShapeOpenGL,PConstants
PShapeOpenGL,PGraphics
PShapeOpenGL,PImage
PShapeOpenGL,PMatrix
PShapeOpenGL,PMatrix2D
PShapeOpenGL,PMatrix3D
PShapeOpenGL,PShape
PShapeOpenGL,PVector
PShapeOpenGL,PGL
PShapeOpenGL,Tessellator
PShapeOpenGL,Tessellator
PShapeOpenGL,PGraphicsOpenGL
PShapeOpenGL,AttributeMap
PShapeOpenGL,VertexAttribute
PShapeOpenGL,TexCache
PShapeOpenGL,IndexCache
PShapeOpenGL,InGeometry
PShapeOpenGL,TessGeometry
PShapeOpenGL,Tessellator
PShapeOpenGL,PShader
PShapeOpenGL,Texture
PShapeOpenGL,VertexBuffer
PShapeOpenGL,Normal
PSurfaceGLES,AppComponent
PSurfaceGLES,PFragment
PSurfaceGLES,PGraphics
PSurfaceGLES,PSurfaceNone
PSurfaceGLES,PGLES
PSurfaceGLES,PGraphicsOpenGL
PSurfaceGLES,SurfaceViewGLES
PSurfaceGLES,Render
SurfaceViewGLES,PApplet
SurfaceViewGLES,Event
SurfaceViewGLES,KeyEvent
SurfaceViewGLES,TouchEvent
SurfaceViewGLES,PGLES
SurfaceViewGLES,RendererGLES
SurfaceViewGLES,ContextFactoryGLES
SurfaceViewGLES,ConfigChooserGLES
RendererGLES,PApplet
ContextFactoryGLES,PGLES
ConfigChooserGLES,PApplet
ConfigChooserGLES,PGLES
Texture,PApplet
Texture,PConstants
Texture,PGraphics
Texture,FrameBuffer
Texture,PGL
Texture,PGraphicsOpenGL
Texture,GLResourceTexture
Texture,Parameters
Texture,BufferData
VertexBuffer,PGL
VertexBuffer,PGraphicsOpenGL
VertexBuffer,GLResourceVertexBuffer
Dict,DictLeq
Dict,Leq
GLUtessellatorImpl,TessVertex
GLUtessellatorImpl,CachedVertex
GLUtessellatorImpl,Dict
GLUtessellatorImpl,GLUface
GLUtessellatorImpl,GLUhalfEdge
GLUtessellatorImpl,GLUmesh
GLUtessellatorImpl,GLUvertex
GLUtessellatorImpl,Mesh
GLUtessellatorImpl,Normal
GLUtessellatorImpl,PGLU
GLUtessellatorImpl,PGLUtessellator
GLUtessellatorImpl,PGLUtessellatorCallback
GLUtessellatorImpl,PGLUtessellatorCallbackAdapter
GLUtessellatorImpl,PriorityQ
GLUtessellatorImpl,Render
GLUtessellatorImpl,Sweep
GLUtessellatorImpl,TessMono
GLUtessellatorImpl,TessState
PGLU,TessVertex
PGLU,GLUtessellatorImpl
PGLU,PGLUtessellator
PGLU,PGLUtessellatorCallback
PGLUtessellatorCallbackAdapter,PGLUtessellatorCallback
Leq,Sort
Leq,Geom
Leq,GLUvertex
Leq,PriorityQ
Leq,PriorityQSort
PriorityQSort,PriorityQ
PriorityQSort,Stack
PriorityQSort,Keys
Render,GLUhalfEdge
Render,FaceCount
Render,renderCallBack
FaceCount,GLUface
FaceCount,GLUhalfEdge
FaceCount,GLUmesh
FaceCount,GLUtessellatorImpl
FaceCount,Mesh
FaceCount,renderCallBack
renderCallBack,GLUface
renderCallBack,GLUhalfEdge
renderCallBack,GLUtessellatorImpl
renderCallBack,RenderTriangle
RenderTriangle,GLUhalfEdge
RenderTriangle,GLUtessellatorImpl
RenderTriangle,renderCallBack
RenderTriangle,RenderFan
RenderFan,GLUface
RenderFan,GLUhalfEdge
RenderFan,GLUmesh
RenderFan,GLUtessellatorImpl
RenderFan,Normal
RenderFan,PGLU
RenderFan,renderCallBack
RenderFan,RenderStrip
MainActivity,CompatUtils
MainActivity,PFragment
MainActivity,PApplet
MainActivity,Text
MainActivity,Sketch
MainActivity,Sketch
MainActivity,Sketch
MainActivity,Sketch
MainActivity,Sketch
MainActivity,Sketch
MainActivity,Manifest
MainActivity,Permissions
Sketch,PApplet
Sketch,Event
Sketch,ARAnchor
Sketch,ARTrackable
Sketch,ARTracker
MainActivity,CompatUtils
MainActivity,PFragment
MainActivity,PApplet
MainActivity,Text
MainActivity,SketchArcTest
MainActivity,SketchBasicPoly
MainActivity,SketchCurveTest
MainActivity,SketchCustomShader
MainActivity,SketchDisplayText
MainActivity,SketchDuplicatedVert
MainActivity,SketchFilterTest
MainActivity,SketchLoadDisplaySVG
MainActivity,SketchMousePoly
MainActivity,SketchPrimitiveTypes
MainActivity,SketchShaderNoTex
MainActivity,SketchShapeBenchmark
MainActivity,SketchTexturedPoly
MainActivity,SketchUserDefinedContours
Sketch,PApplet
Sketch,PFont
Sketch,PImage
Sketch,Font
Sketch,PVector
Sketch,PGraphics2DX
SketchArcTest,PApplet
SketchArcTest,PVector
SketchBasicPoly,PApplet
SketchCurveTest,PApplet
SketchCurveTest,PGraphics2DX
SketchCustomShader,PApplet
SketchCustomShader,PImage
SketchCustomShader,PShader
SketchDisplayText,PApplet
SketchDisplayText,PFont
SketchDisplayText,Text
SketchDisplayText,Font
SketchDuplicatedVert,PApplet
SketchFilterTest,PApplet
SketchFilterTest,PShader
SketchLoadDisplaySVG,PApplet
SketchLoadDisplaySVG,PShape
SketchMousePoly,PApplet
SketchMousePoly,PVector
SketchPrimitiveTypes,PApplet
SketchShaderNoTex,PApplet
SketchShaderNoTex,PShader
SketchShapeBenchmark,PApplet
SketchShapeBenchmark,Font
SketchTexturedPoly,PApplet
SketchTexturedPoly,PImage
SketchUserDefinedContours,PApplet
MainActivity,CompatUtils
MainActivity,PFragment
MainActivity,PApplet
MainActivity,Sketch
MainActivity,Sketch
MainActivity,Sketch
MainActivity,Sketch
MainActivity,Sketch
MainActivity,Sketch
Sketch,PApplet
Sketch,PImage
MainActivity,PApplet
MainActivity,Sketch
MainActivity,Sketch
MainActivity,Sketch
MainActivity,Sketch
MainActivity,Sketch
MainActivity,Sketch
MainActivity,VRActivity
Sketch,PApplet
Sketch,Selector
Sketch,VRCamera
Selector,PApplet
Selector,PMatrix3D
Selector,PVector
MainService,PWallpaper
MainService,PApplet
MainService,Sketch
MainService,Sketch
MainService,Sketch
MainService,Sketch
MainService,Sketch
MainService,Sketch
Sketch,PApplet
MainService,PWatchFaceCanvas
MainService,PApplet
MainService,Sketch
MainService,Sketch
MainService,Sketch
MainService,Sketch
MainService,Sketch
MainService,Sketch
Sketch,PApplet
Sketch,Font
AccelerometerManager,PApplet
AccelerometerManager,Event
CompassManager,PApplet
CompassManager,Event
ARAnchor,PMatrix3D
ARAnchor,ARGraphics
ARAnchor,ARTrackable
ARGraphics,AppComponent
ARGraphics,PGraphics
ARGraphics,PMatrix3D
ARGraphics,PSurface
ARGraphics,PGL
ARGraphics,PGLES
ARGraphics,PGraphics3D
ARGraphics,PGraphicsOpenGL
ARGraphics,PShader
ARGraphics,Texture
ARGraphics,ARSurface
ARGraphics,ARTracker
ARGraphics,BackgroundRenderer
ARSurface,AppComponent
ARSurface,PGraphics
ARSurface,PGLES
ARSurface,PGraphicsOpenGL
ARSurface,PSurfaceGLES
ARSurface,ARGraphics
ARSurface,SurfaceViewAR
ARSurface,AndroidARRenderer
ARSurface,RotationHandler
SurfaceViewAR,Event
SurfaceViewAR,KeyEvent
SurfaceViewAR,TouchEvent
SurfaceViewAR,AndroidARRenderer
AndroidARRenderer,PGraphics
AndroidARRenderer,Texture
AndroidARRenderer,BackgroundRenderer
ARTrackable,PMatrix3D
ARTrackable,ARGraphics
ARTracker,PApplet
ARTracker,ARAnchor
ARTracker,ARGraphics
ARTracker,ARTrackable
BackgroundRenderer,Pointer
BackgroundRenderer,Texture
BackgroundRenderer,ShaderUtils
ShaderUtils,PApplet
ShaderUtils,PGraphics
VRActivity,AppComponent
VRActivity,ServiceEngine
VRActivity,PApplet
VRActivity,Sketch
VRActivity,Sketch
VRActivity,Sketch
VRActivity,Sketch
VRActivity,Sketch
VRActivity,Sketch
VRActivity,VRGraphics
VRCamera,PApplet
VRCamera,PMatrix3D
VRCamera,VRGraphics
VRGraphics,PApplet
VRGraphics,PGraphics
VRGraphics,PGL
VRGraphics,PGLES
VRGraphics,PGraphics3D
VRGraphics,PGraphicsOpenGL
VRGraphics,VRCamera
VRGraphicsMono,AppComponent
VRGraphicsMono,PSurface
VRGraphicsMono,VRGraphics
VRGraphicsMono,VRSurface
VRGraphicsStereo,AppComponent
VRGraphicsStereo,PSurface
VRGraphicsStereo,VRGraphics
VRGraphicsStereo,VRSurface
VRSurface,AppComponent
VRSurface,PGraphics
VRSurface,PGLES
VRSurface,PGraphicsOpenGL
VRSurface,PSurfaceGLES
VRSurface,VRGraphics
VRSurface,SurfaceViewVR
VRSurface,AndroidVRStereoRenderer
SurfaceViewVR,Event
SurfaceViewVR,KeyEvent
SurfaceViewVR,TouchEvent
SurfaceViewVR,AndroidVRStereoRenderer
AndroidVRStereoRenderer,PGraphics
AndroidDebugger,Text
AndroidDebugger,Event
AndroidDebugger,AndroidEditor
AndroidDebugger,AndroidLineBreakpoint
AndroidDebugger,AndroidMode
AndroidDebugger,AndroidRunner
AndroidDebugger,Device
AndroidEditor,AppComponent
AndroidEditor,Event
AndroidEditor,AndroidBuild
AndroidEditor,AndroidDebugger
AndroidEditor,UpdateDeviceListTask
AndroidEditor,AndroidMode
AndroidEditor,AndroidPreprocessor
AndroidEditor,AndroidTool
AndroidEditor,AndroidToolbar
AndroidEditor,Device
AndroidEditor,Devices
AndroidEditor,KeyStoreManager
AndroidEditor,Manifest
AndroidEditor,Permissions
UpdateDeviceListTask,Event
UpdateDeviceListTask,AndroidBuild
UpdateDeviceListTask,AndroidMode
UpdateDeviceListTask,Device
UpdateDeviceListTask,Devices
AndroidKeyStore,PApplet
AndroidKeyStore,AndroidMode
AndroidLineBreakpoint,AndroidDebugger
AndroidMode,AppComponent
AndroidMode,PApplet
AndroidMode,Sketch
AndroidMode,Sketch
AndroidMode,Sketch
AndroidMode,Sketch
AndroidMode,Sketch
AndroidMode,Sketch
AndroidMode,AndroidBuild
AndroidMode,AndroidEditor
AndroidMode,AndroidRunner
AndroidMode,AndroidSDK
AndroidMode,CancelException
AndroidMode,AndroidUtil
AndroidMode,AVD
AndroidMode,Device
AndroidMode,Devices
AndroidMode,Manifest
AndroidPreprocessor,PApplet
AndroidPreprocessor,Sketch
AndroidPreprocessor,Sketch
AndroidPreprocessor,Sketch
AndroidPreprocessor,Sketch
AndroidPreprocessor,Sketch
AndroidPreprocessor,Sketch
AndroidPreprocessor,AndroidMode
AndroidRunner,Sketch
AndroidRunner,Sketch
AndroidRunner,Sketch
AndroidRunner,Sketch
AndroidRunner,Sketch
AndroidRunner,Sketch
AndroidRunner,AndroidBuild
AndroidRunner,AndroidEditor
AndroidRunner,AndroidMode
AndroidRunner,Device
AndroidRunner,DeviceListener
AndroidRunner,Devices
AndroidSDK,SDKTarget
SDKTarget,BadSDKException
BadSDKException,CancelException
AndroidTool,AndroidMode
AndroidToolbar,Text
AndroidToolbar,Event
AndroidToolbar,AndroidEditor
AndroidToolbar,AndroidMode
AndroidToolbar,Device
AndroidUtil,PApplet
AndroidUtil,Entry
AndroidUtil,Entry
AndroidUtil,Entry
AndroidUtil,Entry
AndroidUtil,Entry
AndroidUtil,Event
AndroidUtil,AndroidMode
AVD,PApplet
AVD,AndroidBuild
AVD,AndroidMode
AVD,AndroidSDK
AVD,AndroidUtil
Commander,AppComponent
Commander,Sketch
Commander,Sketch
Commander,Sketch
Commander,Sketch
Commander,Sketch
Commander,Sketch
Commander,AndroidBuild
Commander,AndroidMode
Commander,AndroidRunner
Commander,Devices
Device,JDWPProcessor
JDWPProcessor,PApplet
JDWPProcessor,Entry
JDWPProcessor,Entry
JDWPProcessor,Entry
JDWPProcessor,Entry
JDWPProcessor,Entry
JDWPProcessor,Device
JDWPProcessor,LogLineProcessor
JDWPProcessor,DeviceListener
JDWPProcessor,Devices
JDWPProcessor,LogEntry
JarSigner,Entry
JarSigner,Entry
JarSigner,Entry
JarSigner,Entry
JarSigner,Entry
JarSigner,SignatureOutputStream
JarSigner,Manifest
KeyStoreManager,Text
KeyStoreManager,Event
KeyStoreManager,MouseEvent
KeyStoreManager,AndroidEditor
KeyStoreManager,AndroidKeyStore
KeyStoreManager,AndroidMode
KeyStoreManager,Keys
Manifest,PApplet
Manifest,XML
Manifest,Sketch
Manifest,Sketch
Manifest,Sketch
Manifest,Sketch
Manifest,Sketch
Manifest,Sketch
Manifest,AndroidBuild
Manifest,AndroidMode
Manifest,AndroidUtil
Manifest,Permissions
Permissions,Text
Permissions,Event
Permissions,KeyEvent
Permissions,MouseEvent
Permissions,Sketch
Permissions,Sketch
Permissions,Sketch
Permissions,Sketch
Permissions,Sketch
Permissions,Sketch
Permissions,AndroidMode
Permissions,Keys
Permissions,Manifest
Permissions,CheckBoxList
Permissions,CellRenderer
CheckBoxList,Font
CheckBoxList,CellRenderer
SDKDownloader,AndroidSDK
SDKDownloader,SDKDownloadTask
SDKDownloader,DownloadTask
SDKDownloader,DownloadTask
SDKUrlHolder,UrlHolder
SDKDownloadTask,Text
SDKDownloadTask,Event
SDKDownloadTask,AndroidBuild
SDKDownloadTask,AndroidMode
SDKDownloadTask,AndroidSDK
SDKDownloadTask,AndroidUtil
SDKDownloadTask,Keys
SDKDownloadTask,SDKDownloader
SDKDownloadTask,SDKUrlHolder
SDKDownloadTask,UrlHolder
SDKDownloadTask,DownloadTask
SDKDownloadTask,DownloadTask
SysImageDownloader,DownloadTask
SysImageDownloader,DownloadTask
DownloadTask,PApplet
DownloadTask,Text
DownloadTask,Event
DownloadTask,AndroidBuild
DownloadTask,AndroidMode
DownloadTask,AndroidSDK
DownloadTask,AndroidUtil
DownloadTask,AVD
DownloadTask,Keys
DownloadTask,SysImageDownloader
DownloadTask,UrlHolder
SDKUpdater,Text
SDKUpdater,Table
SDKUpdater,Event
SDKUpdater,DownloadTask
SDKUpdater,QueryTask
SDKUpdater,DownloadTask
QueryTask,Table
DownloadTask,Text
DownloadTask,SDKUpdater
DownloadTask,QueryTask
DownloadTask,CustomSettings
CustomSettings,Text
CustomSettings,Table
CustomSettings,Event
CustomSettings,KeyEvent
CustomSettings,Keys
CustomSettings,DownloadTask
CustomSettings,DownloadTask
