AbstractAndroidMojo,AndroidSdk
AbstractAndroidMojo,Platform
AbstractAndroidMojo,CommandExecutor
AbstractAndroidMojo,Factory
AbstractAndroidMojo,DeviceCallback
AbstractAndroidMojo,ExecutionException
AbstractAndroidMojo,AetherHelper
AbstractAndroidMojo,AndroidExtension
AbstractAndroidMojo,DeviceHelper
AbstractAndroidMojo,Emulator
AbstractAndroidMojo,Manifest
AbstractAndroidMojo,Sdk
AbstractEmulatorMojo,AbstractAndroidMojo
AbstractEmulatorMojo,AndroidSdk
AbstractEmulatorMojo,CommandExecutor
AbstractEmulatorMojo,Factory
AbstractEmulatorMojo,ExecutionException
AbstractEmulatorMojo,DeviceHelper
AbstractEmulatorMojo,Emulator
AbstractEmulatorMojo,Sdk
AbstractInstrumentationMojo,AbstractAndroidMojo
AbstractInstrumentationMojo,AndroidTestRunListener
AbstractInstrumentationMojo,DeviceCallback
AbstractInstrumentationMojo,ExecutionException
AbstractInstrumentationMojo,AndroidTestFinder
AbstractInstrumentationMojo,Manifest
AbstractInstrumentationMojo,Test
AndroidTestRunListener,Factory
AndroidTestRunListener,DeviceHelper
AbstractZipalignMojo,AbstractAndroidMojo
AbstractZipalignMojo,AndroidSdk
AbstractZipalignMojo,CommandExecutor
AbstractZipalignMojo,Factory
AbstractZipalignMojo,ExecutionException
AbstractZipalignMojo,Sdk
AbstractZipalignMojo,Zipalign
AbstractZipalignMojo,ZipalignMojo
AndroidNdk,InvalidNdkException
AndroidNdk,Ndk
AndroidNdk,NdkBuildMojo
AndroidSdk,AbstractAndroidMojo
AndroidSdk,Sdk
Platform,AndroidSdk
Platform,ExecutionException
Platform,InvalidSdkException
Platform,Sdk
Factory,CommandExecutor
Factory,ErrorStreamConsumer
Factory,StreamConsumerImpl
Factory,ExecutionException
DeviceCallback,ExecutionException
AndroidTestFinder,ExecutionException
AndroidTestFinder,DecendantFinder
AetherHelper,ExecutionException
Sdk,Platform
GenerateSourcesMojo,AbstractAndroidMojo
GenerateSourcesMojo,AndroidSdk
GenerateSourcesMojo,CommandExecutor
GenerateSourcesMojo,Factory
GenerateSourcesMojo,ExecutionException
GenerateSourcesMojo,AetherHelper
GenerateSourcesMojo,Manifest
GenerateSourcesMojo,Sdk
UnpackMojo,AbstractAndroidMojo
UnpackMojo,CommandExecutor
UnpackMojo,Factory
UnpackMojo,ExecutionException
NdkBuildMojo,AbstractAndroidMojo
NdkBuildMojo,AndroidNdk
NdkBuildMojo,CommandExecutor
NdkBuildMojo,Factory
NdkBuildMojo,ExecutionException
NdkBuildMojo,Ndk
DexMojo,AbstractAndroidMojo
DexMojo,AndroidSdk
DexMojo,CommandExecutor
DexMojo,Factory
DexMojo,ExecutionException
DexMojo,Sdk
ApkBuilder,ExecutionException
ApklibMojo,AbstractAndroidMojo
ApklibMojo,AndroidSdk
ApklibMojo,CommandExecutor
ApklibMojo,Factory
ApklibMojo,ExecutionException
ApklibMojo,Sdk
ApkMojo,AbstractAndroidMojo
ApkMojo,AndroidSdk
ApkMojo,AndroidSigner
ApkMojo,CommandExecutor
ApkMojo,Factory
ApkMojo,ExecutionException
ApkMojo,AetherHelper
ApkMojo,Sdk
ApkMojo,Sign
ApkMojo,ApkBuilder
InternalPreIntegrationTestMojo,AbstractInstrumentationMojo
InternalPreIntegrationTestMojo,ExecutionException
InternalPreIntegrationTestMojo,Test
InternalIntegrationTestMojo,AbstractInstrumentationMojo
InternalIntegrationTestMojo,ExecutionException
InternalIntegrationTestMojo,Test
DeployDependenciesMojo,AbstractAndroidMojo
DeployDependenciesMojo,ExecutionException
DeployMojo,AbstractAndroidMojo
DeployMojo,ExecutionException
EmulatorStartMojo,AbstractEmulatorMojo
EmulatorStartMojo,ExecutionException
EmulatorStartMojo,Emulator
EmulatorStopAllMojo,AbstractEmulatorMojo
EmulatorStopAllMojo,ExecutionException
EmulatorStopMojo,AbstractEmulatorMojo
EmulatorStopMojo,ExecutionException
EmulatorStopMojo,Emulator
InstrumentMojo,AbstractInstrumentationMojo
InstrumentMojo,ExecutionException
ManifestUpdateMojo,AbstractAndroidMojo
ManifestUpdateMojo,Factory
ManifestUpdateMojo,ExecutionException
ManifestUpdateMojo,AndroidExtension
ManifestUpdateMojo,Manifest
PullMojo,AbstractAndroidMojo
PullMojo,DeviceCallback
PullMojo,ExecutionException
PullMojo,LogSyncProgressMonitor
PushMojo,AbstractAndroidMojo
PushMojo,DeviceCallback
PushMojo,ExecutionException
PushMojo,LogSyncProgressMonitor
RedeployMojo,AbstractAndroidMojo
RedeployMojo,ExecutionException
RedeployMojo,Manifest
RunMojo,AbstractAndroidMojo
RunMojo,Run
LauncherInfo,Factory
LauncherInfo,DeviceCallback
LauncherInfo,ExecutionException
LauncherInfo,ActivityNotFoundException
UndeployMojo,AbstractAndroidMojo
UndeployMojo,ExecutionException
UndeployMojo,Manifest
ZipalignMojo,AbstractZipalignMojo
ZipalignMojo,ExecutionException
AbstractAndroidMojoTest,AbstractAndroidMojo
AbstractAndroidMojoTest,AndroidSdk
AbstractAndroidMojoTest,ExecutionException
AbstractAndroidMojoTest,Manifest
AbstractAndroidMojoTest,Sdk
AbstractAndroidMojoTest,Test
AbstractAndroidMojoTest,DefaultTestAndroidMojo
AbstractAndroidMojoTest,EmptyAndroidMojo
AbstractAndroidMojoTest,SdkTestSupport
DefaultTestAndroidMojo,AbstractAndroidMojo
DefaultTestAndroidMojo,AndroidSdk
DefaultTestAndroidMojo,ExecutionException
DefaultTestAndroidMojo,Sdk
DefaultTestAndroidMojo,SdkTestSupport
EmptyAndroidMojo,AbstractAndroidMojo
EmptyAndroidMojo,ExecutionException
AbstractAndroidMojoTestCase,AbstractAndroidMojo
AbstractAndroidMojoTestCase,MojoProjectStub
AbstractEmulatorMojoTest,AbstractEmulatorMojo
AbstractEmulatorMojoTest,ExecutionException
AbstractEmulatorMojoTest,Emulator
AbstractEmulatorMojoTest,Test
AbstractEmulatorMojoTest,mockAbstractEmulatorMojo
mockAbstractEmulatorMojo,AbstractEmulatorMojo
mockAbstractEmulatorMojo,ExecutionException
AndroidSdkTest,AndroidSdk
AndroidSdkTest,Platform
AndroidSdkTest,InvalidSdkException
AndroidSdkTest,Sdk
AndroidSdkTest,Test
AndroidSdkTest,SdkTestSupport
SdkTestSupport,AndroidSdk
SdkTestSupport,Sdk
AndroidTestFinderTest,ExecutionException
AndroidTestFinderTest,AndroidTestFinder
AndroidTestFinderTest,Test
NoTestClassA,TestClassA
NoTestClassB,TestClassB
ManifestUpdateMojoTest,Manifest
ManifestUpdateMojoTest,Test
ManifestUpdateMojoTest,ManifestUpdateMojo
